-0.4647263211909595	-0.2985934493560591	-0.7930622931200398
-0.15792237909107332	0.17088156130869112	-0.05167433063581911
-0.09059162714179575	0.20267962252674931	-0.013434165351331686
0.13282376349158445	0.15229311838219756	-0.29777152055019523
-0.2500719562178271	-0.2069356957620662	-0.5490349400247644
-0.06346702224487	0.2215368924943047	0.44726020965291363
0.023004464894513556	0.1503431419839906	0.4743130862200204
0.10004886513645629	-0.23062206064191504	0.18211436498631636
0.13179881181101707	-0.22506563443514185	0.06007997792098943
-0.1079945536258024	-0.05601689655825127	-0.2503664820486449
-0.09803140926218391	-0.05673162639298635	-0.2235692827406411
-0.6147275495526118	0.07595743833973852	-0.7421268227162708
0.06176565429344254	-0.8073411596110296	-0.2916855890476913
0.06005011221011759	-0.7577665959330647	-0.28705899811894364
-0.4449336459715992	0.15566813989231013	-0.8261389155724497
-0.11379768031399116	0.20065571871913784	0.07110636048132182
-0.5241378674154122	-0.2765522410627005	0.8005701241255812
-0.5229905982222091	-0.26218219114025515	0.7705131921137652
0.048454629936293285	-0.21600551729373932	0.2472153277992046
0.7844031746327352	0.46772022778343114	-0.29468830032961874
0.16311205332863432	-0.9238741964348508	-0.12439557307416403
-0.003965900253900344	0.26945698196236756	0.42404217948772666
0.38128020634860194	0.09556208549420941	-0.8788300662295528
-0.7517118814237667	-0.5787728108350824	0.13568093323028138
0.31007626444302433	-0.6866650711609078	0.30267478736214143
-0.44329246960499397	-0.45331355547127966	0.1808875458759172
-0.6716208078898867	-0.3204438776673137	0.44813978436528223
-0.6055856299518478	-0.4475572687663232	0.20135437246228158
0.8767087268001785	-0.09725048320292269	-0.3570762930007503
0.45072020942038504	-0.5250868637684754	0.2886776397709476
-0.020093468794315963	0.16413250372922258	0.46679386827437785
0.708021840911691	-0.07001660909205318	-0.30373894460821294
0.09616842375586233	0.12761197172269978	0.9827723194902853
0.09722233265920584	0.09163881227438876	0.7667286073346633
-0.058575379891149915	0.2893370882534302	0.9497610338825954
-0.0619971616977298	0.25579454219722525	0.7697327405664226
-0.34658485669046823	0.7004466040949783	-0.480744612862543
-0.09124654145854463	0.23720087291597808	0.38528400847399014
-0.5212644916823416	0.6793912728354203	0.020505927534403653
-0.2549507718285933	0.2375688051328536	-0.027528033007235057
-0.43339207781653794	0.7041265493463333	-0.4537894398090374
-0.3624147621805077	0.7117059829289447	-0.5187942442294493
0.659974396552659	-0.3787512425086092	0.6386886670728484
0.5223119552224101	-0.2815729516622379	0.47689652995192583
-0.025031672475108634	0.16232026753913406	0.3298747232482251
0.4645203030359471	-0.5097698987801613	0.40124798578635335
0.12135058063308166	0.5685506982589563	-0.7910127514901794
-0.035669505734983294	0.21664455936152235	0.39059499560423067
0.1927921603220843	0.236496054627786	-0.47298871587885766
-0.22887948769185928	0.32412630222761085	-0.032712647469984854
-0.9492971004293334	-0.0734402692564929	0.28589715931871856
-0.7521715105250064	-0.06313310575400735	0.23069416834600337
0.10253180527844916	-0.7766761536959949	-0.5355420549813406
-0.019110071404871098	-0.830768390157365	-0.4284529704067317
0.17512878792446557	0.6095743660945592	0.7258779002999123
0.5362600628422277	0.07805603897329533	-0.8371153526690411
0.5354863844515463	0.7651631469711945	-0.19272780545074006
0.5329417204155054	0.14008518494313466	-0.7969491566174897
0.5340329229507143	0.7334199629305979	-0.3111962296356845
0.5052638993078875	0.07790846845298251	-0.8376450220135653
-0.4004561202543563	0.15556787653097584	-0.8494713096847963
-0.13969674402704976	-0.6144422348706674	0.5075812050247808
-0.10049135304265155	-0.5483066540106288	0.445539487539445
-0.032993909369073544	0.1950119427052408	-0.07550178944548497
-0.06449758542752251	0.20037201981238947	0.3766414124839962
0.7654285035167807	-0.38524914228451257	-0.5031317587477336
0.8197009738239208	-0.32646945678049905	-0.41855315588331726
0.7505014896756939	-0.3989809502107407	-0.46690845529014624
0.08895742754443058	-0.8752300201367905	-0.35743399609053933
0.7540840510580374	-0.3023483120577787	-0.5243625071178238
0.18970845901437403	-0.8281152057976396	-0.4045444550016953
0.7862293426645375	-0.35396816375334694	-0.4605435013751441
0.8055400645679399	-0.3526225929888333	-0.3855076901754239
0.7201887497171839	-0.43074175296355616	-0.4636500625679962
0.42390643516925663	-0.8234212819426552	-0.15554207089556601
0.6530946960746042	-0.4798341962523952	-0.5170446507922604
0.7915958514980478	-0.14136810236356356	-0.5311899288199389
0.2400481785803131	-0.7019815556108909	-0.6138529673951224
0.16629296374667998	-0.8036183240536792	-0.46625743076883364
0.8477350271284674	-0.01997864042147008	-0.44919773199901963
-0.18650554664637328	0.24534279184826685	-0.0009823916221935857
0.7342995274467129	-0.25231693156619145	-0.574916594654617
0.13948699392653213	-0.3944752492472489	-0.8329975313616811
-0.007169076353169773	0.12111966798814063	0.4072466883403588
0.11643951625730299	-0.3197997509170834	-0.6986474074220863
0.10910534903797103	-0.23640754555503538	-0.3395276403379719
0.6421162885264311	-0.2518079961947365	-0.6734236696703894
0.1942305600258366	-0.2722624308881839	-0.3016478005506556
-0.013693310969811402	0.15868250101446085	0.37558248194706906
0.04305774721033962	0.3296868472086099	-0.9240700334632798
0.1458246380324204	0.18486083263191344	-0.6525060473747951
-0.032324873840924216	0.8505563373345443	-0.4584493963088108
0.025404834301834975	0.2937407422872603	-0.3824856641321363
0.29083171927488166	0.9091003016905805	0.2074111954518451
0.12589853708696275	0.5176416466119798	0.3562087689950359
-0.04916925512340458	0.9188738023656225	-0.30274244868909794
0.1387194045404969	0.03184723068420621	-0.3551100630290061
-0.015378730241092407	0.2246288476727323	0.44479938088002663
-0.11212918313043127	0.6523371778187609	0.5819368456336151
0.8131683641093433	-0.3249713764723219	-0.4124209820523928
0.7185281779142346	-0.33007169360070493	-0.40009706292504577
0.5991114290794802	-0.2582398006974006	-0.36369034090463004
0.6660573908886422	-0.2817059326668083	-0.30137954973062814
-0.838242783103306	0.2898072442126543	-0.3835875944936794
-0.09331293826827002	0.2093946600293265	0.46317913588340315
-0.8212096187547132	0.29611784946330394	-0.3742010075819012
-0.5719737512570822	-0.7525051957177051	-0.2057180340894666
-0.3189818917775059	-0.4305922560826372	-0.020784956896797303
-0.05167678545457985	0.11133250792716788	0.3987044213995599
0.5047630769493233	0.02763404803063205	0.7010472404246123
0.4764806050930414	-0.5244707738430961	0.47226653782152045
0.3634897845527283	0.38703430446858167	-0.8127934789366942
-0.28399452195156316	-0.29239285528076475	-0.8356888183542606
0.3466246202221866	0.4121134450794644	-0.7930698222729158
0.26799437407298854	0.1989076738710864	-0.564987554867704
-0.6700032908003563	0.5402234762624641	-0.4305032133773465
-0.04710390922183254	0.15418624266513575	0.4937339473291151
-0.8456189958798331	0.1282441297157744	0.5081455814214394
-0.07050290955738828	0.19020654141505206	0.4917823993601778
-0.7654695451226677	0.4209651171524701	0.3787253592988873
-0.2757294978240681	-0.8789308274096429	-0.15830342735604863
-0.04444931641021261	0.08424169032318568	0.4309917979237659
0.3688844276264609	0.7493977645879302	0.477736221764392
0.2478990325384988	0.38274513167240587	0.16385522901305669
0.2262344223424654	0.569435401990379	0.4242413784274351
-0.048644368685208314	-0.6979048779856393	0.7079200325325395
0.37009968391660547	-0.665720670913689	0.4914653307413842
-0.024193495018825666	-0.4989156933418365	0.5896553259179722
-0.20589136016056697	-0.5084417633618963	0.5182459982645343
-0.22841675785812038	-0.14475723455166048	-0.9231185134906998
-0.04199411818250396	0.1906032039851442	0.4496346332890945
0.37145064893810037	-0.3330324245436302	-0.5507895151401684
0.09336652393694918	-0.4460749915506547	-0.8691888909608596
-0.13743819222068063	-0.778568362369403	0.45582728975192705
0.05976306151460433	-0.513036232409915	-0.7913965494174469
0.11102299069405201	-0.45944902002414506	-0.8183522840295201
0.0065132560056315805	-0.425505406993773	-0.8442608230802205
0.06205755971569046	-0.4674713456989978	-0.8156079360890837
0.10507843734347708	-0.27559408858535606	-0.8913794397906906
0.1232391016612565	-0.5802050111441649	-0.705586272954921
-0.05848968811429917	-0.5409404513820295	-0.7697381873201322
0.0583273683846464	-0.37599123164524184	-0.8694360659294352
0.11643033110212626	-0.09849259404428479	-0.36102138450478205
0.06874597288063714	-0.5679831654721237	-0.7355936325740454
0.12218448932194485	-0.49717462582218586	-0.7795099401956507
0.11181825500777859	-0.5350752636417063	-0.7297396484927992
0.0313916278646563	0.7435738564583902	-0.6065835188689276
0.4229117350658046	0.7702291893669236	-0.4115215190330217
-0.15618417166268145	0.7710176605925704	-0.5776809017437784
0.10267314362525974	0.7962858193390183	-0.549624451767282
0.02580269025373732	0.5168843802468637	-0.5035370526975855
0.5222977446025853	-0.12833912821700616	-0.07806905064360714
-0.2748427573503246	0.04992573736263276	-0.9001613175038181
-0.2782967276717071	0.9159516058856296	-0.04883516322379087
-0.1522728972689562	0.6447976233685582	-0.6907649143173065
-0.03643222499987624	0.6457658141183958	-0.7272815345002188
0.07787215418874098	-0.1262306955765269	0.9458239202008127
0.1912721352781223	-0.004247825663909139	0.947761637876307
-0.06323998239762696	0.9651352743185196	-0.03312747158250742
-0.8497918990352844	0.2551610867953035	0.3697941762276015
0.08351246259970954	0.45874980121261555	-0.48820076196478057
0.08210043142733188	0.9430348569185178	-0.16473025426886054
-0.7530786228539894	-0.3074285150476999	0.505725374163096
-0.21056681575880454	0.5653215987385287	-0.7428998922784038
0.12316588730179417	0.6710148992546201	-0.6950030654003728
-0.6758353080825462	-0.5676239137625934	-0.3893719584623211
-0.25113734942174837	0.8334332222254129	-0.43229513687551885
0.22002147281139242	0.6325180617849051	-0.7013413539077057
-0.851841755029123	0.45377318240928777	0.025296196676291773
-0.3407620872380521	0.8278924440525007	-0.28040603430740335
0.3027431915366341	-0.43378207408139313	-0.7877136982115349
-0.7377032481677844	-0.08526604002152402	0.5939739524492468
-0.25592685122764475	0.9340706329594941	0.07004210822679183
0.04622590148135857	0.6958793957307001	-0.6802417714689081
-0.16852951439688793	0.8748189625730673	-0.3804264288790935
-0.732696273255896	-0.24852440936759107	0.5598730034029504
-0.07137357929985723	0.720364597854954	-0.6498133980578771
0.31209244781860784	0.552560944585326	-0.7211155408678402
-0.362433071617225	0.8416095176461507	-0.2807366275541927
0.3791220830615351	0.7522210707265804	-0.4484154658822481
-0.521117027231422	0.7045673696457838	0.3857542136758083
0.1257403114093056	0.7410948535210078	-0.6253126838533085
-0.07615300392597493	0.5193996914534343	-0.7991444614536297
-0.29748653077165604	0.6044195142295298	-0.6838840693624506
0.07213370463345763	0.8614469163044586	-0.4283874977637061
0.305697749611008	0.8721117611981258	-0.3166704632160785
0.21707592891874852	0.3960046278723492	-0.8601587738484574
0.11410759973608099	0.9151618208726251	-0.285984459877559
0.594582496873829	0.18942701476148133	0.5950456772623944
-0.8343153622934435	0.44062504675896547	0.20618108241015862
0.18869419815005375	0.8044518409391037	-0.5051328817476602
-0.07378910962876427	0.5106288454915441	-0.7900706077819813
0.05482609025745084	0.572469006246539	-0.48391169369434817
0.2275944137234189	0.7300814350439394	-0.6030513313343828
-0.0816939694636606	0.7986132853957081	-0.5417920099627206
-0.35007583235775586	0.4541988423905986	-0.7595491049421742
0.08543283584994453	0.42488832290922135	-0.5083945029011319
0.10792424271849557	0.9154272782927557	-0.03408156432479829
-0.11674368642088907	0.2596023573136067	-0.9364160856173508
-0.4780313567852113	0.5480155466579232	0.681750582085712
-0.48762643254716315	0.5400393348167678	0.643478102397061
-0.9193120525112566	0.19320678325890966	-0.2828088324660053
-0.8901986183838704	0.26980412526990377	-0.28547926774490867
-0.8883517018471819	-0.04035164140370196	-0.30198615004307144
-0.7267344780563231	0.13140539763019285	-0.2343779650040748
-0.8396897528744666	0.35389455881445775	-0.20753365105186342
-0.7376940007747544	-0.43201144857952656	-0.4423713217270692
-0.9198644831772355	-0.0017053428519344799	-0.3088310989339645
-0.9259678679636177	0.13941602905891795	0.17020006571577176
-0.9566761128373129	0.03929363089583869	-0.08102742195704159
-0.9399927459578484	0.19704242165362168	-0.13053296789256516
-0.9346687989187759	0.1123988659988803	-0.18897847949530885
-0.9194263115020174	0.10479444354492576	-0.2993921720189242
-0.450168453930073	-0.26005104170362436	-0.39180440119971904
-0.4045078833851238	-0.6591365562856955	-0.484033572900393
-0.5314277033308678	0.08469097285727492	-0.2539510689010536
-0.7308987515683617	0.13570313838923057	-0.24589410213611526
-0.7454900547176326	0.6122009836645496	-0.04679697375522756
-0.4931826320480399	0.4857173303706635	-0.6779185564132857
-0.280884272740759	-0.005370514609477917	-0.2768860283748943
-0.8394919592036193	0.4551366635860353	-0.1889555637789927
-0.9121205226159306	0.20234616917393627	-0.1471439195876923
-0.502367960773441	-0.6122363942262672	-0.5339834635065115
0.943844800301367	-0.11936604194235091	-0.12268840345697649
0.2420298010814867	0.9584581982697419	0.11754825541744933
-0.029829588348503012	0.9559900174671666	-0.12189113080000419
0.690399586362944	0.535756889731489	0.4040545571026758
-0.026507182630428103	0.1888924522880443	0.46170177827923803
0.16686826914288205	0.07498737837189501	0.16899912352946275
0.5636215727674762	0.40535425986811996	0.2775778924477772
0.5876219017954896	-0.33270979109498044	0.7316164603908282
0.4854353990743864	-0.6120484026254467	0.4717551070183415
-0.03752807362312998	0.1593875046039322	0.425804020878999
-0.48854568072426846	0.722666389463454	-0.43820724337534267
-0.4628136970538822	0.7017603325742285	-0.4332080407125038
0.07878725133904592	0.053635960367982044	-0.40524710506203304
-0.1332848523618679	0.2505786580680892	0.4382922695447547
-0.80714762610124	-0.33656484406195303	0.15929149169420753
-0.23590515868333972	0.01442314994712508	0.42812044475600386
0.39368459585721693	-0.704133612439842	0.41332102030829315
-0.2599464472330013	0.2863382330353167	-0.04209900894825997
0.18193309474092353	-0.8669037364915722	-0.3397318010785253
0.12589011800532737	-0.8364537177005215	-0.3134291580078634
-0.5019654494860482	-0.050745939988487816	-0.8280217946976874
-0.08602499496267803	0.12343531305324923	0.37149232294896556
-0.050143771995535664	0.22725648698044662	0.4007001519406925
-0.5864788358226263	-0.7620978997032534	-0.25231394021187004
-0.5682959278272363	-0.6990916521884498	-0.3400554085118337
-0.4927947230689652	-0.7998113055928057	0.11635982191453163
-0.2501010024074586	-0.5303322941487298	-0.7696516246566847
-0.4695303845220581	-0.8012372349096907	-0.24008602960114783
-0.1922710499485784	-0.644825074142767	-0.6405864503708649
-0.3554635593671222	-0.8081264352594966	0.4505911090863221
-0.1316258295918234	-0.6008697325757114	0.4805812950538515
-0.24337815607708102	-0.6854865265471315	0.44904517795915555
-0.11739954393406364	0.16911600036540753	0.4758126065646358
0.05682220462450773	-0.07987236780675293	0.9024673712712515
0.05572230055343937	-0.08214110951377462	0.8180667214636428
0.5647920417246712	-0.6559623070940435	-0.466614869136998
0.473880310476418	-0.5394885181512692	-0.4057044631519151
-0.15227000836109206	-0.23186342765894408	-0.9291966680516597
0.35061763692996245	-0.8017263978544159	-0.358193806261553
0.46009195966267025	-0.7863008931510258	-0.26526796305282224
0.4597750901371279	-0.5443996084637002	-0.3860285974666553
0.586143317994221	-0.4584485479632348	-0.6245621209648289
0.4820829656647856	-0.5211356468119627	-0.379203404865581
-0.3217820230412848	-0.8918302937581227	-0.06359340462776487
-0.7105849521177754	-0.5924911962354087	-0.173326099118721
0.6180187233680062	-0.6713459339809066	-0.1952089277179523
0.29980024333937577	-0.8162320747233911	-0.3818839604100883
0.6137243410634515	-0.6654579141448596	-0.3547936277813943
0.38741043044816853	-0.7451880514698338	-0.44884197864643893
0.44577167758984537	-0.5145899220568285	-0.38975448763425236
0.5085190420300727	-0.7153500389594166	-0.37153316801097425
0.4838023644850051	-0.06183012502978179	-0.8253757434300476
-0.5925411922511061	0.6695815446731788	-0.24542354256279791
-0.7765931837273665	-0.3751013300593333	0.41308259122303936
0.9013740809939005	-0.28371773753343665	-0.16521106809393868
0.9154876877480169	0.021818020638695368	-0.2613525684771333
-0.3349348031995015	-0.8450253127652706	-0.07951376640446822
0.5132162326905325	-0.7208719951857602	-0.36827102704935843
0.7228403707789718	-0.5658700989254916	-0.25277357769774506
-0.3041889798841702	-0.3411236846959519	-0.8384219937056008
0.3852345253074703	-0.4694447814665819	-0.3569448520811939
0.4417609054092953	-0.4837439025810709	-0.4069677199854789
0.5782011952043972	-0.6504900997704819	-0.3743922557949676
-0.5735541282416634	0.7848681560140974	-0.01966731151735175
0.8870190610821983	0.17330233312371282	-0.30244588048271276
-0.2671135036703211	-0.29175481170201906	-0.8803851833119491
-0.2104609263334999	-0.2571391278424075	-0.8978900158398507
-0.0958917762565264	0.07948815338254939	0.41731888542808354
0.3477940575312091	-0.5423355368124335	0.16921268462865396
0.5335804101154223	-0.7077735067634267	-0.35970655447062144
0.0743194289980986	-0.046438544607341245	-0.9620546138024401
0.09199684908020384	-0.02737514781446517	-0.8157590548741422
0.08106130564002188	-0.03404962614270659	-0.7769169077555415
0.3749820180281621	0.6796199098856948	-0.6225594762031744
0.3995697350790187	0.6529301258602348	-0.6139313278013602
-0.23608296335963455	0.8842049124742816	-0.16869999160023588
0.4674846684502043	0.5543111602359726	-0.6212475129096457
0.2688955625354338	0.1481944503434386	-0.9180856585635053
0.21882633130396062	0.852420639108616	-0.40391449719892447
-0.529340468148932	-0.2277072474482619	-0.8024092582494913
-0.6545449940997312	-0.20735091318067594	-0.6832680005669423
0.3099166567078302	0.01432635938184796	-0.9166861958726426
-0.49813940806836104	-0.1341894352548755	-0.8294857108394452
-0.627386874287315	0.3444332052770941	-0.6019110937661231
-0.6028893755014485	-0.35215872312732394	-0.6688787454888393
-0.6238665007991883	-0.04686622649391874	-0.6975528063104013
-0.596569155883722	0.49086416518003817	-0.5841439404038306
-0.3872122109706718	-0.1408440521920216	-0.8761961059432413
-0.5122040796046463	-0.2904267718683039	-0.7797447331026368
-0.7956748780781587	-0.4665994171339987	0.26462784861771793
-0.4132321842092409	-0.04966871903578108	-0.8754180961022049
-0.5022085310198281	-0.1929064226806734	-0.8229597878192121
-0.5990682093676295	-0.18307010156418085	-0.7511677721186756
-0.220609261579679	0.8535586754575395	0.37841931455957306
-0.21427720070830458	-0.7709387530402978	-0.5056971716897196
-0.35497864838535687	-0.1411845392578547	-0.6262167877090175
-0.9155383756791803	-0.2631145192111965	0.12498288130998592
0.3464330003397613	0.26265556768948334	-0.8671268165912183
0.08236755263939828	-0.22896825389694672	0.16154329544817675
0.33985374283976766	0.20901683877688465	-0.62781624700332
0.07092297591955278	-0.7696765099273699	-0.2952010122041729
-0.2230069566487745	0.12320379676122027	-0.17462286436179889
-0.5628439372583096	0.16846697541458025	-0.770259838429505
-0.055561113590102025	0.17352755024499217	0.41302060514813405
-0.3113132089706062	0.09747854745190983	-0.5519824150848368
0.48036392406065614	-0.5660994044132354	0.3098325267014412
-0.07357347774008204	0.2195473261190557	0.43185357768324373
-0.015265173022340336	0.12526840934936034	0.4171114913319256
0.5107980624772984	-0.6780599305500868	0.3071750005962704
0.7348568881131702	0.5640014203719909	0.2574909379892901
0.5096336768758686	0.3414488748325163	0.06741405822887821
-0.005810180261237284	0.2324190036308684	0.40446312209677543
-0.11194369760117034	-0.5374274087424772	0.46092282708682886
-0.11021220040661907	-0.5551741410519756	0.49657719956665386
0.06237269902005082	-0.08113062330706965	0.8969106970716431
-0.07609267865245008	0.6097147697730236	0.7337605809087518
-0.09316998870539235	0.6279802402687954	0.6343209239181481
-0.4012684967590007	-0.19733386394870245	0.5678202256466537
-0.41115228987874786	-0.14006351479434742	0.6359012792132789
-0.07626925898330207	0.16071244883627925	0.45601465088157456
-0.12095911481674475	-0.5850574043447069	0.473306145047998
0.23618847217386701	0.10422080892337628	-0.7536802477818338
0.05045540549327429	-0.28380697993616866	-0.7439194611484699
0.3060604321608625	-0.301728716833288	0.8963246143075697
0.22826353614167863	-0.20880140718291917	0.7206140283480528
0.22898383062019517	-0.25651118938737627	0.6535480361644275
0.756206857455456	0.5113312976263652	0.3964233333722832
-0.001711987353962027	-0.8957650446579842	-0.2933373169973176
0.8621629622147925	0.20520856476608595	0.3463575051028589
0.8748471747887777	0.2899051571424135	0.23333103527066953
0.6656697752151813	0.6886908634142885	0.06671909492516964
0.9580726388640969	-0.02251593120970795	0.14428940736664353
0.5725779525263618	-0.004112748971130184	0.24984395087644426
0.4897171238907456	-0.4892138863529182	0.39325365302507675
-0.03832596629001858	0.07211005049279287	0.9907919400306527
-0.03290714560983681	0.073555680849155	0.7937290883155756
-0.04427994435708461	0.0805084626629498	0.7982202424328902
-0.1480495903354794	-0.8066917903867012	-0.47183281849006825
-0.16057017493903641	-0.6498392568802814	-0.3874588411970442
-0.016472633137263673	-0.7808383665964428	-0.35004441018778343
0.8816376603815634	-0.08761975689486418	0.39064719046552676
0.4038442672770148	-0.5737603886738233	0.4413118818105636
-0.06043469211639823	0.13611626554151174	0.4228790423424465
0.8313111188795737	0.39132475831295904	0.2527119662163732
0.037435924819460974	0.22317599558804707	0.42518199174391247
0.5183268386110406	0.039463829040631275	0.6103142713782489
-0.8859492693258477	-0.12359066165913864	-0.43988259646096367
-0.8534279330593769	-0.019263882670094573	-0.46448699671131094
-0.8461413820878133	-0.11591776684945976	-0.4723603336125843
0.9007268175950665	0.2022496555203435	-0.17328836735408668
0.5045608744164568	-0.36137306674105585	-0.7464597074800807
0.017341012571676716	0.1766117231405989	0.4467172163360411
0.41338727526013685	-0.6498249774166742	0.30735009002342306
-0.033065010452097386	0.13120650750278076	0.4020992374253131
-0.0612880766335566	0.14104335747230665	0.47163206712199707
0.5701066529629302	-0.07578745460793575	-0.4505426495059759
0.3878884196724092	0.6723736775962383	0.6228056814799826
-0.7779486260605543	0.544343814594441	-0.3084285487992301
-0.7708527532275532	0.5402619179078443	-0.2842329266731725
-0.7251168284004572	0.5973046453241961	-0.2659672088154739
-0.008288622135022697	0.1752653051507633	0.4113303575993596
0.1773367529922685	0.2618628176933861	-0.39527112508294093
0.5607960920198953	-0.688895731758509	0.4470195188849665
0.43799664508939334	-0.6951451223047267	0.3952128295569622
0.2731604294142359	-0.4413864050261416	0.2569491206377834
-0.9140146296685584	0.12354074563167847	0.3798632737006852
-0.6381692166437306	0.722354816197953	0.03272739546900195
0.37836921008106583	-0.565097830936865	0.3342663935836664
0.6726510381294668	0.3904074615637242	0.6205265735605863
0.5380550612096442	0.6932042126324162	0.37353327534158515
0.756182166406715	0.3312472163572503	0.5065937406442639
0.6355022075665551	0.39499782851395754	0.6235964959926837
0.5642274194922855	0.6648882715112259	0.3075787445118017
0.689542471899548	0.40187273842988286	0.5537664559595067
0.7410445879779074	0.2968852423687724	0.4798071139171597
0.6369168026324641	0.2697308836768728	0.6749175330045989
0.5597094456474323	0.4037416260946475	0.6835860075640406
0.5428401432963763	0.38863400406933707	0.6596299974011537
-0.9404141871711146	0.026321031222799822	0.18129438538972362
0.2105497659575474	-0.015413520965099608	-0.2750458528085266
0.45652895756317974	-0.6907859478754811	0.39286273850127273
0.23319973309237718	0.3365038137284302	0.055857028802002114
-0.06364537554100443	0.25064417708296927	0.45458808028708053
0.08112176072028271	0.19486745857655047	-0.277338527935316
0.4528740091871383	-0.6094959856650706	0.13445703505648193
-0.605022478595624	-0.3007792106363768	0.4095522674183242
0.40971186415151595	-0.5180903038305069	0.44706451900107685
-0.3217513474526698	0.07799777474261069	-0.8565109339437288
-0.05201197128291707	0.1549765475253864	0.4524115206136417
0.4293201590691038	0.1262554962509397	-0.6231616415642581
0.07542081674662228	0.5439487755015007	-0.8101748825695171
0.11024240488511503	0.26248101725634565	-0.5892141544912475
-0.15958005127663263	0.9501839700845967	0.25382963737180003
-0.07223580051415467	-0.8658702598492256	-0.38873070947548005
-0.3040444263185441	0.6640963542843553	-0.6311402894454571
0.27853078411682697	-0.6000476670699788	0.5406394033137928
0.2670306779124009	-0.5003974951421657	0.3936613770975745
0.6039977782221517	-0.29714095234103377	-0.736964375395527
-0.11282179522914712	-0.0244503805551466	-0.9466346763689102
-0.10622059754919129	-0.023618068435604524	-0.9661543261934994
-0.058920066600078536	0.20331006428256565	0.46776673436090765
0.6924597524862013	0.052712477695019334	0.25856481834438055
-0.5903194097528941	-0.2958840738237944	0.40162792465485714
0.6962204506128037	0.16953324612709406	0.29951071733483675
0.07399210018887545	-0.519609266577147	-0.8464914848986355
0.3208918241349221	-0.24018072294884016	-0.879775262116922
0.23106823643766264	-0.2562149115255652	-0.8960591440064722
0.2936199925110191	-0.5160943730439388	-0.756239804478099
0.0023110185869943864	0.2017190377261553	0.3788294291946947
-0.1347610122595497	-0.734779028994365	0.6128995776782806
-0.15704409007272993	-0.5345787560191225	0.5273084056421758
0.09312173888977075	-0.6279899641996972	0.4607338502380654
0.2461799744957099	-0.016072370626803778	-0.2810668836076403
-0.27880214059124886	-0.534507820886277	0.47214497858610716
0.08333147916914989	0.43929103293410837	0.8454592558720766
-0.6106495544100395	-0.294356532787866	0.40361292135546073
-0.05561170444787441	0.16725207580629073	0.5366943961090528
0.4340736829102919	-0.25579810958414234	-0.8602295451439887
0.4105526846263372	-0.29273631942512546	-0.8399564537730027
0.5352307272780168	-0.18759703594742017	-0.7938080306719679
0.39048254308289165	-0.538598908960905	-0.68623669995675
0.32145304058684493	-0.6202040777130753	-0.6484216213093561
0.43420754373128795	-0.19911847507956423	-0.853339493795861
-0.004632851897924991	0.1854842852091245	0.5420999111050813
0.07679459242346354	-0.33401600829656813	0.931857536632141
-0.09359589019609944	-0.03825629982127099	0.697826872405629
-0.9062528401362884	0.3319526106410826	0.11697224251054723
-0.8609744594557264	0.37640153448305763	0.21522318386057676
-0.2872524920895396	0.2250012177480668	0.3521754619752549
0.8204358382103087	-0.3274103602601107	-0.4175396763319554
0.8201969559177649	-0.32754780279751766	-0.417557600601871
0.24580905993767377	-0.7035265586639988	-0.6266088247513271
0.10282800726002697	-0.7535283599305934	-0.3412982088154709
-0.7491810620076684	0.24223294754910416	0.6105417292218713
-0.8848941668152224	0.27439004723133276	0.25429584779567993
0.4349563867343167	-0.7859350161384728	0.4272439938463561
0.35325392576709724	-0.6211767232304559	0.3044321555295392
-0.8522914311253184	-0.397176816301758	-0.1738255002406063
0.3669560146261379	-0.6786110226423476	0.4660980312925557
-0.13485972607698107	0.16489731044752465	0.4440418751469596
0.2452564701554799	-0.8841798503485635	-0.24939075172004124
0.14009329069080337	-0.8214576666565818	-0.26797260967063846
0.19340407907559823	-0.6696113016023304	-0.21404363362466663
-0.3472640938234941	0.7421304527425957	0.4811409404244766
-0.13561320831929774	0.16161787322072885	0.3992203981832968
0.4752590860759576	-0.7127209950740178	0.2769816596489135
0.49733017738765883	-0.7411781559210644	0.44111885445882254
0.49469288364645964	-0.7337174239751849	0.44282430262886757
0.3244234384038058	-0.5110446043260302	0.297848407936642
-0.5830793933438961	0.09364411817505155	-0.8004402542717578
-0.6422965067442106	0.20479375793972535	-0.6896501479341794
-0.6074705984289762	-0.4892835121694844	-0.5468217335740925
0.576442888981993	0.0821580604810323	0.7540727344548601
-0.7526870614307428	0.1111723443352136	-0.5864079794415904
-0.6073253105221731	0.024958172496455367	-0.7629313431136561
-0.6814722016613768	0.09963770663845498	-0.685731970210412
-0.0816391584096659	0.20191338828610358	0.44127939912144887
-0.16011392077296557	-0.25517763382656083	0.9498928766761144
0.0069897002700212455	-0.12451889247511384	0.8726763041977951
-0.10904806193321981	-0.4995708143353882	0.5437577217018061
-0.20390979362382158	-0.17183582138815376	0.8816639298847337
-0.1834247433350728	-0.16893931860726227	0.867355721240717
-0.32001919183094235	-0.25803681811648976	0.8597359147382745
-0.21772995753734842	-0.11421698535733141	0.7403802180412109
-0.30583826009869824	-0.2098341421007047	0.663589738391288
-0.6845724465372692	-0.46186081540623497	0.445275039161821
-0.3608624385669572	-0.1875491316452203	0.32694754731443537
-0.5526914662208525	-0.4103941350936525	0.35417063343815036
-0.6761970150406955	-0.40107258115035793	0.44623663826127136
0.30322000375583213	0.12823679373883418	0.9388425023809349
-0.8919519778517849	-0.05128052466595783	0.3490585884597691
0.11371776765638225	-0.8004537221401293	-0.3337599945463957
0.12119831348164077	-0.15651669029843532	0.9750154517655201
0.036262196297052955	0.16224534567926796	0.5426310246974199
0.18209920581750652	-0.04613534121297426	-0.31184567492832227
0.2615708948361269	-0.9478406008528096	-0.1606668014026133
0.25407969052061113	-0.929717045609699	-0.15428848349972143
0.800199080626638	0.1504522036263971	0.49208786779541003
0.6123345429952076	0.12571487680407936	0.39996722964085374
0.6611673926292941	0.08607475848840263	0.40021756704718464
0.45152749114226637	-0.6764827713094747	0.40916569196194014
-0.6800385849169392	-0.21999869255153845	0.6313942066464424
-0.6602353330703771	-0.2821524701678027	0.5162302188769834
-0.24041656271654527	-0.01207891043704678	0.22843156144872256
-0.5652060878494152	0.2894623759882997	0.3244661602208549
-0.10249011780984646	-0.912408568129865	0.11018547995412566
-0.05633044574140416	-0.8099628526826524	0.025127754690078136
0.4189420586497882	-0.6982677578114215	0.3773318752924284
-0.04751435008944963	0.13843794767276413	0.4182355735232245
0.6121281773074988	0.25418250189478186	-0.6969899877572466
0.13235191213828923	-0.01052406648833903	-0.31050594933119186
0.4824394139193934	0.17051416971437572	-0.5608432826632649
-0.4869980261128832	0.8497329875716726	0.18468362366652794
0.0685713860943243	0.12713178060527708	-0.22621331136195835
-0.20015034507990323	0.2268183544155389	0.3986647261415966
-0.7507501597236355	0.26531940678417254	-0.5441443565851394
-0.06244528165942774	0.23185784255206265	0.3276529876737533
0.13933724993067473	0.1381071465387472	-0.24086831264564126
-0.005397071038918004	0.17660359203174028	0.47224755383524264
0.35854529481679664	-0.820933263090265	0.4322518474709299
0.23821728743213685	-0.6152234427404896	0.36950943288559723
0.2545958815230183	-0.6523920999198368	0.3765885944910339
-0.659401047504935	0.23272215620330766	0.6529829006634346
-0.25762907731813056	0.11748398716756553	0.12897166395057105
-0.23961816844041228	0.06312958075079542	0.5972760729156034
0.4264411474069054	0.6495740894562274	0.5706124994964595
0.3177485870192249	0.32291116112725904	0.21285302403330383
-0.03704505090135729	0.1756810818974844	0.4504873462403054
0.5767172587042201	0.03667722831284777	-0.3515211453118687
-0.5168400637346381	-0.7733698160543439	-0.3540874341380439
-0.28383513351785983	-0.8162546672075347	-0.38959496304798985
-0.3581882089172727	-0.5506617822878548	-0.2745687650525687
-0.4627709622463212	0.06127036663167086	0.3632253697580825
-0.14240028180512718	-0.5609781891992619	0.45109726006509765
-0.7411261057232594	-0.048291612191146666	0.26719803817381566
-0.14114972834616277	0.26253975718108136	0.3754649299307948
0.6616652616070023	-0.08216008884589726	0.676087321548601
0.06543286926785581	-0.7778448269947551	-0.28605401539589437
0.5323085953842157	-0.09031155410677875	0.5151485456738336
0.581284575508189	-0.03001193075835599	0.6955346997248093
0.6130633442114611	-0.37841435952762303	0.29601890163186445
-0.029267738199083387	0.17021813108805495	0.38757640363369555
0.5972858443628931	-0.19039216070934178	-0.4031013886422317
-0.09343485341021866	0.14099505404077864	0.43827696195215293
-0.5986630038307369	0.11447188911333475	0.7877836432120353
0.2721218065032579	0.13141135588132033	0.8949698704557524
-0.817487788394241	-0.5150970187657824	0.23727937664580945
-0.5629851893917504	-0.37128934408616265	0.13973274451259113
-0.6210165921630452	-0.3939788598077203	0.24074917210179295
-0.6886187375650386	-0.3934131464752902	0.34179891943220053
0.611188082324576	-0.030084943705912172	0.7334515721421528
0.49374538016495373	-0.028763177259196995	0.5348178295806773
0.48016915788681735	-0.6008369712039089	0.49100191741912613
0.584538377200957	0.768412289116369	0.012152442513787316
0.4795353087085745	0.5621501834162801	-0.02582243069713053
-0.00684188788216945	0.2028772193949901	0.40690551846091205
0.3114231124526034	-0.6198508489316668	0.3789352818540805
0.9093305920802014	0.28701981924709685	-0.08037550196440146
0.7318414759858975	0.217932308336751	-0.08624868575587376
-0.03250733406761313	0.19577044446294448	0.4194284884008884
0.5516269636269382	-0.25840062416143655	-0.7881038154347929
0.5001144199069629	-0.35492797081570354	-0.7366473780420433
0.8160345688058295	-0.4611287072418438	-0.08828993451437166
0.5711971070781272	-0.5025467579877234	-0.07696034234289202
0.6733825251963563	-0.37839990568808135	-0.0881072261682553
-0.035077972482182064	0.23095210048882375	0.546640545615024
0.29392397116863	-0.7609859671301843	0.5657356870375239
0.001497037480986524	-0.5485930649846401	0.4933455576220095
0.10479487355191945	0.29870368137416486	0.4554573044313367
0.04825997244950896	-0.9310052967706234	-0.07268099134078163
0.0537621256448724	-0.8490362428813889	-0.14640602860319907
-0.16087621976951352	0.31188324085824864	-0.9057839261026596
0.07961185260620388	-0.8506096068015367	-0.3287669205152689
-0.1569383399416221	0.13497653889853078	0.3999906103224463
-0.022863807273721823	0.3450249168874204	-0.9363206644046885
-0.04761263895423917	0.37524041143010334	-0.9013555607085219
-0.0328929633734086	0.31835934864076665	-0.9306597880574875
-0.4852454625656377	0.8225486287100437	-0.05344929065560439
-0.18513727185503787	0.43214081266390497	-0.8538133815277695
0.007672019733987935	-0.7734461735798864	-0.2934073551082909
0.4335823233921788	-0.685653365160767	0.41971677859385254
-0.12471948984695014	-0.010511656871866122	0.9865413973907369
0.6652524195681008	-0.6551228825359288	0.0012765824642745104
0.5360846607163338	-0.6765153261797858	0.2614392872336389
0.4749545205279004	-0.6319583009765589	-0.03987743357239104
-0.7589460142821272	-0.5915652301602018	0.13863640381897854
0.3345774652385718	-0.6934915560528393	0.2830122018564312
-0.7616465827347073	-0.5945509039531214	0.14422339343771642
0.034541874655359704	-0.7666904495890337	-0.2667271315510872
-0.09111430741619331	0.16897764501438423	0.4300282618580954
0.16911481176728413	-0.16670018472022438	-0.17682709084965664
-0.12642476127879504	-0.5436389959995337	-0.5270948835366127
-0.13860551164698848	-0.5079889486082143	-0.521325937620381
0.027651599903204673	-0.7311940180075909	-0.3181233443309147
-0.5674965533533004	0.45826077103102913	0.6488303470714806
-0.4296016377743412	0.34855124486029315	0.5654549944632465
0.5065412750070825	0.8257807672308772	0.14753390464069055
0.4021586162120537	0.5801503571544038	0.05884985532650503
-0.47803380063386924	-0.4155695035468398	-0.7333612714807586
-0.09221153296165274	0.23866591718005212	0.5080787756394486
0.06720900476046444	0.6135860841396227	-0.4586314935664995
-0.7881525861560443	-0.28571970477852116	0.30998000674059245
-0.5774652825320844	-0.18123782183607773	0.29304798761256073
-0.6538178057476438	-0.31758530619675196	0.40341611836174357
0.08997660657031814	0.2119802192984649	-0.4974405564740081
0.28228452113692765	0.7263535625462236	0.5697615433874897
0.15119281412582136	0.47101559475921334	0.49931051643816593
0.8882309614861912	-0.21094262224926563	0.007843328302885281
0.10153752714168156	-0.7373439010656431	-0.2516031852396759
0.02944985040827167	-0.8542575144288953	-0.2918710123232955
-0.05278176370285177	-0.7395115190720305	-0.21290862990296397
0.49945581079375684	-0.7811732611928552	0.359874385256272
0.38161388987295164	-0.5608966719185123	0.28221741841935194
0.6373269731403077	0.6604932726254366	-0.3423288004606606
0.4601434474843182	-0.587241383188216	0.3150878979858383
0.22119070038512204	-0.1517258287891953	-0.6597798474166836
0.8501575754748018	-0.06407689778673198	0.5140503131862126
0.5366666511076802	-0.5772934362628455	0.41326305849847766
0.6155447891876823	-0.04427118707547538	0.4581220701048429
-0.2275838600053423	-0.12219719235770961	0.962835420063882
0.08516906134790338	-0.7891811774454122	-0.282315806678807
0.4082603322452166	-0.7583600410583617	0.28787387383608076
0.5843331426799385	0.2644373789302272	0.41684765176500754
0.4890857269279738	0.23452392789838103	0.33962818815450196
0.49780311411398537	0.2937220429621226	0.4965036003921754
0.8909739849810162	0.3190521504064141	0.13758504759558654
0.7234465212564941	0.25405341478590965	0.1042014365734641
0.5340492083436403	0.21326225830435214	0.2521637921830762
0.16953328939966972	0.2010265222319829	-0.9269285855411445
0.2761871790153546	0.02664124965160731	-0.513872102013975
-0.34091597281939473	0.1762081443121536	-0.06466624826854075
-0.027326564182704835	0.18999799514151416	0.41995506800523713
-0.7882081477869527	0.27488086405023116	0.5438743205163438
0.6733169516621146	0.0012203302760925112	-0.6797742888526268
-0.5799819781858366	0.5568028281684477	0.4407168206149676
-0.6643130799617958	0.6829457811870953	0.2022236784811968
-0.8663971131985291	0.41726715640568945	-0.05985457916408527
-0.01616792071864388	0.0039633486387196225	-0.1721533341736769
0.9176219720620594	-0.18734393597418042	0.13483173680168628
0.7260011390811671	-0.1541300231315971	0.075465580798862
0.09942729341493935	-0.7753896340951161	-0.2951329906679655
-0.5833845227643217	0.6097097333517898	-0.48076319579761356
0.22869154987847606	-0.6337774198465229	0.3698009987037369
-0.06682122859013132	0.19794297135699307	0.486847262602621
-0.30421302465738354	-0.01587613943997629	0.9472698931042577
-0.06435336716336895	0.22567203264725083	0.45296774661098466
0.4394353770835171	-0.672673658807597	0.4129959221936888
-0.6084348122902147	-0.3072299942202809	0.4063550746390423
0.346281702010744	0.9128688225595157	0.20516491977506962
-0.13248722660421122	0.9564633394367077	0.02027770289495599
0.2903431171971852	-0.7255214069930046	0.42304279371278275
-0.4706769396307371	-0.43391443058696	-0.2869127951654834
-0.10430765536453236	0.14095842386189458	0.4097004873977387
-0.052831273064116446	-0.9096638822439997	-0.22679702621838294
0.05224691730730231	-0.8037311528148384	-0.2810372054189686
0.09900813460539122	-0.6332869676015169	-0.4493924923130512
0.08321894642743388	-0.77760611703762	-0.3761429270688826
0.06932164512512444	-0.7425102257774069	-0.3207229158313163
0.10430381686722605	-0.3872066567727398	-0.6799113880607026
-0.012496424206153151	-0.0226269109922368	-0.7367448610537649
-0.20608363777552452	0.06271737239353727	-0.0294301919872412
0.026640742817346283	0.0982486564310393	-0.30607386113257573
-0.11508151783297796	0.2508573710687233	0.4061048631191768
0.07546665758556734	0.06769488826576138	-0.33893327675927376
-0.1518845442492724	0.22344142000505976	0.4583163052388943
-0.132714363694104	-0.5864596820703287	0.46339693678773014
-0.6160155458721993	0.021865683512933734	0.7818897667803035
-0.5519092624581392	-0.23576334779269953	0.5073112698966439
-0.4556617909216643	0.06060522181430908	0.6511413283124174
0.4396289019099564	-0.11778353415555934	0.8399229634935624
0.19241742844279872	-0.006346177162142847	0.6974269328127972
-0.8196941677422628	0.037695360019925114	-0.04595954532562575
-0.21311203127076497	0.12602708125729528	0.3700146629818308
0.7963479116325993	0.15805211495486204	0.5780036824983145
-0.5217277285302565	0.7903789920167059	0.14754371131020605
-0.20831230310086762	0.31433010673944084	0.4080512366269023
-0.5092632574519783	0.7316051120612532	0.09147099321928331
0.5483890443398192	-0.36179918939540345	0.7473013568436618
0.3964651816734764	-0.2530901169355358	0.6198240452887682
0.447816137471016	-0.486837158224164	0.5286886828204778
0.22823229606696066	0.5734891265225577	0.7592096741225751
0.1573271540663956	0.4558937644176241	0.651789064793888
0.42781636296448133	-0.7754168383466472	0.45402827277772656
0.18234628060573732	-0.5179810237147383	0.18660896424601828
-0.08514332446741192	0.16088520455900565	0.3430659500809452
-0.5316087570716418	0.22903198771707778	0.7585264960016277
-0.2310475953927122	0.30662599510625255	0.3144133573399304
0.45867942987047466	0.36767786824707605	-0.7788244030377812
-0.7946697303005057	0.5823644126117283	0.14047884359604776
0.17332870846584222	0.026888375043109595	-0.37069071944994675
-0.06267917494017909	0.20461310316724726	0.4485919054020542
0.08356696569216158	-0.9595941181920106	-0.2520013453096072
0.07369924557194901	-0.7258710301008541	-0.19579907174548455
0.08339926237368693	-0.7673951375059466	-0.28774948182836096
0.16316607264313862	0.2641885257828899	0.9081204733271054
0.014096461876941559	0.1465676407451449	0.5099788826056791
-0.10587159575988705	-0.5611542470950234	0.4963100534325542
-0.35396800766256825	-0.3711694090962898	0.8421490986808237
-0.2846902912785068	-0.2045090756862605	0.9020997083946989
0.2575894974816242	-0.769973814732695	-0.49948261439698216
-0.19618377373952323	-0.8952200752557182	-0.25049463182022125
-0.6428174674662103	0.6348375681523578	0.32461297505054815
-0.3667604022258703	-0.8383720102037608	0.1941560517247543
-0.7044735664795281	0.6517249681583961	0.09460712075113746
-0.2993451817302004	-0.44342334300519326	0.8005838533934253
-0.7319802991040641	0.5717392607664042	0.24598533785846458
-0.25925731711564964	-0.2965524380460079	0.6180263811651484
-0.46891486386977116	-0.1845553661197595	0.8090600223120051
-0.4998499039181811	-0.7435680266530357	0.24286229379367666
-0.5985118191982702	-0.5237678542088696	0.5265744008885345
-0.39764119044451834	-0.32649294594835937	0.8165070649576338
-0.44787302937265944	-0.8182720026292604	-0.06560347034033892
-0.14918458076499344	-0.42164768571213745	0.8411559612376284
-0.2711787744840956	-0.5485622928941516	0.7361310126991791
-0.10611122471352581	-0.9355838425982154	-0.03625574742538717
-0.17370714953168934	-0.8982098630374653	0.13303246250414236
-0.2540381255134863	-0.30891420633846367	0.6611668306097536
0.19335828270540628	-0.5001944274369766	0.25649791554825874
-0.29173668860719926	0.5166826991593247	0.29231627354814116
-0.08096927646535573	0.20015387338237128	0.42534662425795594
-0.6237508973657196	-0.4103910091665976	0.6022153578541212
-0.2227466855981737	-0.5427264255980251	0.486624938136823
-0.6886531292928925	-0.3192441257553872	0.44525515553524986
-0.01359938355541727	0.24319223155044714	0.4731477181976329
-0.23820519329516454	-0.6888555210215388	0.6087017267535185
-0.3598659874002767	-0.525400848098866	0.476076196124737
0.053774498023644285	-0.6364514604349762	0.44998307836516493
-0.07605654915914474	0.13206809650753973	0.9663359730572084
0.41428120333699653	-0.6250449002776897	0.49233449708328636
-0.11091428515837318	-0.5201553377050354	0.4975324826593593
-0.10541046783960803	-0.5083979792514542	0.5122854242027632
0.0004124437166962697	0.01691096827543033	0.889785948139109
-0.061248239325898575	0.1333405923012274	0.8156573068599557
0.47983312602941763	-0.7243468381102813	0.4517830533116604
0.4658909816711654	-0.7815655916887428	0.40519177821138447
0.6553441781274032	-0.09677863313687401	-0.7434201443671894
0.4563759971993583	-0.053478841505693674	-0.5429369304740909
-0.04024407590365778	0.17844274271946411	0.4294260962817794
0.49268267403476856	-0.6552925680764201	0.3485729887504886
-0.5737774356968828	0.4806144764970295	0.6577076784715635
-0.048817399537375517	0.20669728228977177	0.44510734440182054
0.014290362360790383	0.08092507163857925	-0.9628186890046622
0.054069518478792176	-0.795565335386336	-0.3264639458890612
-0.2553809004540215	0.2534275974777704	-0.03163789998785138
0.3640950749310429	-0.5621296207347086	0.26357217183108583
-0.18917668245400474	-0.17100004985641876	0.9638825490771781
-0.13407657429849812	-0.08972588127551075	0.7908688551349838
0.21686509698131337	-0.5884675107003008	-0.4118742752206907
0.1463871824179679	-0.4879063676547018	0.14413323542915435
-0.33631449289504817	-0.7689619244395324	-0.4379396008789881
-0.14469695570029384	0.28865174134895066	0.3646247746469665
-0.1007674186181575	-0.5529152332770176	0.45892230658595407
0.23446727036152396	-0.27634078939516926	0.9262067125757798
0.17313695536513157	-0.1831454825597234	0.7602574980383938
0.41003046063325266	0.2844620089710514	0.5084324707723528
0.4880823266104854	-0.7909079644462069	0.35274296944218175
0.5568797114111439	-0.12601611159966913	0.8146677966835881
0.39543112412565934	-0.5590254378316433	0.3727286922872251
0.7839749744507523	0.09229627087419895	-0.5463442230760278
0.619540207205469	0.06424251945196771	-0.45194170846271847
0.07958786831511214	-0.744663566901071	-0.28234664662040826
-0.0382675293494736	-0.7621846203872386	-0.30254964468488404
-0.3309630489322626	-0.28407030231350944	0.012627700394890739
0.03533723916958052	-0.8311165209652638	-0.4765492466796259
-0.012103230992194647	0.19627208880979555	-0.9609418262811197
0.44580245625718956	-0.6730699582611356	0.4028163030836303
-0.12591542044922274	-0.10020450146319765	0.943463737299119
-0.09204126386268743	-0.03008127129417156	0.7597633865871036
0.35094032868646713	-0.5641325083469906	0.4000848358140154
0.8842336033912548	0.4525863169590921	0.08265741510910571
0.8514999454801749	0.479300366679718	0.07095172120993633
0.49969295793549945	0.5705657530414777	0.6417385721214169
0.5229921082721976	0.5443132263886664	0.6036293630258711
0.178408088053259	0.7671028324942709	0.5122911949122579
0.3465293361787645	0.8245536084653183	0.34033576589462405
0.5987305054577365	0.6396086167210079	0.39633672948113474
0.07680738195394032	0.8053766578494087	0.4882849889722922
0.1402957397078035	0.8127357820138045	0.5068762946148613
0.4588889489712696	0.8443165638940571	-0.04615660293633456
0.4921167008190977	0.01975955864336625	0.6771950316443502
-0.07234503125775621	0.17259753766187969	0.38307374325115096
-0.6470967258832544	0.08761017028449618	0.6864958286927271
-0.455066071761688	0.10741023358145994	0.5900778484806944
-0.6633036661710494	-0.3027838019849813	0.4122965364711475
-0.5450313989303114	0.09249835349127467	0.5795926976778185
-0.11945894901130083	0.18010854654032163	0.44657600086245575
0.3987013270934119	-0.24365552111092428	-0.4599783015855432
0.4214916301668127	-0.3351049004535058	-0.4319276208955279
-0.9571167918591729	-0.27437929804844524	0.013356706589308966
-0.9372318592255556	-0.2500540017164805	-0.016377158662484317
-0.18790674243978767	-0.14942388433853862	-0.523227372349261
-0.08594901695034596	0.17265748260668418	0.39858636141261433
-0.6229574244058664	-0.2865855003066365	0.43131078225238884
0.9043742617930357	-0.2979701957562527	0.28526567939861724
0.6861772730642587	-0.22919019199582177	0.259829145109881
-0.06332500057832724	0.6855139432626692	0.5408370604770875
0.4442724473961089	-0.6800905144902815	0.3942842845962335
0.5785277840231297	-0.581126434875828	0.21158562977617887
0.1117437209572976	-0.96771832586035	-0.19686585863162157
0.09953774128732634	-0.7277817374585664	-0.1349629457623471
0.08949504497672543	-0.8595967622194818	-0.2361350931149683
-0.5906712445873045	0.36243410318096875	-0.7151108183022287
0.4783271214967943	0.22745011449368857	-0.8074044859736219
0.3587580405404446	0.1397384785369603	-0.5631282256569483
0.4445671336205863	0.14113036410322732	-0.6604384624083179
-0.15893668489860727	-0.15024836130589664	0.7195505557975884
-0.0463202587132953	0.1722034269717755	0.3920724269264713
-0.13818321681640103	0.14655014733066282	0.4347060025623075
-0.06700681391461524	0.22395928526188175	0.38026404826502536
0.43619515783169094	-0.49057902584604357	0.4184213748842391
0.8399763093377918	-0.24818603588267255	-0.39836766924544986
0.5288797016686948	0.05074558701108561	-0.36430991083063285
0.8207741904844382	-0.2805003514116953	-0.3996233436578825
0.6378524316548921	0.22175779392175102	0.7310054920373122
0.47833875032426204	0.022209825837271626	0.6526668749886951
0.38944057922685726	-0.7957876935804872	0.4500331013899214
-0.38337477377498813	0.14459963983788232	0.9073758232763187
-0.28742399945410324	0.14631043782661265	0.7402600730653487
0.7810941504836313	0.3595650253695544	-0.4416842372253365
-0.0284856564801228	0.21181151172179644	0.44202396961688595
0.6105338422081237	0.2954008311249832	-0.3198681607444294
0.10424704591658504	-0.7678238566841528	-0.30060752370410043
-0.10970606935026678	-0.5582498720726312	0.45138383607474664
0.07251578693704978	-0.7612613080562992	-0.3214775857660975
0.11310084862301656	-0.42102060202266295	-0.6039348312674289
-0.009689905446789384	-0.7052310697940337	-0.3730376508882749
0.4977343397807715	-0.7343927164848637	0.4593825013271983
0.49725173672152645	-0.7363837788270847	0.44712524659019326
0.455872312650427	-0.6946888090840599	0.41612216850207984
0.49628495430370656	-0.7354734799870886	0.4509681186683022
0.48931755313069486	-0.7189934028153349	0.4615201841546376
0.37131362871093826	-0.5435063782767326	0.34881484720426476
-0.3933012447993634	0.42921065601921793	0.38997113358064583
0.07380524882879679	-0.7428530209045067	-0.3203327036795819
0.05162239450105942	-0.46499055184130983	-0.6190061305106169
0.841582757550919	0.38489466310144965	0.36615404470874413
0.31306788119784046	0.07380216076985179	-0.7312605653393481
0.33504376290180093	0.07069282711196939	-0.7451225836734688
-0.021922006261852336	0.1962363367036708	0.4176496172081135
0.3945302930114772	-0.24578767281623012	-0.5906085699715728
0.3776391977803949	0.20432514427322024	0.40454536718971784
-0.6090917722339765	-0.29722075959826905	0.4068670652514719
0.22451806961556287	-0.10445626274271559	-0.5682213247646073
0.3012195720569056	-0.7800245362309609	0.15787752167048907
-0.831773506192571	-0.09589303077517058	0.48386683051280205
0.9384525431334655	-0.185451743729278	-0.11321481678086966
-0.6401261002928472	-0.1195812019009377	0.39842202317920195
0.4128549458932391	-0.7790220705257612	0.46186797429906296
0.3756238061864115	-0.6479061207043613	0.37520581706411127
0.4816315749499229	-0.7550082322150279	0.4324674540270859
0.479293065348973	-0.731736455160501	0.43539217999866875
-0.005722659116377647	0.18250469457753626	0.37143084783687996
0.07787698911231192	-0.7508747052824435	-0.26766303308372486
0.14659698132526275	0.0053449110726772695	-0.35290246013455767
-0.031658039155879586	0.18878770374914694	0.4070476524889859
-0.5330990290063288	0.7592119296391846	0.25187950713290785
0.771541117520503	0.573147086055132	-0.004381344034734988
0.753812065440943	0.5955756957143847	0.014699053026942922
-0.29991784675187455	0.4499507094720389	0.5522782009439555
-0.06935863185059808	0.18593040496179053	0.4737277259863368
-0.025099792158445756	0.23724380341153276	0.48945891052010887
0.7998897337398956	0.2797683272821913	-0.47210187822089356
0.008659672133649593	0.17366645935120792	0.4593114632336751
0.5960127353137952	0.19319221591531452	-0.39204411266533956
0.18639320541897778	-0.7699496342748485	-0.31369571032938215
-0.29384580664772686	0.35706330225669997	0.3853308380145364
-0.5894292596154173	0.6701564687068663	0.1252951205231828
0.14323919506632476	0.3144146165475452	-0.903288790318975
0.14763071488387156	0.17267875415043973	-0.6341977222626533
0.9510369134543996	0.06990234984854299	-0.016515900082845855
0.7554904014729587	0.04774187075603416	-0.051623158315620254
0.6380610316208732	0.6872443969987041	-0.3420335568482251
0.6999534949678633	0.5763040795738696	-0.3401834909708622
-0.07564557285819141	0.9479115625996664	0.14396247140278773
0.23337628686475084	0.9343718576027192	-0.07428803095835329
-0.2235517427667271	-0.5498282932514774	0.13473371525109684
-0.363929949407526	0.5179536870683428	0.7690599090125886
0.22644785673073578	0.484214082627738	0.8096857735196069
0.6033893032785224	0.11993010886152024	-0.7484162610478239
-0.3613181651737271	0.06012895690218017	0.8836159697676897
0.2566520886933643	0.4237119812242615	0.8361414480290799
0.18369633100680854	-0.039276721570589486	-0.4943318103918848
-0.03698391830600207	-0.7610717707313249	-0.5817114989025007
-0.022663248442015334	-0.6536337079479609	-0.48891313094589733
-0.08193003943266772	0.20784703227606613	0.43724292490746514
-0.20918333989267687	-0.2799149140276317	0.634978386852525
-0.1397343824268936	-0.5509423946656945	0.5063456445566995
-0.46730570948822037	0.5823418682201792	0.6603298779947487
-0.34302509607254095	0.45187964787674556	0.5751736559112215
-0.3340355098371875	-0.07010623672711713	0.6825123683015052
-0.10849689445321618	-0.5745455769351943	0.4653775356082161
-0.015282338633595877	0.19848572737929757	0.3883948141262669
-0.3526854787814344	0.8432088049734541	0.28006418651115556
-0.230459284014849	0.573934714798459	0.36689792976235314
0.42729989401953544	-0.6834989685654809	0.40340809083705753
-0.1185024964380254	-0.1353760691010016	-0.6615938495411943
-0.6072152920231052	-0.2840046181450483	0.3993000918553055
-0.022019000256968718	0.1906865275115212	0.4186917707820612
-0.6949889991990092	-0.1687525462446095	0.1583342085518082
-0.19955099418945196	-0.5396397847526284	0.43246657776620107
0.38699843538382384	-0.213209144729715	0.8913573344835881
0.3959110815064315	0.060618968843291106	-0.6383519444917959
0.08573381255115027	-0.7436367776727332	-0.29689784653694323
0.09731397540893746	-0.29985078939549437	-0.6049747290810829
-0.16120990986342038	0.6583106202072007	0.3838163197668824
0.4665934977735012	-0.6319230517571711	0.47522000916924106
0.21449158533513857	0.323348226562865	-0.5247498218261791
-0.07304276448960213	0.16071366619704702	0.4157625095436601
-0.05734944157520433	0.1911917977863787	0.41194019299616835
0.30584923998923214	-0.5685262809462461	0.4162846895570684
0.9488736799775327	-0.18799271548525248	-0.10615636571891485
0.9460738932977597	-0.18695873241059255	-0.11218299224843484
0.03839326057509221	0.14897701502494323	0.3926633100040667
0.9451172352229028	-0.18634901299726203	-0.11307799995696415
-0.3788625369201376	-0.597984819841942	-0.7020209974461527
-0.36504543338918977	-0.5705509091265449	-0.7131581144193875
-0.35751145826295816	-0.5586747565127436	-0.6896774487703073
-0.07700578824288289	0.140357787346848	0.41944181167875483
-0.4477354190704716	-0.08139009924819281	-0.5631316557181226
-0.2783793925151593	0.28001963871637686	-0.8838805410006421
-0.025445913639256964	-0.5571692968120573	0.44243904531510986
-0.388785062817163	0.42840567316613903	0.7781771009585751
-0.007468336870612523	-3.2493029489606045e-05	-0.2587271266574289
0.0707046259593709	-0.7549753507110237	-0.2758113115554796
0.4498032885446539	0.8562071712862513	0.11363875952484115
0.3174959651140069	0.5861297868770556	0.0030749850657788473
0.4366698323761632	0.8412092439602961	0.1877357348638707
-0.030333566471485596	0.27835997551887526	-0.44198523198164075
0.24602092313416385	0.01433025944068664	-0.7324885900298334
-0.00664382376295552	0.16186521870002046	0.4359684968567994
-0.6047373113974316	-0.7724967529574659	0.15794879083802996
-0.1373414154537094	-0.8735747402555204	-0.3409355264554431
0.5018351643134927	-0.7400675907694996	0.44438103763521664
0.487542143017226	-0.7273476650018126	0.43850521581221497
0.6323195602134731	-0.25836029000641375	-0.3217212563797173
0.8134358483245777	-0.3418546491258734	-0.39587171324335846
-0.5172880344384667	0.2874479876612452	0.2196420581001274
-0.11693716204284248	-0.6010635724505117	0.48435514664331936
0.9756517729640019	-0.03699418969869037	0.1753712529604023
0.9426561910624801	0.01465153016952376	0.21665375483673982
0.7107773277883974	-0.03636956178551611	0.08732943548072636
0.7258047649548174	-0.03980114843674827	0.10447307941007367
-0.5255208396353384	-0.5083656327812932	0.6722860655420294
0.08568969446523757	-0.6118579398127421	0.43383183523052765
0.4184450218891663	0.18039908237455676	0.8857816789171138
0.3026120971011779	0.07573969052299549	0.5953192060274871
-0.04379246010609712	0.2112475812462153	0.554976428659267
0.4956377027806053	-0.46632341946851236	0.7265305063541151
0.4552671705532523	-0.11196980950038964	0.8104369965849718
0.4922136463626087	-0.08358498225572503	0.8189140316254022
0.4630108102183076	-0.5590875559926144	0.5630820135174208
0.3810014487203936	-0.34716570950138026	0.6034174892989326
0.38886238408538565	-0.35018191479505306	0.5563762203503378
0.4384762227660622	-0.6933671077353516	0.40483418744176963
-0.06478367796522903	0.1694285476445364	0.41794133609172257
0.4489139693809931	-0.6822320303630939	0.3829622844064113
0.04669029554819657	-0.7380869667084962	-0.27886351079520133
0.06286082654328903	0.9811229768021501	0.14388583343681755
0.6614221410175531	-0.6006114067510233	0.18306034277057703
0.1011312549577609	0.962035687039876	0.11638386131040954
0.6069414821649535	0.5755467831354902	-0.4849019654076725
-0.30083693246833526	0.8973329805765097	0.15900948102225196
0.7900952551334662	-0.17965221325383912	0.5767592840989351
0.6176206244679558	-0.1428042222678429	0.4221309272703674
0.7901641472557936	0.30341837749039824	-0.5115558782540847
0.7327299714624267	0.13160163029933872	-0.6034127495010172
0.6696430520879687	0.3746996790110309	-0.5936521962882892
0.5980071603078077	0.2098321585294378	-0.4098455554444925
0.8317676148092615	0.3601292682885121	-0.31934943439385954
0.6208637015463424	-0.36699497022133837	-0.62719090383217
0.7756029360047855	0.24169793885312893	-0.5345509621440352
0.7313676091861804	0.3899290572602336	-0.5123804511962106
0.45025733336074203	-0.5804455200010973	-0.604636864651563
0.7127821097834371	0.24743138206041465	-0.6030553824338762
0.7343440158959004	-0.04673642893172501	-0.609471180646521
-0.5347089257887535	0.5127391801515593	0.3958259380310655
-0.34619852309422705	0.5575584497631858	0.4978533921998042
0.2912489532911784	0.9032714803923805	-0.19792117997002928
0.33390762502280735	0.8719906492285132	-0.13804846887087222
-0.04744781206036902	0.23332436082107005	0.41073400783957115
-0.20743160737460398	-0.0707449368716724	0.691184404761856
-0.24832103737946434	-0.18901403006337114	0.8908272572727239
0.3883084152647441	0.0159753272719852	0.7474186839282382
0.3128438274228499	-0.7979255225380165	0.5010548523529754
0.5425784777272822	0.652481036481626	0.494751881780247
0.2642527821660011	0.4038337476176735	0.4185174437370558
0.8959046608063085	-0.08635177082669226	0.4224696445030474
0.8536497677960816	-0.38894556224524823	0.029413365715335614
-0.792787015406928	-0.46510563047724723	0.38056280834756445
-0.5438171056177578	-0.32687578917251486	0.3345244063419736
-0.7062947624347498	-0.3848339478651976	0.4043131940799899
-0.5643292162494229	-0.35452844798981004	0.2831052905472502
0.776456617923422	0.5477721746329055	-0.03619617554484083
-0.6100579629599626	-0.29992075232271215	0.389154809668588
-0.0006539104683739409	0.19020003472017943	0.43892487524829293
-0.16317626788271075	-0.4490047618032965	-0.8330452531421433
-0.890356537975647	0.14931053505477604	0.3498942755442246
-0.49390277026322704	0.313063356514123	0.11621466937643217
-0.6794120316218716	-0.7260969318216437	-0.0015812730229494147
-0.6563515131984168	0.6987025332225576	-0.10087247320777479
-0.716495119561604	-0.6425069887915281	-0.019993697843844544
0.4544072159705334	-0.6673081295527751	0.3640477368342825
0.6816108829362046	-0.3157550707450724	0.0036714712722839965
0.5069318954051881	-0.5218438600600036	-0.012576295280781028
0.006645061804417507	0.19639753065147972	0.37106897984021325
0.20574855634112335	0.4050712102003011	-0.4358739361224709
-0.10858230952910898	-0.5863657280812811	0.47496695191443394
-0.07025333607296783	0.18871713362600223	0.4459513526096588
-0.34761367538145177	0.31444494003276574	0.37106092619704006
-0.11533650063014297	-0.5799623251635765	0.48148235074721246
-0.14738955931254208	0.12774993317870903	0.39761737071495834
-0.17362556706662222	0.6726746100012231	0.6753623830673838
-0.14125428053137992	0.5299342265591654	0.5846477198335498
-0.15168038560472383	0.6826622708118608	0.6382583050120169
-0.5709940617943768	0.8094250683018457	0.10565192606880769
-0.24125245395604808	0.2658093639663762	0.9280697614918157
-0.21904324849493775	0.23078681675744475	0.7735882285183888
-0.10218100218563876	-0.5467860943705014	0.4627735880351574
0.06058902417837039	-0.7695477747835511	-0.28583631774507257
-0.4180768143283678	-0.4597909986903114	0.7788732246197859
-0.27346268565764215	-0.34393916923018986	0.5323956093168257
-0.2995679140132795	-0.3360271711360648	0.6407653371576836
0.41542242164470145	-0.5351144224765063	0.2932992613927147
0.45974869301055105	-0.5185577979306586	0.2796354082089801
-0.01972333504049347	0.12021396137342301	0.45167080032035684
0.4649056165281955	0.2272429137407391	-0.39244919318668225
0.46118121848448373	0.023614229415410196	0.6467535158883115
0.02820387737213151	0.2283896482255058	0.4799308463593404
0.7058763693768073	-0.291826598056108	-0.4467202019899134
-0.11940906297218891	-0.5851742740646969	0.48373622414688244
0.1293026861577391	0.41551330947846804	0.3687092895053714
0.5894010355181586	-0.6840854401663305	0.41520987567863166
0.5256388782215496	-0.7175059049399001	0.44870599430017294
0.5005306980796456	-0.7125861495488375	0.4393218692594635
0.4500897328736711	-0.6859572603647922	0.37511165724092244
0.15273846893441118	-0.7499937335197121	-0.283904452894501
0.5037977579633489	0.018347566864576625	0.6463855621169888
0.6578367050032073	0.10600509163251237	-0.27530245466353875
-0.8244957117117556	-0.29627921512622796	-0.37034233954304996
-0.06893397919587663	0.12953537434891038	0.3202420309279391
-0.6932993400563874	-0.21643853707369812	-0.24246399120466305
-0.6253830335423587	-0.4090451618959877	0.4771168793649438
-0.4010733750283505	-0.5140751631875744	0.33295741644515175
0.27734484202401843	0.3555741249791053	0.8865915214833426
0.19292040751416387	0.2832120597899885	0.7343251993165731
-0.22786839245843082	-0.16507970723520166	0.734959048228138
-0.014870407093644698	-0.4314045591867878	0.6146184813455275
0.01444913603793319	0.09867694558161022	0.4055518898093149
-0.09757844440290461	-0.6145918434358141	0.4721590986950815
-0.13208766788239604	-0.7267704328663701	0.46133209056321056
0.08100647833338595	-0.657882353285527	0.4160180937372696
-0.5362864652877162	-0.06771609061710161	0.8358421161861278
-0.4082533557577288	0.01254819843599553	0.7107961682712225
-0.7649370917582117	0.4915139347911744	-0.40813833535506233
0.15433142035915595	-0.7808563734122559	-0.3164294216337579
-0.9364176699592744	-0.06861916737246362	-0.007858229776809071
0.03678878576674996	-0.7415584932436515	0.6615633469411091
0.02430663141664114	-0.19464275417745813	0.6143970593379339
0.40902480912211187	-0.6931502930422476	0.4160310031406955
0.09716761006649792	-0.7701302837342296	-0.29425729524149186
0.3407213408158913	-0.3832205770729875	-0.486055879170364
0.21437647978257737	-0.710121289896535	-0.2873240178323794
-0.0009522319624933065	0.18405454932507714	0.3901392226950977
0.17581152670592554	0.12608019722450664	0.7498518760735774
-0.9472212929995787	-0.07827889547696534	-0.14877690573592076
0.05934346962148945	-0.7471702744966198	-0.26335845982391715
-0.39622356122329194	0.5648810000791387	0.7187734573663365
-0.749424036657254	0.18541241496501942	-0.6304298348242477
0.3640266420314725	-0.5425983988861075	0.2529989165345513
0.5123765003572196	-0.7296566520682268	0.44974474759037836
0.5050212729499426	-0.7167448884143909	0.44469905000468823
0.567939563344181	-0.7217788553824056	0.382974237317367
-0.09436213144213287	0.19318626347439632	0.43118319251731385
-0.045171939791034094	0.20713796822062802	0.3999336936171176
0.16629022199208315	0.43481580260930036	-0.4521607658890174
-0.3271897743023653	-0.938013013777193	0.06772617284988657
-0.3017272733027968	-0.9218725158669583	0.06353354620095786
-0.7433610872466447	0.364049481228608	0.5547267210131285
-0.7583411526935757	0.35102437359114924	0.49918611355163045
-0.8360484803506733	-0.28968761265367804	-0.3943618385452345
-0.10949898610112262	0.1638178985832504	0.41810585276713497
0.288848091546469	0.29736065722623606	-0.6543841816010557
0.11013521309270918	-0.04579803103056851	-0.27679041927753595
-0.042672704409414654	0.16018363706599162	0.42959395154262137
-0.2509268470958716	0.767072768330166	0.518382853047871
-0.2014462148810263	0.5979230563561808	0.4848859259613283
0.48165363596578475	0.8622589454460831	0.1419366509055847
0.24061847832393135	0.8415756164016526	0.3985898376059178
0.3760134282172623	0.5597306138332924	0.057708855758556866
0.46377591993657946	0.04757573061764503	0.6239524576709828
0.5250799158659961	0.02660125315878663	0.7109157638451157
0.40412428953817614	0.09155123726464738	0.6470231282557585
-0.41375366871652547	-0.1247242219494529	0.5018715908087804
-0.703336633195408	-0.3044914007640128	0.4817026668456236
-0.637214001631989	-0.24516364051447842	0.40991953181013235
0.2478721805048618	-0.7792633619545165	-0.19572392292561044
0.4000590445856974	0.14221414048176717	0.7064827064451954
-0.0826615633108478	0.5981372378792219	0.7893251781504538
-0.1015559179992597	0.887141089107939	0.3531071932572927
0.22295460961949412	0.6830219226186688	0.6417008925809542
-0.1572078202758501	0.5107054933918128	0.8056183508012649
-0.053255677988046715	0.604834621804836	0.7658354021112209
0.06338839403904799	0.889306389760227	0.36030012505676545
0.34086886838954755	-0.7321146216180814	0.42392179849444755
0.5410605912486633	0.6536010514269971	0.5244007202365637
0.2485282647273918	0.06304634545867188	0.5413688485396209
-0.07227675604682429	0.7474779689537119	0.2828400552413052
-0.5770973780753637	-0.35190635631785555	0.26192972796131403
-0.24483048475571983	-0.7421471544271986	0.11717104404645458
-0.6970684842486983	-0.015556595698001153	-0.3625447814860043
-0.13343321619863274	0.18192706267105443	0.40965938458913087
0.518236603974632	-0.06417983797394325	0.18341215058775517
0.9399274469933947	-0.14603590480360149	-0.11839565273622256
-0.03936170582474593	0.22545160900120845	-0.9703543378414466
0.04877562131227985	0.21751769609764174	0.4013248642908889
-0.10803073616339934	-0.5526975458816981	0.4791579449674312
0.7725874975984096	0.577697851450665	-0.0031708517507389546
-0.034983802822405305	-0.9881464549876543	-0.11260690097815902
0.0171374211936467	-0.8592895524169871	-0.17919100746209884
-0.2909774114711546	0.23456657708064707	0.3685480750068152
-0.6362958125945783	-0.29616798149167695	0.4032658383685143
0.4987238398529328	-0.020740736295416437	0.7600566606343618
-0.8619413667690821	0.012621765610782761	0.4631919743899497
-0.1669325202185693	0.24312996043424628	0.42917046521420116
0.39039838904197244	-0.7517433644768992	0.30063285016184327
0.35879727391157556	-0.6620132236345492	-0.20112878236590445
-0.6225647974767341	-0.052675998488784	0.49953580959303384
-0.399910286556652	0.0290262504002209	0.4732491094293416
-0.6798997588168659	-0.21693452849442368	0.497506112143597
0.16058897929952026	-0.8395579093140128	-0.20188485088411823
-0.08228742024161428	0.24688775136183877	0.40611271501971435
-0.39609803694042717	-0.15759605195551046	-0.5116905653988065
-0.047401783568207845	0.19057371112508883	0.3978587020887838
-0.8425490856720091	-0.22645338722960665	0.3984630680012065
-0.030268718141032536	-0.8367074529596623	-0.10547461489792359
-0.885072579467193	0.024314838018437392	0.4567696850070571
0.001637328194469411	0.2348705039722173	0.9669150498854288
-0.5715969369002202	0.7120207368314478	0.39657572080219045
-0.4205778945017512	0.5550026397314934	0.38959836882468485
-0.5199185571730356	0.6615391111176592	0.2626834181703315
-0.1715574483016669	-0.7510336374530625	-0.1611464910332038
-0.001724629832636017	0.7793342653786076	0.5886009285801964
0.027276809367580968	-0.9225819532063696	-0.17208239862785965
0.18115610278943398	0.3799046508130663	-0.3695619396528989
-0.060034405984413564	0.21139791526734078	0.3847035450943738
-0.32207761253592737	-0.6557564816265516	0.12997742343414315
-0.09447712740293297	0.20620273991930083	0.44751391646016975
0.42133601941413706	-0.7126128036170402	0.34562488144898623
-0.0931333264095801	0.1450292550825792	0.44621564533182956
-0.5785930313729782	-0.27316836285130325	0.42902288772287794
0.7319842428932276	-0.0012922177524314169	-0.22470613041332577
0.13325222293340572	-0.38496049220147194	0.9049928828893116
0.16366838507978423	-0.422980283121534	0.7149480894776785
0.10119396644049798	-0.2920710779858835	0.7502569637626174
-0.057132144182115055	0.4256171058238891	0.6545880450292272
0.5516389928563228	0.26669655526104646	-0.4274872463706238
0.19943364710667827	-0.0471076122893961	-0.9396041868478742
0.07379216974431833	-0.7477518250357076	-0.29499774514204363
0.3196600735213649	-0.23913163741016538	-0.6693981550940858
-0.8229269866785314	-0.32624819703626706	-0.45186413146821
0.3205651212297445	0.5066928083379592	-0.1854413428743112
0.18476926935385696	0.4459459382412749	0.4822449851578009
0.40348792640606984	-0.29121496357317034	-0.6123850477123055
-0.05557090316461456	0.13017335751750259	0.38616907207070406
0.09250638394992089	0.6433858451032944	0.7555805476094914
0.02846574019769027	0.44764066127941216	0.6387164933159957
-0.14245049004380828	-0.019546234922262862	0.44912543429034407
-0.23789824104753976	-0.16283982032064506	0.9541872311972913
-0.061790469230706066	-0.7735123960733284	0.6217015548508695
-0.03877485861272167	-0.5891450937529529	0.5321735523543268
0.11596095824247556	-0.6576746828260671	0.462683736552875
0.4628642457846272	0.40082066785644643	-0.7865536500717994
-0.055753002392388236	0.17009829501726176	0.43090158945791357
-0.35728454816855715	-0.593724959281843	-0.396408906781794
-0.018208615696183234	-0.7384008693898974	-0.31091846672794005
-0.03005860654921936	0.3102529705915655	0.44428158845748694
0.4577938203557041	-0.663973099524111	0.413727086990283
0.39484101713002956	-0.7417465673122978	0.5320045184718383
-0.13977788992056886	0.676168445793008	0.6158639858472157
0.29115984600952455	0.38451315855646917	-0.6219863411925894
0.0662312349827278	-0.7541001922829282	-0.2641198188784529
0.5573883327028725	0.1913078669127193	-0.4951151505417303
0.24781619343321634	-0.33628033349381187	-0.6271312689533147
-0.6777314063433229	0.3794975255036101	0.6229452901022826
-0.5206823686846023	0.30804361283669246	0.48663291991512214
0.008161729744210188	0.7865558629338468	0.6121578769091
-0.2112226522860911	0.5809543687205537	0.781430705659014
-0.23718579114804766	0.5691868111049951	0.757257692429941
0.49518346110886885	-0.7727007054297342	0.38540344911766283
-0.5117023086692677	0.8090323762337185	-0.1713818443464242
-0.40360391322383754	-0.3792895214948989	-0.6108492570204417
-0.5686540641051875	-0.24728570606745742	0.38269979519199415
-0.9516164849982177	0.29459122659511394	-0.01733502548795427
-0.8762072889978968	-0.46552862778946974	0.036193741248974114
-0.6811031825384307	-0.36895206039214784	0.01631684568060211
-0.7896218956570155	-0.5264515714501534	-0.13059456853787568
0.4719293316057305	-0.14763280471418844	0.2643040527272215
0.12232950640477049	-0.7063644907670454	-0.27074182302273314
0.10342333550036507	-0.4603604531677154	-0.5675198179847771
-0.0837069216968031	-0.7457951993211058	0.6530306752778423
-0.3657371560865623	0.8842699447797142	-0.1310590291953715
-0.23768007513956768	-0.39896326178598307	-0.5280779406342293
-0.2661085976444122	-0.45551439782588476	-0.5771678524699687
0.418934270629934	-0.6682585461879631	0.41330287854403813
-0.17314374585961695	-0.38286921547428543	0.5907626948248013
-0.16921947200368576	-0.4256294099903691	0.5355429621439257
0.0878481374735835	0.5877793376084186	0.20629466624002893
-0.003165014098157076	-0.7516702218731607	-0.1230976241999692
0.04406526236951285	-0.8557389922754305	-0.2133116863677956
-0.16926963167437012	0.17962859717860094	0.3992970926126604
0.03157247915246315	-0.8041065638353557	-0.2782614485792752
-0.04773939277977942	-0.7718260795184153	-0.3116527121101146
-0.20636031557429754	-0.6545605810167548	-0.32313636491783526
0.43315930410080067	0.3757553225111177	0.8141728913923917
0.34849550026459286	0.28180685000683786	0.6202473821313575
-0.079620782385001	0.34568009138028327	0.29494643054315967
0.12965469881669378	-0.7839260350155194	-0.38142964604621965
0.34947138602945504	0.6111458558226958	0.7047072875382134
0.3622540524923839	-0.25944305429492215	0.8866964367424117
0.26847978438602715	-0.9555491901308255	0.06716485617031584
0.19271314250102045	-0.8349297290774742	-0.01993144550725782
0.20162465598134785	-0.7764260538462224	0.0681260340073468
0.20946868840746222	0.5891786788632993	0.7769064324318896
0.5204848352727698	-0.16994463102532273	-0.4570000846859515
0.6343287520924897	-0.5742096168388598	0.18349617485771158
0.4977887392734101	-0.7402909726113559	0.45083957308727296
0.08508201485943986	-0.7698051223977892	-0.3047392002464499
0.17131569109211256	-0.010809819506251523	0.9807610177140114
0.24364017041300415	-0.8180680806000844	0.5080521322762229
-0.15390444547209975	-0.6645996577976534	0.33882172913260833
-0.08533014148402947	0.20739921618931567	0.45250637183984876
-0.9504097264907172	0.29605164079889007	0.045537681683949394
-0.0839209120954496	-0.37963418180020225	0.6375581877370717
-0.09033829871682748	-0.28088160959672354	0.7031655928422506
-0.11115362891628648	0.11254597333588912	0.47249104981291357
0.07982048508521523	-0.7482034965995491	-0.27305502533800885
-0.0628972110448316	-0.9934267014086604	0.0004788276042974261
0.009643474296712716	-0.83349804073054	-0.1322804824027359
-0.0948266057107333	0.1848592393820621	0.9746178956153826
0.04430204396160781	-0.9925296251468547	-0.017299095359020827
0.02777982677559501	-0.7729826880820607	0.017597766082141926
0.0512866895003969	-0.8535867023871623	-0.11363421655237244
-0.08579203390213938	0.26828958488305715	0.40536436267523523
0.0631044982931296	-0.7439485283166992	-0.3013171363612597
0.6108345171724311	0.18038127321216546	-0.438341880256717
0.5366867701173388	0.16212919354744806	0.8231892576571417
0.36852039739133047	0.13136792479231274	0.6863142246164509
0.5247640065646854	0.06985738654402296	0.7412967991273444
0.6411824761291706	-0.663372632203057	0.3684950046942706
0.42076075830472726	-0.6712887331286745	0.41486367649348205
0.4690530521982567	0.05857715963089316	-0.5818144212893485
0.4791874011559645	0.18012301545083947	0.5717395757252668
-0.08815827590847296	-0.5358256729141475	0.4488197579243341
-0.4086934186203112	0.42593196786172394	0.22828435849703327
0.4747421030138025	-0.7401164177916305	0.4456983214739955
0.38754057910550643	-0.3193333915941846	0.8586972178925188
0.30247597843760343	-0.24683983536854404	0.7141857085656212
0.31615497174465396	-0.2712574072357186	0.6526342189873171
0.0982517782075916	0.5867472667142813	-0.801636913775984
0.5541894612825236	-0.7582457938900581	0.32638435647050545
-0.09399707941385677	0.17295166161967773	0.4273308780118958
0.16682789393363767	0.5190686125919162	0.17294564914770705
-0.0940124462779607	0.6412514873361665	0.5553767012766778
0.48281258739786215	0.021670883974859008	0.6637675458312239
-0.017813723869156438	0.18850163122173083	0.41078309570404986
0.5652169648509233	-0.2655791960425838	-0.36487036944995777
0.03809429460768516	0.32839506934065854	0.9385662956071459
0.289287616099528	0.4314158487471345	0.08517204248285981
0.5728042114405797	-0.620066259199726	0.5233801908075874
0.8729106638192955	-0.30083154576695936	0.3713209929081705
0.607712362607893	-0.21858073631548836	0.3436554758437574
-0.6550509095726117	-0.35470650793559627	0.6610594027368463
-0.46424527394672105	-0.2255544243559159	0.5279821473565374
-0.30672008767495934	0.05905485838565637	0.7087031683969193
0.8451817403595234	-0.516332043577795	0.07794867878676034
-0.01412571107304271	-0.8177366026664372	-0.3094753990318214
-0.09836420583949605	-0.7166761546578175	-0.26908718447539126
0.002108285540337787	0.13902050633002425	0.407840639871602
0.30119225875697636	-0.8396993898640661	0.43642849362726577
-0.47372239030908597	0.056670094725809604	-0.5319307882933442
-0.10573135720109701	0.1941182212000276	0.490898347807525
-0.18180080678321825	-0.15806564172310358	0.75690951765524
0.4894509463341368	-0.7458609656002729	0.4493180885557439
0.4665655463270578	-0.7120740429092133	0.4282348620157077
0.07545417060931255	-0.2919091629411598	-0.5995812040689592
-0.6207094641321111	-0.32593087947220584	0.376385604648636
0.17391319408228184	0.3788315415727664	0.4022598406673616
0.14136769528442264	-0.23094047184323524	0.956556578419759
0.4528628153802442	-0.7503703683926647	0.4708979893139301
0.4434140982532029	-0.7175258867039894	0.44451784463234206
-0.032752317683143656	0.22326253959867717	0.4077866002596866
-0.39317783533416906	0.7242561884100313	-0.03960726952319094
-0.7127647856947663	-0.4060264130354334	0.5640368542061184
-0.6793390657055818	-0.3610454670237569	0.48967508829147477
-0.14064921737600417	0.17780785148451475	0.4605015314310511
0.3019663626996415	-0.8264579653610417	0.4588622165593109
0.04547295741682209	-0.734404530275622	-0.28555275763554994
-0.07751480881453662	-0.8020227181781935	-6.64305130851905e-05
0.547300289463247	0.06134886071438094	0.8296663560610172
0.38693125035206033	0.044357512862862006	0.674927373593808
0.5262559794373957	0.0444781102834091	0.765799240152907
0.43977498457789294	-0.7331554742745603	0.5094732785988972
0.32980569614008876	-0.7726675296318422	0.5300422662304588
0.30709355388837767	-0.8050543908985202	0.4965650257196265
0.27226042727641125	-0.8142327798632764	0.4989881110158031
