-0.46577519604230333	-0.6275586841528604	0.6145946459701854
-0.06564721146549166	0.19179818392081754	0.12005206008835798
-0.04918849972963388	0.15547947739603693	0.08984236904530818
-0.4072616684901758	-0.5071574454499449	0.45501701030173514
-0.44013575638506175	-0.5545201368577863	0.5222504533040595
0.11645063152974432	-0.28787544369337364	-0.0488174740147667
-0.16848611120827783	-0.08852420299521196	-0.014724598284592792
0.2993891783554489	-0.23158154878565565	0.9167468627505583
0.006400147682227429	-0.2571724749214571	0.6142367607759527
0.06986707521007537	-0.20454176380598135	0.018780060884354063
0.7338968487688277	0.21491386099885823	0.3538880915991303
0.20983017423783865	-0.018874920125605533	0.7969786359993182
-0.18497879668572514	0.8747730893540446	0.4312073756524429
-0.10461715572789344	0.18597707847795372	0.1489571830634885
-0.3973319927766019	0.4737845076238385	0.34760396405136146
-0.22005368402354408	0.7036389018903736	0.4130819707316813
-0.004469710373091784	-0.5364770469538774	-0.8174751486402266
0.06965455986284307	-0.3092481938802068	-0.05079835409372741
-0.1228711152475938	-0.51854396818448	-0.5018952278255238
-0.037466447159350505	-0.5374803111811319	-0.8231078014526781
0.11421775499013444	-0.501344245786815	-0.2827656241219093
0.048772477058210306	-0.5165628130375939	-0.16668735200578352
-0.02691668250560403	0.06121008698823971	0.07699863677411917
0.2726662755862333	0.10004014267177216	-0.377854550153388
0.2622485397804903	0.04511444432908839	-0.4013043543186829
-0.9360800675404963	-0.2938009903185159	0.11084134370116538
0.01975951791486692	-0.21913750505601856	0.06299818956017979
-0.7705706891155162	-0.016916826253584663	0.1638788250861473
0.26790435115844513	0.10314296338346322	-0.37014797272180816
-0.70069439669568	-0.40595617128037226	0.5733703734953624
-0.5126232399869212	-0.4283958631079315	0.4842541030591345
0.3860118939086585	0.39203769922893167	-0.012947164701823992
-0.605619056404876	-0.6845377341545925	-0.2342303363931833
-0.6214311130627351	-0.6926462755811092	-0.2342374242329933
-0.5716085334501183	-0.6850530487996612	-0.23732378381414326
-0.35358444046957027	-0.4219743469933963	-0.08775453564989542
-0.4563600599305662	0.02003844689185439	0.3361682053983873
-0.02896892622553979	0.19600576701776434	0.19674961866359778
-0.16181241021823878	0.22818012370238194	0.21490624979077327
0.8586608725443563	-0.151433385451767	0.37714241806485205
0.2095924058057473	-0.09657086237433693	0.17602413351067459
-0.006475172349196158	-0.8230586149230882	0.4313648050227062
-0.06444116842413386	-0.7379297867730777	0.5223984533246231
0.7198257225672356	0.17818223623427348	0.44094747624071295
0.567600290381976	0.03695735946440984	0.36599346484763856
0.32645752199403355	0.07284823901848293	-0.33349927223920495
0.5729070947227684	0.04704101249303023	0.3196561340602196
0.0199547477704893	-0.5805165599670681	0.3923328136000347
0.6353390011988735	0.3926432486507431	-0.09094771084030116
0.0763493840650756	0.3293931323065829	0.2111777779929906
-0.3932858914841281	-0.8077680382731746	0.2167690938830465
-0.39036144165990366	-0.5763287416626479	0.35555034624842474
0.10079442190663669	-0.38115594958131294	-0.021431127910501536
-0.18737794675535638	-0.4965912763909062	0.16982649953295034
-0.019509532707988046	-0.6930181282789722	-0.6981560168041637
-0.42231896722781764	-0.7514568971479626	0.32599301790856133
0.267766576500429	0.04741850434696399	-0.38149919389018344
0.5641144656147635	-0.33836319130169284	-0.6712921249330804
0.4695853869800895	0.011726184281537464	-0.8146316148787104
0.0467963384345084	0.12130076034154197	-0.02766710752308769
-0.17793094695174463	0.2720374614874394	0.19584437560140566
-0.679410919826314	0.12497672311511097	-0.6659807451925013
-0.6920262567306424	0.1420934806544068	-0.6497811190655955
-0.4559627908658384	0.1123660003028143	-0.16966557312400254
0.2732806303831899	0.07932787628406716	-0.36681175341981065
0.15043908250099478	-0.6461456899294298	0.7380527268457147
0.6183138276605128	-0.1144679971320938	0.6885200031666269
0.13563221682950885	-0.36917849295042965	0.45574958243849495
0.13834395911118616	-0.12176909064921584	-0.0059073339807014305
0.9540852240563406	0.1626084636929533	-0.22281808873939335
0.9427934237868124	0.1647746812348675	-0.21565396192821173
0.5162508586118822	0.28513017108792776	-0.012736616847583244
0.37264195867208905	0.11111793267483781	-0.2766021674563078
0.49842987973352615	0.8344175770761924	-0.19922813484457355
0.1270239387158299	-0.2381821874269813	-0.11274436281178021
0.34707210560337276	0.5267421833465372	-0.1623576385296015
0.3166887468041826	0.41398913383340535	0.10749631545578185
-0.06549310030626776	0.778216321132069	-0.013293609700670693
0.7510583285214623	-0.2574510480352221	0.5123248054076082
-0.06971502723841176	-0.2963510021009992	0.46879064682031996
0.3850235368934917	0.33415562461237147	0.5747688937378281
0.14049900531954757	-0.8155541597469144	-0.4913357147014439
0.3217257577364159	-0.6807357494801212	-0.07528231506287461
-0.36685626722390136	0.014482640630600424	0.3667031704954617
0.3340654741797989	-0.6554998373585617	-0.5324334021861046
0.15067035743930735	-0.8454139856103109	-0.43922673995521666
0.22931834958106928	-0.007138783989361553	-0.3652424012697168
-0.47265740118180755	-0.5067136319349289	0.7142373114922316
-0.4226100948675414	-0.49216607747664276	0.5628530802947821
-0.26646756801054466	0.11294167626965979	0.3348271744320005
0.7512033285464578	0.45462444862648005	-0.4661548906704115
-0.31758265357956317	0.20174582099273505	-0.17063055214504094
0.3217153161657056	0.0861661377267497	-0.3922218853313526
0.859076994106225	-0.12034703688896853	-0.48435144685329207
0.24866179131948593	0.04040182374308676	-0.3484728686304996
-0.34742514378577144	0.6342687694956071	0.5447347066382107
0.2987889097388459	0.29354501563051627	-0.9007814335116773
0.27146815055135337	0.2285574925145669	-0.8024776998293489
0.26572855500341896	0.00793521456711888	-0.36181718568178767
0.0825253427034972	-0.26539601198675294	-0.026740957518751163
-0.42274680342217424	-0.34254761671396167	0.8275377869058698
0.23572179820682718	0.022404513083738926	-0.4018968769469223
-0.5700475941704288	-0.05566952960446424	0.5775805223362739
-0.446037442904926	-0.01637269409235375	0.5801097981444697
-0.5784206481521436	0.5147114850045863	0.5493387076466892
0.788656234203022	0.43746467806917844	0.37077697823882394
0.5837733793421891	0.5127603827682157	-0.20186469683572172
0.35350587817304624	0.681403891972441	0.24727110564099972
0.694664048273128	0.31083007784739186	0.3577235785999456
0.4876749631959409	0.5059379048392579	-0.1591852014544913
0.16320088498179416	0.5002297718954868	0.09190060070416727
0.43081839239270264	0.18613182500570935	0.04634136801571133
-0.7414584269814057	0.06630017047205267	-0.4201466932433686
0.6021919963039765	0.23214248937023657	0.2925303694711509
0.708845588008759	0.31171738026498086	0.3385077083855181
0.7787568950423831	0.04400001953985459	0.6172328277439789
0.4191148095844741	-0.012270490185842737	0.23177685387166094
0.6883391683816457	0.08087003247068833	0.4785186213848201
0.15360022652931718	0.27495679243978505	0.053055272232809175
0.7245883816540574	0.16065666231786677	0.4372264026396757
0.6852355613884851	0.10295880817079103	0.46311237577761605
0.12825302793763527	0.518760516462623	-0.8026628262568837
0.13725780036033802	0.5185127197067272	-0.8126676908227033
-0.36072235984089146	0.693788766530237	0.6210104274349229
-0.11004607142554215	0.3455779459817333	0.24690064644078005
-0.2827591889532427	0.6858092991296696	0.5292312641872667
-0.34345775138921214	0.5585299161833556	0.4544093377641587
-0.2996093758504521	0.564024359148462	0.4873663834327594
-0.36521649624711366	0.5908676607340584	0.5397642895645439
-0.3832511886840986	0.6510258970557536	0.6052338581921836
-0.03163279333211759	0.30751392714470155	0.31119133227053064
0.3338840076401018	-0.6923321572985726	-0.590126183135661
0.28863479877157694	0.027514586992083204	-0.3991945158647284
0.516849771482222	-0.5652969063300366	-0.5433094245462257
-0.26453817625508913	0.15603718203275188	0.18445466860808055
-0.6004862698752956	-0.5630198274818207	0.5563232186720068
-0.48378921706555944	-0.5361511446355074	0.5032096036218667
0.9242606827623866	-0.09049939522086489	-0.03309151215900697
0.4688975178835318	0.05082746640661853	-0.0841324841747095
0.3268061543537428	-0.2622993935018189	0.03232675708644869
0.7382307014416317	0.032555777892532015	0.12810635443959634
0.032588949190918495	-0.3276532890017447	-0.9114463840171897
0.2797316539277927	0.2993085214287719	-0.09882554289252671
-0.0988938528645918	0.18240862312679057	-0.016420773715538878
0.3037423946271359	-0.029390826518512592	-0.39089580158727283
0.4989842238081622	-0.7863193566882434	-0.12929709367143088
0.2905854533041143	-0.006967511916086969	-0.36113264937741796
-0.627497853476734	-0.6215237324135651	0.45802521599323076
-0.4852567012182797	-0.5451994011061637	0.45550720868806477
0.31188959580254966	0.8024456106434481	-0.4907708380969674
0.23909313983134192	0.4567667705371708	-0.35289632330703063
0.14630052115571368	0.4224845663349193	-0.05732397707506302
-0.6050698527685769	0.11252334187350847	-0.19751123706232643
-0.4239784723008162	0.7776423568853785	0.4611386843019572
-0.08506459546790461	0.17169338250352245	0.15242064847797523
-0.17734770740310943	0.36776296488454346	0.18671720791380822
0.3821912536432461	-0.5517900668085614	-0.6837323031958464
0.2943051847756806	0.6793908663332562	-0.11332701540205961
0.32100224558614926	0.009675288970100986	-0.40690550983536566
0.4336251288499103	-0.5287336911545995	-0.6771330725070525
0.351110012938746	0.8445924322322039	-0.3748266391032558
0.24478284134408443	0.5135150655128058	-0.3016279112879806
-0.5274467554390571	-0.7412064489373172	0.13034697763690914
-0.429213377000952	-0.5396144027827564	0.36474918048719035
0.42225635501395586	0.1529338758294983	-0.08073234320287379
0.5601927062950008	0.3874601170925376	-0.7188233124347073
0.4184732006470294	0.23487876314660258	-0.5086089302436639
0.06939938831235994	0.7803530887045784	0.004797549915190462
-0.05887123229226037	-0.8353406001756442	0.41617649326852846
-0.24591476180228694	-0.5919145448500981	0.4186519509563042
-0.07035934415070509	-0.8666852421951253	0.32529554718079484
-0.6374561033794504	-0.5172524159928501	0.5601881511968403
-0.48379230933727574	-0.506986301023696	0.48947316701272847
0.6429834379476443	0.7562906643032887	0.04930451727372634
-0.22182443290886908	-0.2882379064507394	0.3631409341685076
-0.7369885074404143	-0.27870615784947467	-0.5077893689536442
-0.7798724519441619	0.12808559166563946	-0.25194812483308243
-0.5994248815665612	0.5515933974659172	0.5754330909712433
-0.35991349348211776	0.16228734555310032	0.18179300853078442
-0.5698236822108889	-0.21287235769233864	-0.17802681425693262
0.1263906777482463	-0.6097276992316961	-0.7584446617219144
0.18107893531319194	-0.6297322124062885	-0.7089638176506335
0.2057081395115883	-0.5342629647006334	-0.7759218230665578
-0.5838369390463233	0.4332921624582253	0.04104716391389116
0.2628398915274066	-0.06421743028078153	-0.3817067603452485
0.3195500130997351	-0.41841144391216883	-0.7869063322619884
-0.4537179402081696	-0.39991451253277044	-0.7604470726767971
-0.3631621088267397	0.17420283995193261	-0.0883361903646395
-0.5128634837560218	-0.2177683360507584	-0.18784981836758885
-0.21466464904827634	-0.5174405834741107	-0.8071603295750572
0.024593957432534373	0.10143733806003774	-0.2818242848731798
-0.22940689239203152	-0.5065451095664636	-0.8128920717215165
-0.23554184360445524	-0.48312046150326	-0.8119434168983697
0.31789632424168224	0.10751002839640988	-0.4000852641955419
-0.8092970742484893	-0.46908669790795404	-0.17682541424668408
-0.6225706609243451	-0.6041316024232277	0.4845208561069392
-0.4948632189468288	-0.5422937532145629	0.47134091047146964
0.2825881860303027	-0.15229700730221166	0.9397077455835148
0.15070620038924917	0.14998702587700438	0.5383369989727287
-0.5322688440850002	-0.6611165589894081	0.5156708741398526
-0.46372426794027743	-0.5739003104598901	0.4940799203219505
-0.5584781762158729	-0.6478433232218689	0.33822884900768885
-0.4820524733502777	-0.5573308883880718	0.41087764855345466
-0.2810650332710831	0.10255747815803053	0.30272863043334775
0.2633657177837924	-0.6387321408618468	-0.6664205823331422
0.12790673083706497	-0.29974090339051773	-0.01627105977494471
0.19416368155069214	-0.8361400942882429	-0.32912810326549585
0.27303786138209496	-0.02290660420094784	-0.3846174379660162
0.4840075045530068	0.4796883619419668	0.46932758168128463
0.7672762084106041	0.2591228685047054	0.5830886270015452
0.6588271096871157	0.18369024163644063	0.4649815949735324
0.7117413902475416	0.24324573308752245	0.5180709953903884
0.14910118564928468	-0.06401647411259537	0.39957730015210186
0.9749035803200052	-0.007338331227849164	-0.1883647546357935
0.2837801687613441	0.047585309358921704	0.031368496570670784
-0.5350323970892755	-0.043455622826207824	0.5519350949195941
0.3485759465323547	0.02090877744886819	-0.3679198444009732
0.8125558537228151	0.4508068480250891	-0.3565008226064857
0.527190047862615	0.24876701973235524	-0.2981054908973217
0.9134768685593667	0.3703249005446052	-0.04038233825217667
0.7022420779711843	0.2501178925120352	0.14389307188607767
0.7323993415946506	-0.5623031582375291	-0.21709037393722164
0.724751612413957	0.24176259728665614	0.13563968430252446
0.4203898604725491	0.08503541273022613	-0.24081877483734174
0.3977204094374673	-0.31278619833833043	-0.04877246358819384
0.39405240257226454	-0.6547889114294608	-0.6063539061629921
0.42007218125097534	0.3105782767957545	-0.11611001636352619
-0.19102153321430218	-0.8719580220959349	-0.2874299758462119
-0.10981540246431089	0.7104805463439461	0.6893010602169034
-0.0928528958997514	0.6682470456161117	0.6573850604763056
-0.018552448600940484	-0.7295069895478216	-0.6686785075051324
0.6218014102585662	-0.5778274442009012	-0.3597328560009724
0.516245302687768	-0.805662632644645	-0.001673899366821262
0.07953479300246552	-0.7160184938299551	-0.6576364621320021
-0.574403833157515	-0.6824128613068954	0.17930142542857644
-0.16422503413423525	-0.9455576057944651	-0.052114125766741626
-0.084938820319343	-0.7201928240883488	-0.6572827080295659
-0.29601251721351757	-0.8894465732106847	0.031493571215555835
0.43195873308509747	-0.7828965173189782	-0.3057818023923469
0.08010073207372251	-0.9528249510604079	-0.14625328444398744
-0.0502975850066031	-0.762359928724945	-0.6176790190344363
0.34438026274138006	-0.873171692833537	-0.22690171805085083
-0.07243363707841675	-0.6613957988551734	-0.714067083128512
-0.1367131654875111	-0.66979994032315	-0.6967407465842
0.5962355621194267	-0.6483908845439303	-0.3961984912924498
0.7940244419249264	-0.2722095524214908	-0.39810713385097996
-0.2297727930092888	-0.7355338894423747	0.29241066094530255
0.05344276422102597	-0.918276044529336	-0.10392282205030394
-0.31523106035441745	-0.6639614670063775	-0.6275090389764246
-0.2536584484418867	-0.8656159351082043	0.14384988151016656
-0.45942316642273834	-0.7166268019078127	0.36089226529026613
0.2975934789944277	-0.5992068962310416	-0.018783318988165137
0.4566644315696992	-0.7441938581627991	-0.35818934391045953
0.015096374454830561	-0.6700364808762863	-0.7124000607252087
0.013633519568377285	-0.9203830495548183	-0.3022314929272864
-0.4719505738266056	-0.8024953671040735	-0.016601919884090186
0.6182025880417994	-0.6919210795635381	-0.22795195444852714
0.016180567031109813	-0.7634778179465775	-0.6175356559799593
-0.18331378423562095	-0.7155814458701771	-0.635203358232068
0.8267095750538892	0.20236653202297078	-0.4052961000694561
0.8914954483020705	0.324385484295323	-0.2962040499848797
-0.002332666796663034	0.35704705333045794	0.41894967263186594
-0.5959447905095163	-0.3692202157372388	-0.6420655406554276
-0.5474523634938082	-0.04010338109757412	0.5527266336816995
0.21452807253693792	0.03864100341031992	-0.34983862741336125
0.7847760446782273	-0.15580211801455282	-0.5915696202080842
0.3981672046229459	0.08460439552701192	-0.31702850555398276
-0.13130502103158193	0.2760706051875289	0.08695101573812627
0.7040860769975786	0.31311284317244986	0.5957277339165631
0.7379909167352575	0.2971853938953512	0.5618915528752118
0.5569800043461781	0.2796724199550745	0.5367097740365949
0.7032568790713607	0.18042840035510913	0.4356611497426677
0.701393361377494	0.2159492233561158	0.4280637800728245
0.433175383036279	0.19970292299265915	0.15920743148049363
-0.3632135974045869	0.6242146001829211	0.045579409146945915
0.03938684575395875	0.7794297997867807	0.6129715146547238
-0.045575582520220356	0.5550942273885139	0.41389637412996494
-0.31010999503363	0.5901260924267436	0.7415941064926476
-0.3136016258743076	0.5415166842138995	0.7197582384096278
-0.2530820803847823	0.1951476067720435	0.16260212252978468
-0.001117856692745425	-0.9405522341418073	-0.27808289181615053
0.3671456480079881	-0.7830639581443	-0.08602241250964968
0.2696513376218636	0.015444047382248817	-0.35409296894601994
-0.1700532126026719	-0.14905777479564744	-0.08505455573524298
-0.21402271970889702	-0.8538563583638024	-0.2990325682437377
-0.23738321769142795	0.695819636929358	0.6748609998784818
-0.25340624029705144	0.5555865076092277	0.3309417304670748
-0.03589738918819218	-0.2382820146174611	0.09283869292373237
-0.27484853390949293	-0.5610029622106165	-0.7620021699652386
-0.2550457295309696	0.2561232837273056	0.12062674127330893
-0.24234653170953635	0.22670987263972334	0.013999376674723975
-0.11092533169117681	-0.9409100111086922	-0.17491420397920554
0.0553601684529491	-0.0872374709656721	0.25834556460656305
0.27935752901675115	0.01118190597750084	-0.3346104388289409
0.320883045336213	-0.7701521174350585	-0.4010873563855244
-0.6883212672804006	0.08500271846675803	-0.7118455011161288
-0.5656511516650038	0.12071009457487734	-0.7410977917293905
0.6058599902832853	0.7729676958122873	0.12237880452950756
0.2764726314662103	0.011546627276168281	-0.31306648220101196
-0.41924530152352263	0.36970875296088995	0.45001127014715425
0.34425908121375237	0.005893821307136348	-0.8797722870802803
-0.2457341779929104	-0.5570231564120274	0.3891968861035374
-0.06913583217269362	-0.8814166334456438	0.2896663881270824
0.6401941714078303	-0.06671795468062121	-0.7563856372741906
-0.9051191551880837	-0.3341993243406977	-0.23183939678043283
-0.5575193284242382	-0.18849226275469522	-0.15463571400607898
-0.5520468366378765	-0.13939636785132833	-0.16377302840892288
0.4268920251841459	-0.29764586546042326	-0.8090656613951391
0.32024233738226365	-0.009415260002022901	-0.46788160325239314
0.4842152816885022	-0.2882461426331508	-0.7882958418658366
0.8701296552964766	-0.3089107519195431	-0.08791317864060778
0.31274528898848886	0.618118994342085	0.3527688406139591
-0.3611671826868282	-0.561577333293332	0.37912045966444835
0.44627727449279886	0.6683006856868429	-0.5859874963752214
0.34163858449666623	0.4255150228919278	-0.440689716194784
-0.20893032086871827	0.7149758279835695	-0.05557434607270993
-0.29942224004396334	0.6985639347251054	0.6460569573878364
-0.09291920556002947	0.18842608838364538	0.12115469579899443
-0.40919546938153123	0.563407010240451	0.6345446199955626
-0.13556054210461574	-0.20593746650359962	-0.14911184820167567
-0.24356814821627987	0.651295556174338	0.5593572902493198
0.29741336030066295	0.3866841620445747	0.11827232222157166
-0.0048408246575172365	0.4532746715612119	0.3002920567573449
0.8707287400572405	0.28263753039567074	0.39645921868990447
0.7810146357445543	0.1891921095000652	0.37716549585781106
0.29348979713065254	0.07017265138721382	-0.3726509259744163
0.7597294058711356	0.2150044182335688	0.34522187741989746
0.15035139734088937	0.39586444010968763	0.6404497570313621
0.47847058186807884	0.7126818406765462	-0.33813269570557763
0.04170219894434752	0.5989565655020725	-0.1211952390025733
0.16471528563688873	0.5168890214534687	0.014185922725826595
-0.4482584446992969	-0.3993573847956969	-0.794549201612368
0.10249666716695076	-0.24888379836670807	-0.06090540474907994
0.4665123557518554	0.09448233863600204	0.28194436154411096
0.4121167840310885	0.07797890054447103	0.23383705999691096
-0.7580290731430523	-0.436553788602307	-0.3610463547824081
-0.5012209676875006	-0.3477374824751394	-0.7450713712014517
-0.48506551714145735	-0.2768834200179323	-0.7791530041986703
-0.8052010128192276	-0.33887248416551685	-0.2181932324527535
-0.6863061546061728	-0.2025800559811788	-0.689755339602935
0.14239864944908415	0.05295533818739468	-0.3384671115873983
-0.49024880718438385	-0.21383383853350682	-0.5170848580430752
0.20814731495977318	0.0270104478566395	-0.3741285121429448
0.6282977587347405	0.036551245191404236	-0.7390260861140752
0.46950625077644226	-0.10150986925712878	-0.5892945703682622
0.15215181983032933	-0.08400989140999118	0.12168411710418242
0.0639907961443834	-0.8242059632383022	0.4545664844585498
0.03617992960721009	-0.8434837511176425	0.43834763122401266
0.21812248019560146	0.038588728166177214	-0.2681162749151948
0.008040912655061462	-0.5142620671054644	0.3095086504086511
0.9205216608464379	0.27055722665708315	-0.2648903508362369
0.609071129654304	0.3577472456709522	-0.07576154781767781
0.6191799799879315	0.15956553181268446	-0.2543575170195333
0.5747897120752414	0.6975091520395607	-0.4111639702430047
0.36845681237617717	0.41510251720894487	-0.34119701400863234
0.16877360967735813	0.4430948686100069	0.02879415725330767
-0.8174475337411268	0.49566751115953867	0.25905011865713956
0.4136425092057791	-0.11658843497393637	-0.8982875471766518
0.32018407671875193	0.03864388539159741	-0.5139919742030128
0.29086232204180557	-0.11890189847858254	-0.7173090918530839
-0.42902889589665083	0.686264727088249	0.5855923450096422
-0.3028937863388619	0.7150103844986007	0.4002061186279835
-0.4370873606834963	0.6577419020329466	0.5689359316799879
0.04138668564988647	-0.9932051918196452	-0.05932952027773396
0.23829925821183906	0.013849688485703211	-0.2745107200311215
0.22754570776900698	-0.45626956576403815	-0.812166696827339
0.20097318932712208	-0.511972648768819	-0.7912984859692732
-0.12582355695390102	-0.8493210382221621	-0.4876340230634534
-0.2995831956032444	-0.7489918117790897	-0.5356199727801583
-0.0362990609587139	-0.7792216172077936	0.4989118090849456
0.2955216946810956	-0.8194995242868336	-0.39534109511318155
-0.013597423731056145	-0.8473851416869029	0.43516002571315954
-0.16513643089674407	-0.7909971606305126	-0.5498680567710549
0.34456186309760684	-0.7428113900342264	-0.49329561187383797
-0.13822787325525943	-0.8541079199923284	-0.4740445109396919
0.7285077328964226	0.19603673591064164	-0.6005794015833379
0.33973907394118963	-0.6989902870219089	-0.5818176659327088
0.35463197029285126	-0.7488999204993602	-0.5051337605280628
0.195495676382057	-0.7750619065682928	-0.5355704015578875
0.24298674284469232	-0.7596248587544743	-0.5445833442133421
0.44905520426347756	-0.6830743720365975	-0.5157502997438976
0.3953318945702209	-0.6845961550767337	-0.5503772257069793
-0.32549543543804593	-0.8685802660078702	-0.10932193042161222
0.22601714240230789	-0.8534998856073812	-0.3780317930007821
0.19790057125828694	-0.16054406628492357	-0.9386196640776389
-0.17390226484977805	-0.8294871904158801	-0.4891000668972235
-0.3851657847185963	-0.8234726294346603	-0.1677170829331093
-0.10298521307040061	-0.8250325193550827	-0.48685142991517155
0.6228813465626571	-0.45494435719452253	-0.49899197626508673
-0.10744586678549095	-0.8735609095635142	-0.4358184478080683
0.42678335624967584	-0.7173559728368527	-0.4819379149957089
-0.2736847233608451	-0.8062511017449496	-0.4514659293174223
-0.6940288391978734	-0.39339565220518335	-0.5016717992446398
-0.108066272916419	-0.8510918227372987	-0.4916740706829778
-0.4946142534960395	-0.5888118321184477	0.6310637982806772
-0.4362833216783472	-0.5409789989761221	0.5069428853257631
-0.48637240378360325	-0.507148144643739	-0.6634621232553085
0.2215513994011842	0.0551707292000331	-0.34381407964854827
-0.36571344532837397	0.45476693108471433	0.33920401421203844
-0.3521078274305665	0.04490604051832056	0.14030053033205708
-0.00484325104502902	-0.022194169296446915	0.5133746419467305
-0.2156508526067967	0.46125278752306004	-0.8518277277067688
-0.33188417156901345	0.28137949439008714	-0.07045851719106562
-0.032177199518786295	0.32195821796510815	0.9356561025583968
-0.2664534911711588	-0.5674185715598072	-0.7753352828697533
-0.31457634007105306	-0.5838752354117005	-0.7175579227167208
-0.160085705135132	-0.403583303215829	-0.8681600319517847
-0.1882514346450787	0.5358151450042457	-0.8151858131962999
0.008822373936838181	0.3099318672956685	-0.48309766554406597
-0.338774460624082	0.6559068398388955	-0.22856109379146855
0.2209912578858769	-0.04790701671113683	-0.9693496459613945
0.07941203247636756	-0.12765342129643842	-0.947994620230569
-0.39814031644874276	-0.5182064488822233	0.34319107900642215
0.47397597987566187	-0.4712918141326774	-0.65347756677863
0.35796361575534397	-0.0239343042891434	-0.41614594496183993
-0.32949343052920127	0.7610695295194767	0.5557134386815862
-0.29178427455722666	0.6754161091710646	0.517449445824036
-0.32264646111616313	0.614522061527357	0.49783223344567784
-0.429545857396259	0.6286906732976127	0.5541911190054334
-0.3204149775782678	0.7190600081686587	0.5445544952139403
-0.09674823606110322	0.3313874999261101	0.13930912585122407
-0.5800539292268385	0.6133400485560303	0.5313718221211822
-0.5327547560212844	0.5977071771105008	0.5114106002036988
-0.5515158019105596	0.5974904025313474	0.4768024615896089
-0.2496394339953705	0.31917133482271437	0.11273998371220233
0.5611729094099321	-0.805711061216299	0.16251907986795078
0.38297123128547156	-0.0048371379148240655	-0.2501639985934455
0.35407992728012294	-0.2880478564649753	0.06926277563564036
-0.6635542372533673	0.16990949208969577	0.44100686675536155
0.8645518895213804	0.21576500659486406	0.4488048043270327
0.759343596683502	0.19526498506668424	0.3771183068930022
0.2909600990168147	0.35086695393239176	0.2193378761517721
0.03443253842991564	-0.504162478145895	0.2872133249898499
-0.05178379064720778	-0.01235383546721951	0.37243886900718814
-0.6287754505526283	0.23073058288691797	0.32067353243263685
-0.2363378709866828	-0.5777424333593112	0.4421570016433657
-0.37237603548766757	0.7119578181533887	0.5933404097027205
-0.22829628296857013	0.14527876600000053	0.3727045290293934
-0.3936722831868677	0.622786341123756	0.5875686562117168
-0.47031769110621713	0.6193885075966712	-0.6138493827301068
-0.4172192321966107	0.6061468066052143	-0.36683118481760474
-0.4101171282338081	0.6819191482789982	0.603061169503831
-0.32385650283541956	0.6516035401290926	0.503746957525001
-0.3465696245111441	0.6323507942894506	0.5092208617984558
-0.28804629411323046	0.13239644784672067	0.11008506052591771
-0.25374990704173	0.22343939352126782	0.1230837077960844
0.3329564357226737	-0.02516780218097511	-0.29125846750487644
0.522521260072058	-0.052019954276364695	0.23197351061990532
-0.3584591559012276	0.7139775951202941	0.5993371184227841
-0.55881730661012	-0.6596298241681136	-0.49689022715864384
0.3703401007362131	-0.8821636822679082	-0.012884184167920145
-0.5149260820346835	-0.6710102778379635	-0.4863240260885853
-0.6459618697273956	0.39722814956730945	0.09474725961658124
-0.23549735622484608	-0.21625450287674405	-0.05740628722138958
-0.6218742236313922	0.4727577439713683	0.6140016247504725
-0.3764548179115334	0.4169271153094195	0.43811831473907237
0.08932267429141104	0.3819662771709355	-0.9131044803007892
-0.3231498829443223	0.38848272097605663	-0.05870718357043107
0.15503295333468367	0.24701693476234307	-0.5896758855318642
-0.14294032752618918	-0.5042328602081715	-0.8285135215612286
-0.05151215300202862	0.40762748776240854	-0.041024834517439865
0.28906193039891676	0.02551883639543245	-0.3775570832880545
0.33507395988114747	-0.6451022503445346	-0.16972704281461956
0.2706899321441206	-0.02480372985956324	-0.3692925339283859
-0.5153071529779295	0.5646187812248606	0.6369258187717791
-0.3184135527191251	0.5026279816671837	0.4896939668309025
-0.33644985592813337	-0.49909507373537276	0.4167650865116932
-0.08398755134990761	0.6041955734591085	0.7871617123955599
-0.0822717182375553	0.5615225669319769	0.7378346834592404
0.08285649212278832	0.30064520323135424	0.2057079642002408
0.2683915656165241	0.014339450013182754	-0.3355340128566423
0.47938795520850713	0.2774706102394283	-0.08265599251489103
-0.97926910846663	-0.08314854376790727	-0.1115325044528747
-0.5298405586722217	-0.12889722349128707	0.5060680308996188
-0.5010393278342938	0.11417613097916329	0.1311439660297109
-0.3920778632359828	0.517901494857667	0.4694007998368377
0.006796186370030084	0.6763652324009197	-0.7282734591984815
-0.2164199558308829	0.33731824909256114	0.12921563613497228
0.2864740716050698	-0.047450866048844915	-0.365122402364546
0.07774585609641592	0.07238728618532485	-0.9669460978457365
-0.43197419492555694	0.3069410977273267	-0.13791078900238363
-0.45783395812437877	0.7607257308470537	0.45617876349900066
-0.022728334927939547	0.580603797595272	0.10818572427345503
-0.43562593517859405	0.7300374506691331	0.4154239882407015
-0.20378001211011457	0.7922094792543193	0.5725931525745743
-0.17000325397175742	0.7530263501263286	0.5204244844410827
-0.21918628543691054	0.6384762477107457	0.4820748897854941
-0.045030876814815775	0.3372800171011489	0.2897926242020729
-0.6512997371148107	0.43803333677926526	0.6133989268223649
-0.3065556270386304	0.11246613361764073	0.22995294219656187
-0.2512920479377969	0.3702189705436757	0.2677523358490677
-0.40281252098693776	0.09597130032951308	0.09941058470770923
0.49448651469550264	0.09037818526051562	0.19885810852338676
0.1995869749919773	-0.1764431868414361	-0.9286431329565834
0.5190025440103706	0.11506439727808962	0.1662004551896218
-0.13333900533877507	-0.562984568345249	-0.8118298626141672
-0.18457021929680595	-0.35570073849078876	-0.8725468495243297
-0.9108981309280588	-0.3795846572816445	-0.04931644888217796
-0.8398540580323556	-0.12387449006972578	0.367112009119074
0.3647751215162672	0.08825284623642082	0.2615277901496227
0.4310462824809973	-0.11418111632293684	-0.29772384927814344
-0.23121807872058348	0.43999823069009003	0.29927550918067963
0.17150143000112408	0.01175350619835906	-0.31788241215449
-0.3436042890790881	0.8830613953484836	0.29097749465985623
-0.24009390254185517	0.6972729988132603	0.3319947538823809
-0.3271009880809478	-0.053038355173450485	-0.9384242778324543
-0.28723828176994537	-0.09446026917744739	-0.9238173176285767
-0.4412509244940156	-0.07935793876364175	-0.8347278771634498
-0.3019536813188736	-0.16261601047226393	-0.9056318280325872
-0.3761436168990978	-0.036938884838831156	-0.8988115245789174
0.8613009336756245	0.07728796659381858	0.4354167647339005
-0.2941197010400447	0.007816842923090326	-0.9281279758758239
-0.8496664356336493	-0.23923718007748726	-0.15160250044948853
-0.09727568084465307	0.006867240249548454	-0.9616534325686592
-0.2063144001674328	-0.06009472977461955	-0.9448940213548884
0.3333439442041911	0.0055795036344954314	-0.36903713128540255
-0.19764194867008467	0.2395255773384563	0.08011608004125743
0.5797226410874097	-0.7103388847253603	0.1698084418939655
0.4290049494582622	-0.32817725116449964	0.0900841220940094
-0.4261255083140266	0.8952073083802493	0.07529389302976064
-0.1796159925497846	0.2002336188687995	0.027221794200201117
-0.4257268453699856	0.8944334522760657	0.07525765168985368
-0.40919313346739233	0.8628944809272238	0.08042339365296429
-0.21236813339253408	0.4799468875508592	-0.0006325913246647303
-0.41482533754017914	0.8652889794397581	0.07737924102557098
-0.3505930880599177	0.05264560766602466	-0.06945129785202271
-0.5541201238693004	0.051484510531327014	0.5805200507710494
-0.230005103424648	0.7462567159139363	-0.0006873599487489087
-0.8131689399027635	0.1108376558395121	-0.4863950537654414
0.011279552150988043	0.1755136876842509	-0.3720044110485785
-0.7795092112622768	0.18351063084877559	-0.5017014256227784
0.18226518843809916	0.09842906220274344	-0.4539324325982668
-0.5973936691243243	-0.31985529654954886	0.7258897690148078
0.5567569780238998	0.5140442700903948	-0.1675693230067587
-0.27876096873737594	-0.008234061452458119	0.44951702090899864
-0.451542445043142	-0.40106919737475577	0.5311165145206013
-0.2673998427455189	0.559622174561561	-0.774816462375314
-0.3225326495321306	0.3610323536021856	-0.14459125635808137
-0.18207747595835186	0.7424089224433857	0.641144566473201
0.7727335221119858	0.11216612956364562	0.40254488733118426
0.5047889742001167	0.047132255710269265	0.11856780308568497
0.7784707956842785	0.10090438207120468	0.3884465086672867
-0.35880458545491817	0.3662917265736291	-0.8493366754107109
-0.24914783456645992	0.291030081420384	0.030447983669662018
-0.30069363578910613	0.12552785981366654	-0.9393804726193665
-0.7076425154979957	-0.5464877629060928	0.1755432366944745
0.2977691472582629	-0.9337396616527833	0.16942861283541974
0.33959844004766854	-0.37318706351421477	0.15171455960087168
0.2717276027215632	-0.033849891521550796	-0.24204068001822332
-0.3176858234370947	0.09839391717673607	0.21907756474740006
0.49826992186989577	0.2712212278073379	-0.12619127303180955
0.9447389406630662	0.1257400801231443	0.280638261124111
0.7548163984925079	0.19356694343050412	0.324968073617177
0.7474690970268534	0.20650955201762047	0.331785804174595
0.7146808439480448	0.15894871614451564	0.4041911002910576
-0.8166566702865795	0.028337038425656113	-0.565258601745788
0.21625114354625896	0.791943673397415	0.5515175421082514
0.2562368271274497	0.3906620159207549	0.10412486170174214
0.8020877613692445	0.419346255320014	0.4135645661795449
0.6983474338176752	0.30268394920525094	0.460054021568726
0.700237829197012	0.2206772586082162	0.43360001665669545
0.21570462206588664	0.3771956142967729	0.3626439622552523
0.7352272818910324	-0.5586178736242342	-0.21753430529543263
-0.3973178538805592	-0.18799096232139212	-0.8554919234077907
-0.6954922609522656	0.7021998022891777	-0.037108872592461116
-0.39254597471646935	0.21145314939382678	-0.10633563429986939
-0.29482244327745916	-0.4284356363103049	-0.7990225503432407
0.2687894985618094	0.029510458492488484	-0.3889630890456339
-0.5131711640539318	-0.5794886668277425	-0.5857714406468426
-0.6963547326154387	0.31767552644056835	0.04309964563531579
0.8677236610768319	0.1484304208388049	0.46957078702018723
0.7596882493443948	0.16477993495246576	0.392730058242403
0.4228383797016171	0.08708082803594193	0.14150817687341816
-0.5806960538631285	0.6770848663373586	0.4468053604189162
-0.48148700750624523	0.6450145285398469	0.3998271210858721
0.11787779016656914	0.45297069836571885	0.8723484710075151
-0.36856099229212846	-0.5221435378498999	0.31308561109210464
-0.251348103883791	0.84935683458395	0.4593430279128434
0.025174514017731322	0.360079860300025	0.15576989856177043
0.2066460788820618	0.5066483481281991	-0.7563842392333356
0.24143073945765542	-0.010584101184046735	-0.35308661240314543
0.30992992218306703	-0.023300330871073752	-0.389098455435114
-0.4116665969916811	-0.47713072356212277	0.3977659668499244
0.08334353244624734	-0.2107600230899782	-0.1119930963941677
-0.35999115165257023	0.2293631587725437	0.07937673897063681
0.9018671069227662	0.37982412859279474	-0.18692739237893694
0.5058800850209203	0.19303249782837642	-0.23030787461161545
-0.924318887326723	0.021195011024245133	-0.35091743429980904
0.9308955392637169	0.2809977393461196	0.2174872808625567
0.5859261690892998	0.4222077278687354	-0.025519389268297187
0.7591988758216214	0.20811731059110575	0.29082797865882026
0.765587412677655	0.21759430189369822	0.2484660519906398
-0.3686101157920974	-0.6364212266213998	0.6690412791831832
-0.3844659032033705	-0.549530785232063	0.5346718075584898
0.2644180986019919	0.025656695748761536	-0.338854707812309
0.07417318377532418	0.10508761657618008	0.5437064371770455
0.7381942506333308	0.1758571166546605	0.6447704277143378
0.6679752540126801	0.15509280324335006	0.4877998730679484
0.6528103712971715	0.15036655131521262	0.4621928389140699
0.6830546634240636	0.17021153843127867	0.5218034084078672
-0.19772616482620012	0.22747893591714727	-0.9477762022753563
0.13102478278018254	0.1475233506811081	-0.46748109144571975
0.676024629178142	0.6788356350484789	-0.26817766381093666
-0.017287288937465187	0.7780613299914589	0.08694698349912804
0.41162810994293625	0.35742090317390757	-0.2688649283712211
-0.624046774824089	-0.015205448472413233	-0.7375784075211043
-0.732855745168687	0.21408686792838727	-0.2991235988695716
-0.6609977714259675	-0.586978258892498	-0.40971152540187294
0.25576551805662096	0.032865641264198484	-0.3560186515735498
0.1890260561023927	0.03573879802682307	-0.35234643178729474
-0.5457346667868961	-0.6280985005740652	0.5486834940876286
-0.46833725982400676	-0.545721225664688	0.4923646959940603
-0.40919067957758914	0.46817332097567516	0.7784170077527456
-0.3753343357139082	0.4394425981070157	0.7418088616200041
0.046778524626569465	-0.9583477693767476	0.2683755605202048
0.06678564515034285	-0.9428059674539864	0.2783642059606758
0.06894956776508787	-0.9445242600811858	0.2783463992355171
0.27315645779870834	0.471757247587561	0.8251251593905905
0.30702025289711954	0.20025828757298614	0.49371157688632894
0.8794865921679329	0.4339726661330548	0.15248700478214047
0.7179612800686965	0.302807485726582	0.2365985247342785
0.716002608007283	0.296796322208238	0.22101144197356276
0.6103137446900887	0.36016381398475183	-0.2401071960560211
0.43316881256901624	0.35827455303122824	-0.17471514008763972
-0.36027863126061993	0.8059156779989869	0.46466798683726646
-0.23958644028016085	0.44405267465232195	0.3398999395964896
-0.3632211146196641	0.7784511507727202	0.41352314329593337
-0.2703550159017943	0.6517132527482067	0.5055611192835653
0.2082700524128684	0.05564570747245841	-0.3206871523563797
-0.29450232309458974	0.24586198051797484	-0.07500950332707917
0.40250621525693137	-0.7569352842595309	0.36093589725075503
-0.346771623278619	0.34289314019798517	0.053292474232003666
0.332109885583337	-0.3824943302201499	0.20918728643581183
-0.8351337110329702	-0.4983610260795998	-0.20249692662133886
0.09319562227730827	-0.5513661452725909	-0.8166972140815653
0.03476143494378842	-0.4282640597041032	-0.8707904439381449
0.30480631943238357	-0.6350091525628985	-0.675755497662026
0.25991885157897077	-0.4640768845285202	-0.8195321270549448
0.18136995211695364	-0.6248013860614466	-0.701391166412898
0.30653928407292136	-0.5512283203270494	-0.7038039779889521
-0.01964695186965042	-0.47068815344880044	-0.8421614378318771
0.1283622350917515	-0.5352846850055812	-0.8116391021789658
0.23314117343153512	0.002353393161521236	-0.35139814931463326
-0.7725583009420822	0.20700018983027244	-0.13752122902693723
0.2123336749120962	0.06338677702969092	-0.3556186504791752
-0.5590726679806657	0.5786708895501745	0.5909512779119847
-0.6257298179056072	-0.37143234488490307	0.6771426767161713
0.28501474933190163	-0.8998869692632837	-0.14703272353852032
0.28955661043807146	0.028942413876186297	-0.3079200132225146
0.7838491486971237	0.2636331867068276	0.5546824774223619
0.1884189504773889	0.08397827727959545	-0.4520067018240402
0.9019607921327136	-0.24471306911167687	-0.3326143419940313
0.8743161891972772	0.34406321733596973	0.32534565262908544
-0.46042171775440505	-0.5435634772251435	0.3434916681474383
0.6279224236920813	-0.7603251178812622	-0.12731886192596362
0.28465561741937173	0.03680461059673826	-0.35856359246536285
0.6266562163347797	0.7477256673148918	-0.18977366955168004
0.33021356058218376	0.7384163013541071	0.03514223720691159
0.410016607609601	0.40831917250489164	-0.21311819511849758
0.31312217744545745	-0.009974796126518477	-0.37391626456203725
0.27062652236645796	-0.04704384972385406	-0.25875944752264923
0.34068333346717217	0.022421262581479442	-0.39061864013214015
0.7231083833446396	0.602130063726675	-0.32042682345309575
-0.5099535106209994	0.7686040978470495	0.3795652703635692
-0.26460894518937833	0.17925033752614625	0.2788210896762049
-0.4887963726693107	0.7331410846686266	0.34607511223975274
0.22535006953849482	-0.9701930573983509	-0.03446717731239083
0.19747014077432753	-0.956744818094886	-0.020935822400615152
0.08618865846412392	0.06812489790012899	-0.9905380937836965
-0.6131375102775102	-0.19147514764253362	0.753792137941477
-0.567886297708484	-0.08126421917732816	0.6719953403730003
0.2039960767480222	-0.9373489294573433	-0.17440083094195
0.1989025330541077	0.47614323079415616	0.8457630374521938
0.3200400723239529	0.00245187876172326	-0.3807463895997403
-0.46151423803462355	-0.5882036764095135	0.6551442140177656
-0.4265299674977967	-0.5214669726635053	0.4825582120104852
0.12952165450525321	0.3298059997129659	-0.9294948630996279
0.22511837666802859	0.13558047788462446	-0.4166153765468049
-0.34811148473939646	0.658129866041232	-0.11443521562058805
0.17106914647738228	0.8288810542244007	-0.5181642383398019
-0.7419922268483027	-0.017898616901677496	0.45052511682312923
-0.7394186946830846	0.13968215478889767	0.32521225213284816
0.22838499292843772	0.008212103217122776	-0.3468489324678488
-0.5930793234365237	0.08153509972542311	0.05988723416469473
0.3179871291783389	-0.0030982745543621207	-0.33371798107029027
0.8203919656561705	0.5005309884942308	-0.26030005500740216
0.49148261255055303	0.2646181217787613	-0.24703350304361746
0.3990991022636258	-0.6788879530776093	0.6021305666779571
-0.2572250605923437	0.23000253590946548	0.23152960373960205
0.0683570525185998	0.5517264574039104	0.8236253775061203
0.42023255936982906	-0.8467568769710423	-0.19089909463947702
0.4906316202665073	-0.8462114256351484	-0.18487492989944437
-0.7370582676749374	0.6262339209309851	0.21723776687896504
-0.36072693559298546	0.3017224063671844	-0.07204951912942044
-0.40929102066325634	0.8300211939668237	0.35608875472363133
-0.2602812065185914	0.5740754595892653	0.3801470977680299
0.3055247063164416	-0.0467194819437086	-0.3004521004264205
-0.10657572403256871	0.8249082382085045	0.5484854973234755
-0.08657664722426849	0.7915980408890786	0.4918965601364902
-0.3725878659223035	0.27523945880724	0.8734572401602675
-0.3081612633458587	0.389364787840695	0.04378570539537785
-0.36637561453756073	0.17998599738650867	-0.3228133694989383
-0.6933696766435723	0.36954405770498866	-0.18414621341517992
-0.6114753963218136	0.07975209092626892	0.5470975336945177
0.21662193734281524	-0.9572841273920424	-0.17508903713892615
0.5677955050134119	0.15010671798613792	-0.8042830084497958
-0.07493719204292683	0.5229925584088638	-0.8413258137878399
-0.30228718474513655	0.31882043272299915	-0.06920756663502169
-0.11286474362376057	-0.18685665523959785	0.6108988614560603
0.5774346460440799	0.6475970292217603	0.4758580218556384
-0.04574207960567412	0.2103515257536577	0.3563202636441225
-0.06032030544886681	0.24955203389401237	0.3308702674049817
-0.4036455935633585	0.588024613373016	0.6984072637766554
-0.37763079537516936	0.44784277982194015	0.46528265491387294
-0.4182527301984241	0.366767393733407	-0.8214158199675742
-0.33173569226196326	-0.4396737392667971	-0.8054961249386076
0.27693327699026343	0.014405459240435174	-0.38137714550239643
0.8417568407219372	0.16387510214593276	0.5092075535064317
0.48886337923593765	0.08658714855666064	0.1868011627486805
0.3390041484761493	0.2480150951675421	0.4065844794545291
-0.3721941723611271	0.6535977589632479	0.656523947464604
0.7494418578399714	0.3200583605282369	0.5740273923247647
-0.40111819857292325	-0.5329704474903131	0.48781269295371965
0.39360640335119795	0.2813757467540555	0.3930533047906945
-0.30132901629134246	0.7666959046271624	0.40230530189669156
-0.4698329123081931	0.6643556414870824	0.5278520994490645
0.266533397516195	-0.00812640942553148	-0.24691505288180152
-0.06461209850063322	-0.8906987257543059	0.26954416133011627
-0.2922505047869739	0.32370936801303785	0.033747429498889925
0.3847483962730302	0.0392533150200169	-0.36259599262001607
0.30795777150277165	-0.052793584972948254	-0.33183828962331074
0.5306031685170786	0.4845138841794156	0.6834996584494414
-0.29814899995616395	0.13662293204911866	0.7362438332880505
0.3436067504384506	0.2867723474022213	0.2363841338237449
0.012852912490590979	0.7174353000059085	0.6850394564534378
-0.07133969956602085	0.5068207315540446	0.4709342723289065
0.3204324579341546	0.009029206840931324	-0.34740756502347503
-0.5089816400991587	0.2608525137071352	-0.8137196746068137
0.830473132568208	-0.37800581997507554	0.012845311155930236
-0.2151702353058956	0.8320732726670493	0.5062237849467881
-0.08551002893063696	0.09128149465766874	0.35005033617425785
-0.5630039186795052	0.22374759420168353	0.7819689326143107
-0.3878436255198968	0.08057888729687984	0.49087298713062655
-0.6477468754458124	0.7267165786108247	0.18371443716924243
-0.24374873263718577	0.3363934419834526	-0.015400596100145478
-0.6219621001279938	0.7685717137906157	0.05454238542384269
-0.5826526037634959	0.02596591533428907	0.5679918160827765
0.22156541602699287	0.0010159894198996367	-0.27823038624701946
-0.5785684839804861	0.5700200749574978	0.4581038947648283
0.9520127172607554	0.2225274872161988	-0.18477212526223005
0.5887114559990513	0.05326497030486665	-0.06980767319048828
0.22848961073592575	0.5710738503384128	0.7731075369450496
-0.10462951075832269	0.7945187364013157	0.5925573619120807
0.20476923366962013	0.7167580997950024	-0.6551396204187592
-0.27597338791525156	0.30647578136888093	0.03141296961161693
0.116118528482552	0.44984098418371166	0.21198876088440266
0.1869837026205967	0.8239402660709942	0.5154201203891687
-0.6777894698364296	-0.6022644970356973	-0.40893431642049327
-0.4011997890058918	-0.6483206782686753	0.6395448449093942
-0.40530887944894944	-0.5560693176659653	0.5336471603955294
0.3075189888098535	-0.009901444069309123	-0.39533818556618266
0.18418999758413365	-0.309566532393723	-0.8994160941306056
0.27753483959485736	0.022969165382497266	-0.43067165017331843
-0.14351745053874462	0.688753052472068	0.7056767819113966
-0.4316986447077534	0.6188704824077121	0.6534658893304882
-0.14131929970144727	0.1848497841060102	-0.9682586384306904
-0.31177129913822466	0.2927330291705551	-0.10008737940392734
0.2415250768285347	0.6337642220646555	0.7201636186440196
-0.30364387313743973	0.7632559435358579	0.5663500803433525
-0.25687568010214784	0.7198118498180627	0.5418730311204031
-0.39530449808803847	0.5822940184470317	0.44648691957605247
0.04702856072218892	0.2856349682876628	0.28375550550506456
-0.21444484662748783	0.6760956597681249	0.7011420113370452
-0.20432735789850792	0.2404650790951444	0.03872726401388
-0.2112969513640284	0.6391510024359505	0.6810338820682459
-0.4594416217777331	0.5070820959925664	0.7244112124774438
-0.191823990776672	0.0397546241534511	0.35606639942035057
-0.34300192883937347	0.4898991609416146	0.646486253167315
-0.6717757784500563	0.550555963392854	-0.47975241166389315
-0.5974200156328237	0.5077580328196556	-0.3033523436128177
-0.4424416652530726	0.7848076913766309	0.4244386177084223
0.5773931172689627	-0.01786008818037124	0.5256925321506563
0.5773754942326382	-0.033925710407474156	0.5434692339811779
0.263045366235063	0.14768181329818736	0.48483052620166506
0.21033346748516119	0.38493853618252316	0.8843704255269573
0.16207001099508103	0.05303742250462304	-0.38802236591053807
0.00796808488904541	0.7692940413895484	0.63274268041647
-0.17670468897691602	0.5783351516499583	0.37295644036233944
-0.5308303826198912	0.835416467244916	0.008886809824424611
-0.2566972703227033	0.4704965989839918	-0.14781672524260644
-0.6176590588719225	0.39208257915565975	0.6658429762298528
-0.45881464290726176	0.38821689897343825	0.5385521888163074
-0.3968825769621121	0.7421940742735449	0.5373498895300256
-0.4145713540944989	0.7094319079117982	0.5084209445300767
-0.6750079529490116	0.5568073253461469	0.47081661027190086
0.30643423422881383	0.6124430411495031	-0.7218180013031316
-0.1788725283093122	0.24621926778086442	0.21137703873880673
0.5835019543809601	-0.6312835325141406	0.4957769441657256
0.40280742793038243	-0.3289979993024075	0.2500920158274247
-0.6285119446670008	0.3964484654943846	0.20789357340065953
0.2908988183817306	0.00316362671373375	-0.3896328542732419
0.6413101848815087	0.040714772585161436	-0.7605861126870361
-0.7748915428440332	0.5897374901578001	0.17280999502482633
-0.4355759085603957	-0.6363134689794266	0.6292395903638607
-0.4216771220502353	0.18573976786201987	0.8722065237215693
-0.10667747053671718	0.012233047128668609	0.396418955903804
0.8722214685650277	0.4735492241498831	0.04107606659035352
0.6881603122323008	0.2949442491699921	0.16773348186225473
-0.664981662249935	0.39059664175660924	-0.6265407212448566
-0.4002541873881274	0.29762553899583893	-0.06810721851316545
-0.42491853697224313	0.6368082355287664	0.6411770392237748
-0.7860772579140869	0.2688121485784586	0.5346468371430125
-0.19406005906455923	0.9003302794036859	0.370074141993205
0.25578335437354366	0.022040896971403656	-0.3840069730603638
-0.04067697060326972	-0.38062351100886693	0.841356788130755
-0.41962575849956596	0.02262304809541477	0.7165259844664221
0.00427019486463388	-0.25388852107382887	0.5781521258186346
-0.5293679135878475	-0.6007145003537671	-0.5943146947183929
0.2578956065679157	-0.02395956095849859	-0.3822295374808778
-0.342741998383045	0.6496394875986172	0.6764129999637427
-0.35006054747043724	0.6171370981521817	0.6584531080256
-0.49841800729027586	0.526875183965117	0.6847278108385962
-0.4784671976961748	0.5145440787457575	0.6569075543030003
-0.32441917813326	0.23676065469398136	0.04687304303212388
0.2749283491500608	0.0005609177468062539	-0.3775263859693195
-0.6898646281943072	0.5682603736458202	0.43603818106215697
-0.35866345636767333	0.49683323704538757	0.3910391976139221
-0.5493814747056541	0.7178853055394391	0.4219892759224848
-0.5356633125013719	0.6804235813491907	0.4011152982127235
-0.8780381988665337	0.059500898162579155	-0.46189885539280956
0.4607027005363392	0.2766801530632692	-0.10493262949534306
-0.11790568428484148	-0.26390178422316973	-0.6010822318345184
-0.3956205295752354	-0.408270176825287	0.336264429321042
-0.3423979184223247	0.7799376930254779	0.5197271333934746
-0.23111580013761548	0.20246310252068395	0.046893847620187605
-0.319320675432573	0.6029857737919676	0.34592993520360454
0.37579211422029785	-0.09093624318607328	-0.3751636672987131
0.26214477112078843	0.25800268772926377	0.2722264360475899
0.19854019914360094	0.44819202333185326	0.8567935106483914
0.06330986140532358	0.8131839136662198	0.5596361034888929
0.0015237394206397495	0.6145181288162146	0.39928396560650525
0.559669630798168	0.19222004996693748	-0.13180252900184125
0.574008843928675	-0.09862132485417047	-0.342356809254012
-0.5159227893733261	-0.3265465602387556	0.20829684152477687
-0.31995381600098866	0.8422083672195684	0.42625283126391544
-0.3026407207942352	0.8061609511649697	0.3693328073097261
0.8945736699454172	0.1871084473263964	0.39983701870916477
0.5008599158176753	0.11381585569790073	0.04221461503746265
-0.21159286882211598	0.34047686199545796	0.020391916019365887
0.1379509458219479	0.43660682307400506	-0.8318664618819286
0.5492694117165237	0.14316562600453162	-0.48379190964888735
-0.2217050135274625	0.5340843636224576	0.7330533479784939
-0.6534101031314572	0.27385185883297763	0.21365279057031716
-0.4466130787962771	0.7979660778948326	0.39813793371148704
-0.2662292508212519	0.1390157106956486	0.3236674930379085
0.3344121434496557	-0.549055731824217	0.6852227835171659
-0.0010329125860402068	-0.4099470563863482	0.4940517962540337
-0.620267515982881	-0.014377564347750116	-0.7771959853351557
0.3630273842592584	-0.9200293823922167	0.08439036582067767
-0.5744972046913289	0.04611457586019382	0.18572165896268372
0.7094191927749606	-0.1698332430092527	-0.6751331046843561
-0.18785928202621507	0.34562908865129344	0.12872009701264314
0.3098768571636791	-0.037826489980827674	-0.29912486352349166
-0.08468837759661237	-0.40649999062687037	-0.49818024679629586
-0.2687026836997978	0.5334204829466432	0.7943524379560138
-0.3015160529188626	0.4877205541820903	0.47005733576861247
0.9121753589510178	0.22852466314049477	0.3322470051439106
-0.5911689909840914	0.555151677018523	0.4853074167053203
-0.0994281487320052	0.9681253807123081	0.16890615184484062
-0.46582204054488513	0.1250437603149318	0.3254268873854293
0.5327419104027925	0.5736094245987742	0.6060219191014783
0.18623138432002823	0.3548748532318835	-0.9109477108576778
-0.2550845748575222	0.2816133820411521	-0.04861193779365758
0.23778754747480885	0.0008129642742448701	-0.388984435535916
0.17302480669992315	0.2859375122448789	-0.5825968061443679
-0.7132610346885906	0.685788190800717	0.030228622326336475
0.6871153950185138	-0.7147366058803426	0.0747462904051698
0.2878943665145991	0.010134836899693063	-0.3609696116362007
0.7693635313387489	0.012278048285378587	-0.6277140325259462
-0.2738425875165769	0.1404277543746188	0.1535394123553562
0.3338742550920072	-0.2589738019493557	-0.9011023969758432
0.8952834440197708	0.2476260582815075	0.3645154829515384
-0.09333706807711807	-0.1551957133660174	-0.9471034160668373
-0.4086951036708409	-0.5149709353301964	0.746715391187776
-0.3971406946494369	-0.5062973990463162	0.5560349288519855
-0.7680453368754132	0.564097199408724	0.26910486668786643
0.8258935068720892	0.2765672298300479	0.48473483581057625
0.7530053751652402	0.23131107275577303	0.4083919593172524
0.7461505143047324	0.22353304827949025	0.42535510726491316
-0.6279608349305432	0.30053245640724413	0.7032554122554702
0.6007290485402886	0.47404428773522306	-0.6343907998424514
-0.07920222733448026	0.29776165244523967	0.023753368711298056
0.7639446048433127	0.605661265782689	-0.1970568616927411
0.577926533006427	-0.8032448476709947	0.1245900487001649
0.3346212560735242	-0.45589849711086466	0.08476005000184178
0.6045062931042628	-0.712699916557107	0.10433070672198211
0.5279179269949122	-0.7508114651117984	0.22727187815692135
-0.45485186453434373	0.267825675366157	-0.841242727054932
-0.049047864389306535	0.20086440966330688	-0.4384779020786454
0.8715969614020084	-0.4536290829710737	-0.14410672227218466
0.610012074128037	-0.2527753421175019	-0.1440272122530163
0.2149119238683491	0.041652258399186556	-0.37524540128409123
-0.4963549511314602	-0.8582726681273946	0.0850413200952901
-0.5294423435463598	0.5103279130672786	-0.10397890386941201
0.40739957358065393	0.6914035409558145	-0.5886397398566894
-0.5733626861666876	0.5783773389841335	0.5732567646989176
0.9337144408453045	0.3025104054074155	0.15394116096587124
0.7654616119079387	0.21654013149064516	0.2344370780590135
0.7673348038705698	0.2354783284482737	0.21528643594951197
-0.45604315506295984	0.4129581810184184	0.6957098277907565
-0.3102008315506386	0.33283623291482944	0.8780597950269776
-0.47366569064132075	0.5341092860429093	-0.29326264687643916
-0.46002694632111785	0.6642219249706739	0.5866607220140775
-0.5181055150913719	0.49467952106388646	0.6156353641831225
-0.882647375891673	-0.17983044226120062	-0.417616570394562
-0.3962724244208494	0.007329545650241064	-0.27044425001723016
0.8340471412907251	0.5165340427996944	-0.15940999646113344
0.46234581742422187	0.27241948588882453	-0.22719402551126266
-0.5997089101108277	0.7822203494384063	0.07243927155604073
-0.2968293364478361	0.03354625930853018	0.26310536783288524
-0.4362066853024971	-0.5752437945146207	0.4297315023075589
-0.4870375228977959	-0.6297171149878596	0.5960614859837039
-0.44742886453107256	-0.5603218087732496	0.5269919327499246
-0.4922589821418642	0.7220335380116691	0.4817815011884137
-0.4315166546378361	0.5584360935147961	0.3906087873857643
-0.17254917003663767	0.7413224057426715	-0.6347794760516602
-0.7559600284566848	0.3705977230656908	0.5212851254503281
-0.2266723782351138	0.0783114844069485	0.37191579133920377
-0.5248369700205712	-0.5721829238574826	0.6218757980500472
-0.4562855328216715	-0.5323288495369252	0.5241301073459013
-0.5100840268342576	0.6271553581540178	0.5841396847726035
-0.3889828952567078	0.47384910527184027	0.439841306137694
-0.3915445851525541	-0.2254262217054531	-0.8870794728654868
0.19828412885121152	0.07177636661462673	-0.4215864899014004
0.8447130699543806	0.1607087973434252	0.41626685433963134
0.03408113551238982	-0.19009833032084905	0.4102652074751069
-0.06323304750334488	-0.26092161971667743	-0.9376876486247463
0.22831417124187542	0.04519400803423053	-0.4398159000271392
0.10893928177600028	0.9449075457917414	-0.27449138483706975
0.08958608138595936	0.9288667512848517	-0.2503852317058629
0.07925722259967022	0.9037726736241988	-0.23565365676638475
0.12859210394780443	0.586479369828068	-0.23047496689641347
-0.2984196498013504	0.7999519063686157	0.5172478933088891
-0.28597732339959375	0.7338701845638006	0.5010469459908666
-0.6111179766832079	-0.46918585858516254	0.6286206243074994
-0.47641111570484956	-0.4883887172073167	0.5179139478422173
0.46302913399327605	-0.5612336761931682	0.6728188706945636
0.014729224789945924	-0.483567267028211	0.8649676276839671
-0.6546462654175877	0.34804353620086526	0.19555206937510586
0.40943635789044613	-0.6425437591066334	0.6377209979399372
0.3042967650615474	-0.31135888072136253	0.34750472911013647
-0.6206266524756376	0.46971387833148676	0.618468440232618
-0.04231343405230122	-0.2407447737000956	-0.9669845394316396
-0.8404498776083554	0.5202168420344451	0.032906486550909594
0.3436028678273753	0.11042298974283546	-0.43911988519001893
0.7066723591782939	-0.055987946448000994	0.6932953607661461
0.4432285805332953	-0.043962102621585765	0.3450590385973156
0.8202006298800244	0.29216401919070306	-0.47701290646053324
-0.8112795701481113	-0.5131442563601402	0.2560476010677205
-0.5806359048522406	-0.45983448952895195	0.3117029151298687
0.2566197939888995	-0.23250651704522052	-0.10798934898460473
0.3647032112645028	-0.061382558281235955	-0.43509714062925825
0.9355021413628378	0.044499921415009844	-0.326983851709883
0.08385189659766709	-0.007388519654786771	-0.9919109221707968
-0.5394351784270568	0.4644635650269015	-0.6922460369359867
-0.2592811274175731	0.31975089904514625	-0.41432765880221234
-0.8248178023548489	0.34720711686544825	0.4183414228502352
-0.47936816609730976	-0.3750748598071873	0.24837825460356533
-0.3322738422007742	0.2028266615490255	0.10314676996462852
0.2638964119315623	0.023842369616030836	-0.30851045236106495
0.033472902191021246	0.9213215623151816	0.35017908119217817
-0.6081185770715591	0.6005468069921739	0.5141065338262285
-0.46366866727443773	0.6946217178728771	0.547699871128855
-0.45245180017067294	0.6758048044759272	0.4892930763146446
-0.4130081474814763	-0.6022340180406688	0.3992708400149193
-0.24232781485047702	0.7602905793271373	0.5998157533940207
0.25291145151287797	0.012018499350578674	-0.3644148582602032
-0.19233617950397394	0.6296344562036679	0.748933853989519
0.37473458903202794	0.2144300761806199	-0.8948458056338915
0.22590120130765073	0.8740669296704365	0.39877753463888105
-0.6018223995455483	0.7291486126325908	0.31235982457863876
-0.5604545460882007	0.6700108857985871	0.30177731925368784
0.8841695500381799	0.3971387538554505	-0.21812023016505488
0.31148652293328666	0.4226614577483518	0.0499463139069736
-0.43114638676588524	-0.497769911129016	0.7469617385448425
-0.41245776795592115	-0.4953752261411793	0.5402721397243357
-0.34558887401754723	0.5631200736724962	0.6913417262617914
-0.47126713315423596	0.45571340118337766	0.7500308375538032
-0.5256550744700298	-0.45708886395632775	0.70687793378078
-0.44072582031632795	-0.48232550703460897	0.5451669796537865
0.5346031710963499	0.6459214213981475	-0.5301628332815127
0.3126013071901685	0.247507832410486	-0.4596464956942015
-0.02457395334326696	0.5330587143348815	-0.2771554966555867
-0.07588295866953675	0.3557531722908737	0.1816383856137038
0.14637331824945	0.10648624966858514	-0.4433318619524763
0.7517255959074252	0.646885913071687	-0.07358898184570745
0.43147200774998484	0.3330126771602198	-0.16044624658860052
0.6375499271520577	-0.3285062289057936	0.6814299858287293
0.23036444700068326	-0.25257780778362454	0.4937003303645393
0.46803144946480185	-0.11775330538681401	0.3785240479464153
0.2055219766762496	0.031472854274511394	-0.39085512121828253
-0.6458707878315265	0.7432279110110097	-0.07123225398791894
-0.6710227584882913	-0.38381614668780667	0.6237118398483618
-0.5100532004060365	-0.41470350175236087	0.5121934973802929
-0.6405333513930882	0.5190244167970414	0.45708152518769246
-0.7984202810850834	0.5599774392121096	0.16372441778127725
0.16607220034411854	0.7136505363692699	0.6651605804127203
0.23514951335968837	0.038346874067725516	-0.295930503702281
-0.7885257294810124	0.31807905157526034	0.504954269626634
0.658885736585742	0.21200099457827723	0.7123931727313079
0.23166346152049805	0.028311458337537784	-0.459308685525361
-0.33862055635533694	0.610613751732431	0.713206927750218
-0.5489823766086652	0.8071876341057543	0.174687341607515
-0.4165355716515055	0.854946058202955	0.28362679880730407
0.4231039340202815	0.37201528871151385	-0.818689748026836
0.6157982651248999	-0.5259298342786861	0.572555544808809
0.42596077672315846	-0.2952444863386536	0.32481338422751704
0.6841352797968688	-0.6995071605940539	0.17929817395889633
0.47844048466725647	-0.26591993960802834	0.0475604090457477
-0.275630510624896	0.6371425231505732	0.716878030620813
-0.23101557974871012	0.5924061579319877	0.7683387016633104
-0.5745197858797968	-0.695462989704583	0.4182918392766446
-0.4645210549888666	-0.5706911799472892	0.4338608108433495
-0.05176729536143783	0.9542751094394059	0.2498099908306241
0.16035524950668634	0.8564557724702038	0.4674886893328353
-0.6701817447503633	0.5548959055967441	0.4876701562746923
-0.22294959351476154	0.7712798054300376	0.5927691194251204
-0.5459930396698784	-0.49519173799914784	0.6696804523295738
-0.4643908442376181	-0.49079703856356255	0.5539120701198695
-0.23416431231999763	0.425911612141026	0.8640250432208136
-0.2058904973384373	0.3368091937084587	0.6651732676219119
-0.5421283258865135	0.5167177143133302	0.6580582190577926
-0.09158154842291322	-0.3612039966537302	0.9176996946961241
-0.1852632490842453	-0.3489394145828342	0.6503445359704506
0.8025853022380002	-0.49164142465448185	0.3005838931492815
0.5224479005257029	-0.2660035093084808	0.13174921933711262
-0.6287919999520012	0.7196692015146866	0.26800588517812646
-0.4918494101972236	0.5674838362687482	0.23536208706926162
-0.017397950883295665	0.6028973387903681	0.7875668524593812
-0.042726828642983626	0.45996689243058503	0.5870330819858715
-0.6730320753486808	0.7188033962856544	0.09360775976312599
-0.6040046490550279	-0.6092020242526254	0.5063958181071175
-0.4819778766398526	-0.5402514303737258	0.47560599944005627
-0.7415507545944369	0.6371121938680366	0.1597963126849687
0.11303923813564551	0.9375464492678267	0.28971396633352164
-0.1496783152488935	0.8188001609196707	0.5449926627262281
-0.5498858021379623	0.14084894280610033	0.8095466383325085
-0.6581787761599456	0.6442158133860219	0.3703343158586579
-0.8367794153837291	0.4271100798339592	0.3024050717422326
