0.7057245989461639	0.6474674717487863	0.16437258592473225
-0.024159987758122635	0.1741297461986712	0.1075760566541942
0.04472489647898695	-0.033403387721193174	0.14595103220458341
0.34969184204005355	0.24749451371088696	0.48313671925962537
0.6663512910152032	0.05368898997650755	0.24623955459453534
0.6401644610219638	0.6503750093661783	0.04443590223195034
0.7437093793400157	0.6017107661178122	0.1532180490391485
0.17212767701374582	0.4049869983785663	-0.11289444140348137
0.3319744197177201	0.44822275942911716	-0.08005166038497018
0.024771128398096094	-0.2163367086183181	0.03836246584959518
0.02877257109907981	-0.093796733091834	-0.007452399548340562
0.44244840403679686	0.044217885152056276	0.7799314435178875
0.16039971483359403	0.2351714882419365	0.05174319124837824
0.07728686361673191	0.19478681468540443	0.6687790449215546
0.088870714720855	0.1873235676869117	0.6400581543157882
0.1453372634177883	-0.07561714279250943	0.28327914998042225
-0.3460716145786436	-0.08374735978210189	-0.05730519110326921
0.35304066701601955	0.6568853803619629	0.6219234448380544
0.12374491138241349	0.08778621731199178	0.24294836295758648
0.1430279564125507	0.3717618617160965	0.006353306464177288
0.0815852012341373	-0.1539408930208605	0.07700636020447209
-0.11306665330572423	0.2011783554889892	0.23499358184501576
-0.014097130616824204	0.2606100254701323	0.25535435411943436
-0.9224436221454848	-0.22651562352711155	0.2947511326724769
-0.784706863799228	-0.2592317457407228	0.2176519171537195
-0.7841808577586039	-0.24098202433873386	0.22147561327554346
-0.2310409983902464	0.051362529649997525	0.1588659300327721
-0.8644648504517769	-0.006752836007825234	-0.4628872936439893
-0.25892696878080296	0.3036991152333146	0.6258111326799543
-0.16126043682515706	0.20715343141873005	0.2182525314888044
-0.16992191860759176	0.21716653175593492	-0.1689008715113327
-0.37266203523788993	0.13319953379471824	-0.5676126706720511
-0.4826368598552288	0.15956110918157715	-0.5356230641970816
-0.1644882943998552	0.011108302493894967	-0.5781887799795438
-0.1707158159281985	-0.04375666602091276	-0.47495221870651216
0.09386815561207056	-0.7142074125573917	0.06009108884054633
-0.22849829700857083	0.7313286950862317	-0.6264938819704773
-0.12476233070498981	0.22281431738413082	-0.4922996952263556
-0.13626073066627947	0.18647635396200368	0.3348101500657561
-0.017050772722655327	0.5125581952065023	-0.2595513527887703
-0.23078657619260273	0.4778669642009901	-0.5067465047678663
-0.051563848579680674	-0.38255516578046606	-0.2617685345616126
0.23092595956024	0.9348107121232886	0.24424551352347187
0.15776877381764415	0.5665496603931433	0.018457164822234872
-0.07033305310864146	0.4836461162113055	0.8336744307147073
0.10351067002786049	0.42006169348269345	-0.061997103782542085
-0.549576018726616	0.1591184217317691	-0.8146830168247623
-0.1893616176104768	0.1600611079008953	0.06348697607211787
-0.3273706545215351	0.1004652704461668	-0.50069362950438
-0.21283750022743794	-0.012788237861243874	-0.5386686468736754
0.06966391035501195	0.4199171758508266	-0.16330065107934996
-0.044250832700274294	-0.9872593324627421	0.12921384184790138
-0.15115867840410346	-0.9134152482787333	0.1477802342523709
-0.15466230044781779	-0.5121034462523353	0.15926713353391608
-0.06696551063131165	-0.9301029347236612	0.1614336542998462
0.024540369053731505	-0.8850189580945658	0.11986636943466326
0.03991191848793372	-0.3061351586977872	0.015194716113962389
-0.0010144365316051853	-0.38730787907834485	0.03865436276036742
0.05941990650101718	-0.7906913664580467	0.1014934712903186
0.12567685232152923	-0.4853476103425092	0.03179760599213307
0.7629842404015011	0.40924167076083073	-0.4830115941683974
0.4779066027440205	0.25134850757520266	-0.5308725449200293
0.46487751049438036	0.1887924592840242	-0.4509487979639206
0.307163085522575	-0.38557683386244707	0.13075121725184444
0.6040449208966558	0.15466694909308	0.7021905315427962
0.026458903612499498	-0.358529535200389	0.2154645931887393
0.17536268219567847	-0.32696460292353363	0.2523147496474852
-0.3875301912414836	0.3651917931201657	0.8333439399505235
0.063996258009951	0.38383642927687384	-0.013591410519139625
0.3233423215705886	0.24263601276655347	0.39242231389268306
0.3332370298079876	-0.2321835611681766	0.9016099039109168
-0.04570812541465013	0.04220967294268519	0.2738605252808431
0.2749777601251073	0.023210196417656426	0.8398105378395988
0.32740765698344415	-0.23674066679488714	0.8640663582006485
0.12866441736835565	0.28657833665623567	-0.08807634841826659
-0.8684983835401922	-0.37133721888450116	0.30583628188087864
-0.23977070179710763	-0.4344566404441159	0.19130754502644085
-0.7755876321059404	-0.2893484935824329	0.23064791925587344
-0.09855022390334388	0.3778020950564277	-0.9003853280633989
-0.05815692628260816	-0.3628135468100116	-0.4355391211960492
0.029956334342592195	0.335240384061171	-0.3162043869885239
-0.09871859318129768	0.3763931651112607	-0.8978554605011592
-0.09870126641088406	0.1845341593259555	-0.674727575632771
-0.23827169465695583	0.23164358673929533	-0.587674670121441
0.4503174035405919	-0.6554047285128815	0.011165142913067893
0.3262725780665678	-0.5567472666907473	-0.026359965643899856
-0.14452867045378265	0.15574535342664203	0.06833534410633846
-0.1545164467404002	0.04284945234969574	-0.6063258438234448
0.8654974919795918	0.36617941204844184	-0.31286094633811556
0.5717380265370298	0.251893202742434	-0.40850553262401634
0.6743783829421716	-0.16370926326306545	-0.06589760027498451
-0.20274943123995315	0.255821385014495	0.37438873514794824
0.5724796651422138	0.19275794498117382	-0.20631966976637633
-0.8719584341243403	-0.41422040907250496	0.234501999458999
0.2795129351305551	-0.7848675882755415	0.047587127979713484
-0.7266792158073947	-0.26255901490077693	0.1554108764958205
-0.8239884634112372	-0.21927937057268232	-0.5034125585887483
-0.6533982926766728	-0.21855668905822484	0.030404762993796026
0.44415589067678884	0.7684204755097029	0.45014378099097796
0.22632427968535257	0.8151519332937245	0.38376585988398887
0.02632713140396062	0.14721813842752443	0.20518266552625727
-0.3755062592207678	0.20602495704860718	-0.8988834089332598
0.5066730746921793	0.08632104854403028	-0.5495239400427733
0.32485818074338024	-0.02215949561711354	-0.39159171412028304
0.03754707592237936	0.3200295001455935	-0.26735957454911247
-0.31800030346220565	0.14229875087844057	-0.4241868191848933
-0.18218498584732054	-0.049125442521136244	-0.5092525160621937
-0.7279271635656328	-0.10234949009070912	-0.6638449809942847
-0.6433774836243048	-0.21771379910376745	0.0265302833602601
-0.19678061264277116	0.10914930772096985	0.004114255885249617
-0.6167369663056366	-0.17732193213838238	-0.5690687889425641
-0.6211786849256414	-0.1708266403547015	-0.5856720701481106
0.49717685862141253	0.2183615262822631	0.7435508392973187
-0.920354636360341	-0.3265918164517498	0.1805703973947718
0.15570374592455324	0.1277620853951659	-0.448008947748283
-0.7861720714787462	-0.2543143020091364	0.19015890040745145
0.18719895045012389	0.9520649923926078	-0.20876004874977883
-0.08273177594640645	0.18104726592759912	-0.03808921493616199
0.17212430234653628	0.21736648772692216	-0.09427675205711344
0.14322311231364965	0.7169401802031753	-0.17607177028805862
-0.48709663134520204	-0.04714440460318548	-0.864365995828295
-0.3238929904306169	0.13835018155313436	-0.48456871036967225
0.4172522238419011	-0.074251828012472	-0.4297076926719789
-0.44619697072423775	-0.4807464259416958	-0.23453310145072476
0.030095610023417173	-0.3735584211946429	0.13165134660739944
-0.13318105600724559	-0.04873620548408781	-0.5209210902283951
0.6994508386379665	0.3323972437251923	0.5726654417498568
0.08267719640726208	0.38934840389448183	-0.1330002802149008
-0.7208858436302843	0.27733098496090985	-0.5914885014265356
-0.3511328344208422	-0.6761988634890093	-0.23628224846685117
-0.3055787204559809	0.03424629866263855	-0.47286428485918086
-0.5391956371379335	0.21770553750854227	-0.5067353726701246
-0.7021412558445548	0.36273589551799074	-0.5551567463030078
0.0747778136483405	0.3821299624138282	-0.22494672393446694
-0.19466161388129893	0.8735015989693191	-0.41938527169914036
0.1844348016567878	-0.4578610352136594	0.13789381734255196
-0.010499369928281661	0.4553922315611605	-0.13652736208097438
-0.32699857593667786	0.35774671158349897	-0.8654048675991114
-0.3635242620983757	0.20709081353163347	-0.5811446212547325
0.10177986317882343	0.10672320182642119	0.0010733523152765293
-0.2509977709129174	0.042206853206142265	-0.603454101617749
-0.1848765201198972	-0.06570529482016935	-0.46721041366257504
0.6179795983553036	0.40993437904029556	-0.6607100704847331
0.3843637688353758	0.32330497260813423	-0.40596556014390545
-0.11116559732318486	0.03420823598791324	0.042218228168182985
0.5040536013646653	0.31849184789531415	-0.5427637013164781
-0.5746184543942251	-0.45212087527754985	-0.671742804917431
-0.37250287093053197	-0.3067017880839493	-0.5344382339832211
0.1268876295036294	-0.6710156855236565	-0.5072233385360864
-0.007713112640135283	-0.5609780436845248	-0.4610759108906803
-0.44822746010869985	-0.31003554126575955	-0.524116599645046
-0.1639460193761342	-0.46441369975512176	-0.2895714304451734
0.24649294820017548	-0.6290941463846071	-0.6535601196365142
0.13158479722858207	-0.674902275178641	-0.6347912919533859
0.13958633616792343	-0.5408750322594505	-0.30521513059550603
0.16309064575763088	-0.4505655549169278	-0.5173664540927333
0.15789689577333368	-0.4266170835921306	-0.535451342506155
0.5569083638189501	0.004192494598129887	-0.7394416318939647
0.10508568564454376	-0.7337423398264563	-0.13842226194931426
0.3147423384443767	-0.01420694194248238	-0.5732647122602871
0.341422563733243	0.019972099332167335	-0.5771482034914588
0.157700841788456	0.4211160087141858	-0.07554782999421608
0.1270443253332497	-0.6653381348476326	-0.5001159932066639
0.06252710968846723	-0.47793579819723747	-0.5448560445063697
0.048449042809918214	-0.5754014305734868	-0.3339607194617368
0.05935729221547957	-0.4687848234744281	-0.5150998857591046
-0.5539107935046028	-0.13941243599425907	0.6934089158950727
-0.5614227764337884	-0.17145770391767898	0.4256848480262831
-0.34631708897657243	-0.13591112514893905	-0.921312856008839
-0.3133472694980759	-0.3971395134540305	-0.6573463618021944
-0.11503190703331292	-0.6099581569709207	-0.02338877863117165
0.007474323511366057	0.17172516377062594	-0.29139255542019915
-0.3216637552067567	0.7090030630891568	-0.5438660193402453
0.4157095087082468	0.12104154124204573	-0.47339689089545045
-0.06237070576719515	-0.4642325046545529	-0.20353072944229011
-0.13714671890338673	0.03076942651308157	-0.533648720756618
-0.05466425318418483	0.49023293984247485	-0.2540256426087273
-0.3080845556336241	0.25010002675614124	-0.48859879319553434
-0.24090336647245247	-0.9639331090065179	0.07712936825785549
-0.2067197405043097	-0.6842366251827585	0.040453195113013964
-0.29340799420061175	-0.29378760773149054	-0.8999202972999785
-0.02876745524015726	-0.5643708330904696	-0.23578712221923812
0.21701650275231527	-0.4513483267911278	-0.33417007924183934
0.12213363872776786	0.3962844903076204	-0.13206124147535278
-0.15369689181789947	-0.9658549980680824	0.18846503008608595
-0.13358922833882744	-0.8901565410600861	0.1478450251891013
0.09247559854629003	-0.3927052610387556	-0.010475908858525416
-0.142055319395622	-0.9104610327475456	0.1635016662945656
-0.048611637208203794	-0.902359571945742	0.17283397878094425
-0.5346572005345929	0.8047870361927989	-0.2015881559091873
-0.051153391104722716	0.41776212882726965	-0.1289619084075881
-0.24904846794167917	-0.9225406110671416	0.2571795628154184
-0.2318075084988714	-0.8706943563169205	0.24847101329726234
-0.8939128725166663	-0.38066687950731	-0.21472344491095882
-0.5899404456170971	-0.1988189229153246	-0.2155922602044108
-0.5110288180524454	-0.24788490922335313	-0.24738473520941226
-0.4303480437605284	-0.6678635186149051	-0.1462000473822045
0.4334121041268362	0.29641447810425503	0.8137336025059569
0.3415051321955216	0.06116463043215706	0.8833844197029572
0.2777771159006726	0.14868081966265997	0.8950533218229643
-0.19495859399120238	0.08892864221354171	0.8956329000355028
-0.013056787066255864	0.2508384570661279	0.9175033717094523
0.27096708815486925	0.3121320854760973	0.8769074884596113
0.5076782159923244	0.3755293032556471	0.7261711050624512
0.5252225840915407	0.25041280479742356	0.7821733781874542
0.34298985806949256	0.12701342465535098	0.8700448882149351
0.3109348650181091	0.018372930944983618	0.8851375101930299
0.21381035447516322	0.13115006110373004	0.8987351157276261
0.6928707606719676	0.39100004161077295	0.4284058583886185
0.212230098525074	0.5216037566965699	0.7794480166393355
0.11779521433197163	0.37693776580037386	-0.03637772387069868
0.2420219292456706	0.3225199622425304	0.8616334923315481
0.3203751395883383	0.0021770400051989414	0.8724181431458269
0.39212534765085993	0.31503836930673623	0.7577582703299932
0.34957636949471776	0.4761729442510523	0.7559028190345145
0.15369290603123317	0.16790765206911268	0.9348003364514901
0.4345820547478002	0.44236003698923376	0.7365117620090534
0.13087046447185577	0.3891870410965901	0.8630918549547606
0.754607358482351	0.4106269550517876	0.3954393439420941
-0.03362534549666427	0.11046107684345134	0.9391416411911513
0.36314442066865094	0.35875002697220076	0.8250335173326091
0.5234930201062246	-0.2754003460671287	-0.7742721869931649
0.28201419500263364	-0.2145674526235864	-0.5836679453397735
-0.08100970375830231	-0.28671222592834145	-0.8940056275869352
-0.47761301013465135	0.6406057551753345	0.45324976617712515
0.3848662478061147	-0.15264890329833855	-0.35503505706945876
0.33305760310119753	-0.18714551211328334	-0.5756230983849088
0.124431006884422	0.3717569047869805	-0.055404441007083645
-0.2596907422509828	0.1485123774447337	-0.9477792209845756
0.14170119079928079	0.4215218368433994	-0.06827534108400714
0.052356254805763676	-0.48251840929165735	-0.01768395421630831
0.09336381231463435	-0.07867627804534343	-0.24929706451818429
-0.06461960894280822	-0.9358205505634287	-0.01999610257690774
0.07262146136227748	-0.4374192616954284	0.018237212006201244
-0.8763031031655122	0.198361152247061	-0.281351936591099
0.35551629766867376	0.8491061259941197	0.3803940750201908
0.3974681593539509	0.8238663648508453	0.3292843676223595
0.477986041321211	0.802014499730446	0.18605862114448457
0.8283800414830129	0.5476332517305857	-0.030268337456710218
0.480236296002137	0.24004863061484782	0.104953608019721
0.8168029690483087	0.46268525636831415	-0.1672121900232507
0.8342660361956844	0.4697137057322881	-0.002060297104012577
0.4702544599884832	0.24700278160271602	0.12391200766342854
0.06487786869483533	0.3652509755795473	-0.10964400804703774
0.08947253496786607	-0.41881288331328137	0.059120586801049764
-0.752935908512815	0.10711784563055046	0.6337073172079419
-0.07470110039978603	0.4774222383749785	0.8299657331090622
-0.9419297198611408	-0.22613831711706847	-0.1823173794802358
0.039629754387430834	0.3075119881681913	-0.050347482597778125
-0.05735350413588201	-0.6428709289128997	0.40040600039326263
-0.8360631001116713	-0.35622750224619043	0.3988762933282022
-0.7464911474978162	-0.28578020979626745	0.26946644909140166
0.33411969734090324	-0.7583551219122715	0.05357229477438455
-0.8462900310250538	-0.5083772671592888	0.09547302254433628
-0.42219443812881413	-0.8939938409324817	-0.007018033720618179
0.02364586245142419	-0.20215378631712305	-0.010366156711331238
0.16885461575846472	0.3057013434970903	-0.9283484383024028
0.31882938891849116	0.2058004154210103	-0.5666290607770831
0.09143864244754239	0.1464682082113308	-0.08190791882189688
0.08879931343631423	-0.9857325800316898	-0.07039656085537521
0.026907816688800313	-0.3622051309749656	-0.06615319092704777
0.0855651863293	-0.8466885546131377	-0.021228480542796264
0.7179530008298752	-0.03858819565810258	0.6838663229022627
0.10274291919332178	0.371577912916474	-0.04920609885177437
0.04503327310787064	0.1799643778492321	0.21085564794360906
0.6931440462636932	-0.04017377062648621	0.6628615900117385
-0.6044227521876716	-0.15097598705841572	-0.7749083134752598
-0.8866990838177793	-0.27923006235024084	0.3465762525181791
-0.7327597159423614	-0.22421062950022932	0.23263363369465773
0.1391621873202656	0.3332580807328816	0.040495201644943336
0.1287761049603836	0.36314757255599756	-0.1680944460703346
0.5608001361188257	0.2905941237527096	0.3898773498590376
-0.06443907167470267	0.9909740362281468	-0.042945053014008056
0.003710931714729662	0.709018070577368	-0.04998212948016453
0.7317076991681539	0.3396429110096435	0.5780677910475547
0.6406851611403892	0.40880236161834316	0.5887398393089827
0.19416470991033843	-0.9510769276091107	-0.20226244001633362
0.16572719943394923	-0.5428385228726965	-0.15899296926159406
-0.7783653796086127	-0.2319946769199858	-0.5673551875274835
-0.05284944869411377	-0.5158296780014556	0.07659159789478373
-0.6434503335604366	-0.2308200069896535	0.011046319395489773
0.4175799334884042	0.8669526463570902	0.1728358198324822
0.4173615315031825	0.8674447499944321	0.17285608789764328
0.34754319010813695	0.7371410437580905	0.13757405003520545
0.41223356221042445	0.8730232220986495	0.17311779469406613
-0.5779995540669469	0.10179233532301411	-0.25416862189970324
0.08850639328609321	0.28358127054147947	-0.12472579670884593
-0.18215166481752038	-0.9578356253914948	0.2033159415404086
-0.05756347085437803	0.8824577530630523	-0.3351319275138328
-0.06261401829140809	0.3863876974417691	-0.30006883471654183
-0.17362357381831503	0.5144083352119871	-0.33659440681202696
0.20795961933615406	-0.345681152754205	0.30213104325481577
0.41663916039873566	0.2626999978537257	-0.4704017055036972
0.7162291178820441	0.6869417955042775	-0.09134172285143849
0.7152318338979097	0.6435539206459783	-0.12218768512300926
0.6924659962070909	0.6911411311733201	-0.05322722378866733
0.59041933792553	-0.03176876423389861	0.10561806699205128
-0.9705621010321145	-0.10427918406686099	-0.17171414595761214
-0.8866675955313208	-0.09300965447622807	-0.1801228873929079
0.03677154806073677	-0.9182521056452884	0.1176924045202281
-0.04070954318105115	-0.35591011457981875	-0.9247924596967062
-0.07636496757194418	-0.23789193565685324	-0.67087960487697
-0.07575452965156387	-0.25609975519231565	-0.7326603766008721
-0.07905877725464228	-0.23733819239359982	-0.6988644185760006
-0.07331741646509442	-0.3507980735188493	-0.901371065837177
-0.7409513389373812	0.44118383914244746	0.3826490709488703
0.18364017554667494	-0.46565605027920065	0.3190573498529418
-0.18053647900672426	0.18960476332682447	0.15902633827162216
-0.7369656150594583	0.2175031871455483	-0.6283334244628079
-0.010241309238371524	-0.4060438804975765	-0.09834375658492066
-0.06163834008684888	0.3628070087690919	-0.18042057476041382
0.08584443718023328	0.9691447911751843	0.18844409716300461
0.16780918103872144	0.33286948408549527	0.17222429849640675
0.3386830488860616	-0.5997588578364307	0.006738397868233411
0.15704035731893423	0.3808481692733058	0.27690111543465407
0.29607684021559527	0.21771766573620832	0.4309151439876106
0.14553758709299427	0.36403127086505027	-0.002922007367103714
-0.05465605592817819	-0.9924682051507512	0.08428887333179035
-0.03784415092679926	-0.9667432695886884	0.08362912447236014
-0.051453967330519865	-0.9511252134335266	0.05740209599348483
-0.07682726245287377	-0.5997953032250225	-0.12429409980360183
0.11672185599213311	0.32474448607681966	-0.022274182486109646
0.2478757738287218	-0.576751206578191	0.43936084831251027
0.6390763386910087	0.31471326283426077	-0.6898270650519813
0.2846519897584624	0.11961464329236673	-0.24923201396683248
0.2240908777567397	-0.15216180175842714	-0.1963967672813905
0.665245914513827	-0.48592621145307113	0.2123175866250418
-0.2530749025546295	0.8096400263167366	0.32960968916248706
0.4834934802479676	-0.8463742973873594	-0.16141258855243862
-0.02418503351422173	0.10043866760213495	0.13147120675454016
0.4481225351182769	-0.6917856465936008	-0.06951171767918518
0.28072895538403614	-0.6405010746597861	-0.2744194431195269
0.08442314800638055	0.14146598734610819	-0.9809167522949204
0.3041922109808025	-0.5721251265664478	0.02819639906587936
0.16516335327159068	0.4215701252120566	-0.13194695759088804
0.5308210013354948	0.29002505356005526	-0.3790551664107981
0.24372896923355133	-0.7852963146580836	-0.5477431434014488
0.19297698468278227	-0.7641582036183233	-0.34109636193243364
0.21048820999132364	-0.43688154356991044	-0.37009092495865226
-0.9010471357411705	0.29871429291200147	0.25694186669386493
-0.8803214124991516	0.19121523398368998	0.2577638541971254
-0.843171171473885	0.3657946646314155	0.19415479566795715
0.299537129205689	-0.9328168849786201	0.1445909521353373
0.15058779572383982	-0.4021352980626318	0.17312569226740102
-0.009677324435759131	-0.9535929861015809	0.28824217007734965
-0.0061370100590736896	-0.8089508293333182	0.24387992146744972
0.004390795787897515	-0.9172237182262438	0.26914893002702805
-0.00793681074274477	-0.44176763154701637	0.001757856391551931
0.1106247761884924	0.33405308516178334	0.009512772036608934
0.8158849581348306	-0.4093434610459239	-0.35368522966448435
0.5448299028214318	-0.28532837517493886	-0.272852744536007
0.45248495353324053	-0.39620465960290346	-0.3229761296747754
0.4895977595035342	-0.2825928629728557	-0.3164763753608366
-0.43423031822014635	-0.055219229535827453	-0.89514654568845
0.029172770535497907	0.23747896882675865	-0.23149625620612782
0.9399418292879654	0.07925786937314873	-0.2831401632567923
0.7001089570088945	0.702867603772174	0.09486736193269765
0.5898829740826128	-0.0017943793637767622	0.20200981534371334
0.698312454384264	0.6884173330473387	0.05535769839181527
0.6413036032828693	0.13012726612052855	0.17927753879192565
0.6532969797186575	-0.024545518265536678	0.19463387425422976
0.001015068433331932	0.24699118379734764	0.12691354409414068
-0.4455118080836139	0.8658659238423329	0.08873870408690937
-0.26033219787859146	0.6012589009990763	0.0049996418590260916
-0.1458803398780762	0.6799668299777142	-0.7053214536786822
0.0217855357954385	0.49289338426639895	-0.34411408215585026
-0.10744937506918377	-0.01201402343007463	-0.5976995816714312
-0.2844329229128862	0.14752641278486311	-0.5063098735304006
0.7669433362306292	0.5718864482267771	0.06496673040325163
0.5741538623792907	-0.19552819497608215	0.1791938650162611
0.3059079048381772	0.39929018351841156	-0.07677529067038147
0.2757103900801652	-0.677102683320787	0.18708222399570937
0.06258831557915981	-0.9804016841375235	0.16442254872662246
0.028837724916795423	-0.38049284336018047	0.20893169627662608
-0.19500334063695848	0.0855209135873872	0.9139215423166299
0.0743119680567898	0.2935468413424507	-0.06187149253678597
0.5076202766952865	0.7930084834183327	-0.11483033895822034
0.11553517664017632	-0.460638126469342	0.10400191600509771
0.3629742866071462	-0.6023990340438597	0.043689166219466655
0.14030642515559652	-0.8292449863012247	0.5186137138234893
0.14474262857226267	-0.3464517951119003	0.2786051504364282
0.5859131338355742	-0.021032861292914568	0.1613319070419999
0.47551187602074946	0.09516770013699394	-0.26384411240813516
0.09683654096395293	0.37656296999794414	-0.06627776085542654
0.055846353577452226	-0.033527915102742764	-0.987150043685824
0.11331755459045363	-0.7666580755725977	0.02974466203541161
0.44221244811733046	0.844125570623891	0.1003081281204064
0.5282406232574276	-0.039010931512611036	0.2819266173435298
0.5090257158249147	-0.03158940677223499	0.2871842842793529
0.4786564500057709	-0.10320049304317258	0.2505241563835404
0.2629157408893999	0.4791330620758483	-0.0020013665893798506
0.8132157367668831	0.09712061352722597	-0.5582328001636264
0.4984972639959166	0.11031244023402412	-0.3389903935547881
0.596214818686629	0.16157502053664444	-0.5112388684022038
0.18928168743413093	-0.7281193499748696	0.060196670201994915
-0.6058871983426739	0.09658736931515004	-0.7843399538949934
-0.2219417642108624	-0.43048514066340526	-0.05135465890885321
-0.2531993629581819	0.1210893323770358	-0.0073037851517669125
-0.0018829203558828084	-0.9552990678259305	0.17075313509328838
0.5540299588495299	-0.07085430445803394	0.18808582312959402
0.11355878554981001	0.47891171285752115	0.01340753303321402
0.5971530998270004	0.6535013049565638	0.3436201115814729
0.41474417325572316	0.4001092987935409	0.35918928164672215
0.028896034434223644	-0.9205149018895927	0.35229869109010337
0.08444890516397427	-0.3986154799770199	0.21462660645236423
-0.573140833287865	0.29052696071042466	-0.7517386668432805
-0.5356245315828491	-0.1195736267790691	-0.5367818106027645
0.30251632713787135	0.3937874532993296	-0.8543268050273563
-0.030390218917399816	0.17277238894914876	0.06610457595268882
-0.33966061294560773	0.14100757936243766	-0.5104259434682854
0.3701357012513363	0.1776694076158173	-0.5187972514034117
-0.2078388871299496	-0.1151628489157421	-0.5758005107455401
-0.7074021559760242	-0.5729448535815503	0.3635070910115138
-0.7369383901455154	0.5642460501526296	-0.06102988455096892
-0.42892508673178525	-0.4338176323020101	0.25887803783719276
-0.0850479733978781	-0.0839376948072784	-0.418516647689982
-0.3483375879999978	0.08669691004726555	-0.33665277615679445
0.288251363431674	-0.09794665669169478	-0.9435953466660401
0.13290129183478572	0.3392984411893706	-1.2796414221739189e-05
0.5842561257098362	0.5685692276083788	0.5170543571752437
-0.023818123318791365	-0.41863613128613464	-0.47231525026205023
0.02043303605866612	-0.49057765604999803	-0.030722857658042262
0.16608996330989825	0.34382672800449005	-0.03860377617270357
0.2536689551061158	0.9178566434310036	-0.08383694478557707
0.20979546190099707	0.3575903299706167	0.24300832449471677
-0.009562190261758943	0.26097036021430403	0.10162279796526644
0.22723410749714015	0.763374371676887	0.5446540648824907
0.08002176584002418	0.4906081738673817	0.005135680953964754
0.21086745177005273	-0.9672050411721909	-0.04674123634632076
-0.006378138233643317	-0.32306507377324223	0.061578424812813184
-0.22755711926600244	-0.09364075807126625	-0.9621043240089597
0.14733062147066178	-0.7652263834162815	-0.0011207513471671274
-0.5941750875987135	-0.22655207178917805	0.09049445867937349
0.9520311693038782	0.23145421430041493	0.1455588128657678
0.5217904424190364	0.07382088357442913	0.1027336111133426
-0.47677721086999997	0.42037929677959784	-0.6942014522609852
0.34657410615440554	-0.9274270754515601	0.04960687405445107
0.3953372991239334	-0.6178133346599262	0.024303233502929376
0.1215358667578754	-0.7516282264117042	0.09263598838095352
0.35647506411954655	0.6877425333190498	0.6252308267376453
0.14560384322945522	0.44978552604577027	-0.018126000103512445
0.3846741603786575	-0.5886424375246128	0.024251623790291586
0.8525530359464587	-0.42255715214414447	0.2338721392406571
0.5532247505615941	0.3546647865864951	-0.7467639594912906
0.4664967049651097	0.28619818946522624	-0.5998680709019925
-0.46341517982408836	0.7506948613719863	-0.4252123541089834
0.06146457800718019	-0.7669737745907502	0.13300459076159
0.479426032151891	-0.8613421271652404	0.06671638911405345
0.10229440293515012	-0.9821603951552913	0.11012040658196007
-0.14690143321853844	-0.2342860545222226	-0.9291732626441404
-0.41630775791213753	-0.21467880199193207	-0.5619150921019025
-0.07535193573357556	-0.8984608711209365	-0.3975996981187333
-0.4731387800870007	0.4468798702871816	0.7422312383766282
0.08193513908125293	0.37206020031926124	-0.057619797167548226
-0.3883717314225806	0.21263346837300529	0.17071625967774562
-0.4030195877919153	0.47588242734584496	0.7302921600900559
-0.24709808748491094	0.28333630061380577	0.4560468655820731
-0.049366078142034135	0.6075611840556133	-0.7856205795036839
-0.01501270033804778	0.6002291048220574	-0.7609219762621032
-0.06033932712899948	0.22731270113436833	-0.9637964686527021
0.04525324150374562	-0.5216165235406349	0.014688018330618514
-0.17729173263361234	-0.9806687654148188	0.017113673684263975
-0.15081273735494455	-0.9364727285587493	-0.00024061279539883053
-0.8824268860954486	-0.1930672789207615	0.40925320225956263
-0.7662504888915844	-0.21184403500387067	0.27244381333840756
0.2422246156636594	-0.7089990644089336	0.242043293060888
-0.3983539773472288	0.13419875667921216	-0.9030900634945719
0.010975357161506653	0.33259608876999813	-0.2177120867722639
-0.069978795968928	-0.9428698449821554	0.22124640540307056
0.1043826911319588	0.3023890316529581	0.004413673963889952
-0.8137184382338062	0.16095407358510067	-0.5443343299470415
0.7019112358809014	0.5953415187520397	-0.2653532732099661
-0.11600547239673169	0.16217129433839408	0.1264236204048477
0.2740944454791365	-0.311420135196101	-0.16844598069229091
0.3421029388993548	-0.2822088365624763	-0.1992985815134779
0.028762854945219463	0.4492523904151851	0.8442894052219989
0.18232402775250217	-0.601643605483654	0.4386829457801567
0.10310622235228625	0.36535059824684646	-0.005880966582562968
-0.16338466625120546	0.2354694385687422	-0.9529242816302627
0.06955089926920739	0.3251103589457229	-0.2576297585799422
0.608285140476742	0.2342317767266204	0.22812684658384103
0.6336042138717628	0.5780658071409256	0.506189108774241
0.6152667233133209	0.7824050398302587	0.007229210509184128
0.277789689992277	0.8992855091111013	-0.07778693659318127
0.5844663399493716	0.7746684898326616	0.020684715328099935
-0.2645125743153028	-0.9226874669046599	-0.24227639993471922
-0.2521533242326707	-0.5366570525825272	-0.2263783630001046
-0.7475095754260687	-0.3214826357955757	0.23128212174352197
0.6262169031165395	-0.05934887379551513	0.1123918689640677
-0.12552922996536045	0.23001603074623575	0.051761256898332754
0.20309692727655418	0.44355570410591666	-0.39528685353705795
0.4749605993399105	0.772715668238117	-0.39686945939942914
0.4642661806031971	0.7400052636544484	-0.40762221052269504
-0.14459928739532332	0.9361800788446633	-0.027298161794202167
-0.15992051857676265	0.5465591972515663	0.03529243573229018
-0.057431224703665615	0.6991688931542035	-0.04774084743244335
-0.15497865454700308	0.9783233005117192	-0.03888360746495462
-0.941410967879241	-0.29016461902367396	0.12781860691763194
-0.12565512408372892	-0.9769766604818941	0.1620053478326817
0.5550069910570709	0.052987034730245075	0.24853299636559623
-0.03843294655877198	-0.9707603516151537	0.21223807327771568
0.031156408576232256	-0.9694737088625974	0.22767264800058207
0.22569324788780906	-0.14163009087926745	0.9591679588185563
0.19679135569558404	-0.15237104250348033	0.9303464964944793
0.08633248893459967	0.25241391841278166	0.025115007089438902
-0.12117607757830734	-0.23950038438345275	-0.9592002547052987
0.08368095728930637	0.07032448487313522	-0.33185719951602993
-0.2492081005659044	0.4732900314040004	0.19045531056593104
-0.35546811469821715	0.615657158201761	0.6894914538838003
0.4394573560025218	-0.649681760169062	-0.13299733455453422
0.3633537325488169	0.36430355602071	0.1769431189617611
0.2795152672898308	-0.6338130908920252	0.3521555789595015
-0.7694242963816313	0.5037897440641873	-0.3477082548522239
-0.5802911090897732	0.3455571465148765	-0.3327209922141659
-0.44394046915775226	0.21340936053212892	-0.3055044820640534
-0.16386364744792214	-0.40040046709736654	-0.23212897549190764
-0.03442201734848106	-0.07452396245460685	0.9912322536694012
0.058628849860436164	-0.573224862509493	0.5667774125724087
-0.04440559878486784	-0.10002657765239914	0.9431210323351191
-0.24227261320684568	0.27526548130051065	0.9212220658529424
0.05417917040454057	0.37092831479862415	-0.029956856031545874
-0.2742861300347185	0.24127290274750607	0.8826550862265823
-0.6173579582210479	0.012488267129371117	-0.7772115039717968
0.14722659291937326	0.8798098150600777	-0.436357414151216
0.11470063806532713	0.8640604800199799	-0.4198013922641737
0.14153818270471624	0.6372217011889354	-0.30546121082793487
0.42300555579789195	-0.8932917407893618	0.01498195513726248
-0.03915807895501289	0.87399120982093	0.46876757091697363
0.523739224690695	0.45889149781921956	-0.698630701875983
0.19245975903088575	0.16933473162113077	-0.510594888017103
0.17555965249506758	0.2764296663394111	-0.47133837862198436
0.11110998945437163	-0.4465673314594463	-0.23924360062276087
0.4619373124922822	0.3438093090685778	-0.5862547981376907
0.6373624909018188	0.5815000824419345	-0.4847282535665777
0.029109639960283477	-0.75247670725124	0.11558953032038678
0.6508806530442691	-0.6239579824750975	-0.3210888512761689
-0.15928163303943826	0.760419303403609	0.6233454866401714
-0.13203802302129317	0.7358602735396718	0.6032535989945496
0.23804232214839274	0.8061889706038762	0.5348757078245209
-0.692619800454666	-0.21562396505189693	-0.6796754757664348
-0.2788173779512643	-0.8672983292965187	0.38646932320814625
-0.09903701895873737	-0.982904161903418	0.13574141446802188
-0.026630978282263882	-0.8611397968937354	0.07577014285927028
0.030364110507306735	-0.9494356576676283	0.06345263604285606
-0.9889821147148439	0.017835941833640977	0.006953217803848177
-0.9791940392556899	0.014474242461049277	0.006299730040951355
-0.09391848555471788	-0.37031673408658955	-0.3354942703225801
-0.1517257960654867	0.8714455614948335	0.44917042140531194
-0.06586090758509187	0.9219172970861982	0.3598008759391698
0.005454584626369347	0.6144786242570378	0.2888127873354161
-0.7299954595868908	-0.0439384256051106	0.202070245745184
-0.5071964628528652	0.4495729865551125	-0.7263198118283236
-0.48646788575127614	0.4277907667676009	-0.7018109810835412
0.07433472133281373	-0.9849691602607279	-0.09577437122880678
0.07246410239664508	-0.8461984378935662	-0.05472232890215256
0.49927451076008367	-0.1741311874239589	0.27183954742879873
0.3815221406280647	-0.8855841832012522	-0.22426420142123368
0.0013757442454614835	-0.9956500731388547	0.052502221494680035
0.1038249101537061	0.615512764929192	-0.2744150508056106
-0.6771656141697834	-0.581276115594927	-0.4163584073386145
-0.5177239951585171	-0.37773201402592216	-0.34122987542627203
-0.4657670173610896	-0.3941389992117081	-0.3779032435782288
0.08818653454376808	0.36366648102234767	-0.003554798778755853
0.16067843335660414	-0.18122003226201622	0.9100669103837664
-0.24807137863658568	-0.0009391885074775762	-0.9630481044653147
0.6781461193415709	0.6955522991253312	0.2051557042211442
0.6434247369149346	0.06972609812874254	0.23695001105076102
0.05410218717342402	-0.7495431015634945	-0.12784713646846083
-0.06777727437631627	-0.9510607907975935	0.2905433531165974
-0.032911127024357986	-0.8891816469022674	0.2619075979924529
-0.09307017266952723	-0.9612449569862707	0.24818078985132977
-0.1155399476802973	0.22244794309171584	0.1534020151358305
0.29728366798057243	0.5463459646177725	-0.29765749795401114
-0.1372624308374658	0.0757524929124599	-0.314097544439919
0.43536944129795646	0.2011149814034283	-0.4366247637600312
-0.0360603753153279	0.16872797515691995	0.032107315546003906
0.6774822849178784	0.04937910777869268	0.017455217648814806
-0.4891145232148063	-0.13919838989536373	0.2972544758284837
-0.2716991825147356	-0.8925875338047391	-0.32393607908399435
-0.6041591733738151	0.6924398944670919	-0.3514831906145991
-0.4247982077647408	0.433479039182574	-0.3064325904208136
-0.3160860585367199	0.41975811390599743	-0.08983828828423873
-0.4875001698675584	0.5006051824152372	-0.32699514457231177
0.3941963477816614	0.24509210171573406	-0.4399857539883548
-0.1362402205723482	0.4299004465843251	0.8824606319370062
0.5175466614205549	0.32376035512833196	0.5012204776341823
-0.3318874208822967	0.7867080608349529	0.5017233162665787
0.27233488758037305	-0.6723733292175913	0.304120954898473
-0.47591511289768607	0.3245645961371503	-0.8119417849962057
-0.011851634781848478	0.4086267150888215	0.08543246378783785
0.7602369716212913	-0.09338189224308346	-0.6060645359008724
0.10982419640546617	0.28740700928401286	-0.00947600151014885
0.3177805743949393	-0.8398270707011118	0.41614319590118787
0.051506112457192714	-0.9290362003180498	-0.3368009976273645
0.09221461418086888	-0.9879789416364279	0.0715695939025932
0.0030249246193075684	-0.8112409712629238	0.08180479206807732
-0.2130312891527668	-0.5192753512139296	-0.8161979945192794
-0.14780597940066506	-0.05168902903472272	-0.06713248068950914
-0.15732619202414405	-0.9780164743063003	0.10701806745844217
0.03816659361550959	-0.8798801201570418	0.05386786636738369
-0.4805588980597347	-0.40608866984931485	-0.7605016019075305
-0.5020210792259996	-0.280894721497492	-0.6021036514941767
-0.7261401578990692	0.21285064115118027	0.6398567100612761
-0.20369976730517741	-0.9641861100943488	0.15241248782073794
-0.47689612579458035	0.645738462487925	-0.5775939132120131
-0.18223671078336853	-0.7374470286027388	-0.2186928886177504
0.1460949188707932	-0.9409257845849506	0.2776159107901924
0.06561511720122998	-0.8167768302454333	0.22914518159356698
-0.06752287043950793	-0.9361247484776197	-0.30927545651213945
0.4170168290306925	-0.8853824946079665	0.14617853848858714
-0.5027386331764306	-0.2320238938161395	0.03194826497489208
0.08849209210039993	0.31306563999962667	0.04637893287623959
0.09550091662578958	0.7215943312534008	0.6767910049492916
0.10773262265101963	0.6693395129021712	0.683204389890958
-0.1259837216487021	-0.8903998251594439	0.3002798450828057
-0.11537173701200445	-0.9885176965442761	-0.004967211696145302
-0.10926957835434518	-0.9441193006659939	-0.01441523696033078
-0.482599505632987	-0.11961262185578643	0.3045880314077697
-0.7718166979277838	-0.2828469104032418	0.20749629935842046
-0.5894586614797792	-0.18585646408570283	0.1755246137036434
0.025463751674614826	-0.9257555085863446	0.3652771242182537
0.9153342955155743	0.2206187824823457	0.30762739126121136
0.8120153897841572	0.15361335373328985	0.2925997934049087
0.22261334463591312	0.21289809322854417	0.2602897407181995
-0.8717082744695495	-0.35514889946499156	-0.31947528949229403
-0.3968792510074274	-0.057305476419825016	-0.10600485618928358
0.03431233399485955	0.5021063816746908	-0.8547639512421682
0.3453224955587009	0.2931098643760054	-0.5668228056523146
-0.10389366611169071	0.20173643914894773	0.04160633855426292
0.12672629299238333	-0.9813914407024678	-0.09045036190329066
0.10163068516183904	-0.8428453946633477	-0.0350766450402718
-0.1447428168946125	-0.9343909522764443	0.313999581273851
-0.957218517120221	-0.2224776869189082	0.15658007322051345
0.22144667308726093	-0.9567520958986911	0.14550657877681822
-0.9457525308469761	-0.1997349571493196	0.22420104959427328
0.08987752755558182	0.4252415484000783	0.010534032990225659
0.2767640571380209	0.813224064415322	-0.4944787231054132
0.18372539792960949	0.5757258761496123	-0.30606229572350735
0.2656421829425616	-0.8868081867775996	0.3401144703586877
-0.9157332346610043	-0.19369930418849243	0.33619775036209143
-0.7729055778341157	-0.22769543314132126	0.22744222612960435
0.29956991749038314	-0.9421870226266122	0.02241965696076638
-0.06683870637645806	-0.9549635333962635	0.17381577928776026
0.3792729715490389	-0.8908552489496232	0.2071754760937906
-0.0032316473655244916	-0.9812575731040113	0.17975847832179254
0.21865220617498954	0.017913740454326168	-0.9632601008176899
0.19090211780940547	0.11144160097262937	-0.49796721299141733
0.06951009851359266	-0.010457712512230233	-0.6992900663030167
0.28766993083184345	-0.9467823398917633	-0.08066084290263109
0.4248387837840738	-0.8465403122264917	-0.2784861851123911
0.447272832593889	-0.856653323148023	0.21992986182259638
-0.3808031753987918	0.056666285171997434	-0.9145831843343117
0.032666461826739074	0.31254092810372547	-0.21882306955931444
-0.10684599946981119	-0.9764977557365492	0.17758761386982852
0.2598143139448876	-0.9422123568330832	-0.17165420345993893
0.6945514790370598	-0.36157348301431746	-0.6048067993312606
0.2055972317596723	-0.9148740133051976	-0.3195949636117045
0.020977071248088185	-0.9931089243436767	0.02327557838485466
0.1776062227753707	-0.9335203688943151	-0.28126014955276263
-0.07957421633617381	-0.9262368721539318	-0.3375030171783174
