-0.9447031527093656	-0.05068584914617636	0.1175283336418789
-0.10478904037399878	0.06039478937358304	0.36314812840942173
-0.07318867292014786	0.0827565113855489	0.2220920211289913
0.15767718002953557	0.022031745725611035	-0.23532852021103373
-0.535339339256464	-0.0015459631357768817	0.010876235155548603
-0.9265582658358924	0.017563357516080146	-0.02042902338836413
-0.7359640927704073	0.07405516218741065	0.044629420087572806
0.43652951040455723	-0.02382483944669023	0.21599543286770717
0.5211820481998635	-0.03981459619215253	0.11173443256118037
-0.22623166156650748	-0.04549506481858462	-0.07766733628131356
-0.16926894759582162	-0.0009575969561079851	-0.1271255144944827
0.6867782636210763	-0.5769116762590555	0.36604838151142566
0.3063863726019922	-0.05851945381405029	0.21055665675142898
0.24357855192725167	0.03243739943854605	-0.1472977527308957
-0.1247452128163152	0.1579532634824901	0.30150451539886763
-0.24737086103396166	0.17501771267153976	-0.9487859095400262
-0.16900061703023647	0.15448375723083485	-0.6346714239629824
-0.09865521949779096	0.12556541355171308	-0.6300088039809981
-0.23161808331386102	0.09854819632353785	-0.19347182980064456
-0.0985492252984614	0.10291654993828127	-0.818482542408981
-0.43507995646683606	0.4455374599297688	-0.5632568018620735
-0.9532313695746538	0.04764168127804619	-0.05168535462580492
0.19587412456562564	0.09318601119873032	-0.21540401732259712
-0.9161529841054188	0.018433621669797853	-0.02786080580748996
-0.8410017024441202	0.11000926303314204	-0.13157556180818702
-0.5694336864599903	0.7923883776703675	-0.1912287162651614
0.22143169606684815	0.1562423134394366	-0.2052831427117172
-0.4655656897269053	0.44025985635628995	-0.34563030720361093
-0.3358694440401107	0.746713998277633	-0.06781569270567421
-0.3886701219823921	0.7167426008391342	-0.10604801970334907
0.32018516461936336	0.22588246370924328	0.8750278315299458
0.34405093348579774	-0.06791428125266481	0.28493222585449135
-0.08269847773514073	0.25154010271276334	0.02289008890574703
0.20901848394547676	0.12711956097622662	-0.1335376263421267
0.08322838963369561	-0.8485210355015546	-0.4589335827769013
-0.04489399528845214	0.012506045840761506	0.18252735977457765
0.02742171320273139	-0.4380569818482257	-0.7545234718244049
0.053476171418177385	-0.7864993286847852	-0.5109147954065726
0.193061172751209	0.026438193814430175	-0.2691498908584508
0.37308891452540044	-0.03597888138711134	0.11888371546395095
-0.06052393866366811	-0.5010986169875082	0.12761936677853136
0.02734098728118817	-0.508332921863279	-0.19877778375988053
-0.7361940000374724	-0.5836816783749419	-0.21604255210347703
-0.4790624699417885	0.008389013554818754	-0.08963639530930571
-0.5780460869270855	0.40488891252460346	-0.571698995060472
0.20625580881952235	0.024179647731408484	-0.2625710473486448
-0.5675888813055784	0.3834601770494794	-0.5803259499169191
0.3513403880109088	0.05851764239270713	0.16503262266869517
0.7444633302128085	-0.12028598229122997	-0.49529548176670357
0.3049082231320978	0.7250620137328581	-0.2856281220408843
0.2810295217849852	0.5395684915337396	-0.2812103950915358
0.3201737974778727	-0.15908521886872046	0.002623914180036605
0.2757173112326657	0.08710397428787925	-0.2931994801861673
0.032854463208222065	-0.7976358705083578	-0.49423456545927136
0.2496894333702254	-0.02360420704587358	-0.27355361061963196
0.09602375303305168	-0.8629649877431979	-0.340970178331473
0.0016764492727074603	-0.6016123721970823	-0.34190906016046574
-0.9950471925325093	0.019717452385710103	-0.031032096535693405
-0.5417160609590286	0.06818124165480866	0.031010076520461113
0.6884482856664587	0.6332794088865744	-0.2028419385420465
0.27829355189402266	0.6405237544370332	-0.2771276345057155
-0.07392407189256898	0.16445103831337282	0.300201369224792
0.19987785004113248	0.10242259071352093	-0.22585103274407514
-0.1381619734643083	0.0787975664008119	0.2979239176195686
-0.02126271103283244	0.225273925512662	0.3576392450395493
0.49474753350895134	0.43257057310363844	-0.13407972034780394
0.6638858757804784	-0.05799133355319846	0.6756623870265662
0.6239627975623976	-0.01232067481128242	0.6785319911935603
0.6486949445694838	-0.03787179641509981	0.6770872730053676
0.47517914406981265	0.016367583643075743	0.26031141945520353
0.2386761343799973	0.16246406271033922	-0.130607468491875
-0.8013204215122824	-0.45268646574180677	-0.38037521599801005
0.07054377598467215	0.03109793141757221	-0.22304559571337773
-0.5756108203121764	-0.34426362124799736	-0.25686051313166264
-0.28693199946770875	-0.2358412900580579	-0.006448573599916155
-0.8122164292057911	0.1393126539605933	0.5600803055630179
0.13209864637671911	0.0981146115026808	-0.1822556455005985
-0.10679600660742115	0.09951914611107987	0.23625796589950343
-0.18864818338986522	0.12108245522107837	0.29565129202730184
-0.5107137601875428	-0.005267746616138166	0.3608788344891416
0.6010163891209582	0.15495130942738983	0.7047288310033278
-0.4799286779036764	0.41441679881444965	-0.4882714882937847
0.42441654420741	0.16474897623916343	0.2860081536770949
-0.9915760599572809	0.08079043558433412	0.040670299337444975
0.08419063170631541	0.11891740905827113	-0.17401428216624604
-0.01717524086478132	-0.3057787819653377	-0.90970992548791
-0.014795432139960582	-0.22698428836734097	-0.65705716744711
0.08387284697429064	-0.08581043050081003	-0.555929197360599
-0.053512907385873	-0.34481465704277525	-0.8656080859614453
0.22767807683050284	0.614138104734189	-0.22980932198552984
0.616721895911963	-0.6199772599597938	-0.42265744066959415
0.28582404892406815	0.046563112420077775	-0.2793021359975378
0.414652171767554	-0.43999110408765757	-0.24988052267011526
0.3944295841389355	0.6593853723590041	-0.6285203059977856
0.38256461980174433	0.5260876880509923	-0.5249509859718895
0.3816657601079176	0.566572076821421	-0.5588984459178418
0.23288495098248665	0.1737125498847592	-0.28071681422486533
0.29061545237316716	0.4279680458627882	-0.4452688441722162
0.7408971439326725	-0.44384845673284673	-0.38084172212765693
0.4580516124861045	-0.10319705787188561	-0.27537530759299705
-0.07780877599313624	0.05291136883702807	0.24240897445141785
0.427181048668249	-0.03314483478275705	0.1306021879746146
-0.2594065453765938	0.5172780418924875	-0.6146180027222996
-0.5800115212368915	0.21650101762218815	-0.7791625481496184
-0.3113695537242586	-0.10380861762620534	-0.8863340970003221
-0.25521343133792984	0.431894723517632	-0.22732377209710142
0.2452794057667925	0.1278772688680642	-0.23090513110281877
0.6715036079510334	-0.5756523691454667	0.21337043394829516
0.29742482866313963	0.008187085873732507	-0.17585980459263353
0.3802982923707897	0.26758703429690295	-0.8803955192103822
-0.3072836076998101	-0.050441150979413894	-0.3050638328356092
0.2473883387067631	0.12321250016812005	-0.3030376164432092
0.18882319936619588	0.2874442613166321	-0.7625309010167713
0.24815787349230284	0.2624819686136311	-0.7633095261379054
0.05729469388612118	-0.4273417575956772	-0.8274648516441497
0.1830666048995337	0.0735497703433476	-0.3681270604100069
0.12951095800585888	-0.29418272879984275	-0.8622734109290822
-0.06903917316299062	0.07147302501458187	-0.7684764984531096
-0.8050613202681767	0.3218975491618759	0.49053331008775697
-0.7375488052915714	0.3680158487887128	0.5022905872778263
0.2260413272972	0.12702781873487684	-0.18803350214102368
0.36099763730215423	0.7823102526751959	-0.3770674491818172
0.2794547091980823	0.703549569617875	-0.2877924835027063
0.30339931798001535	0.6532009257589042	-0.2760328968172737
0.2898659373009164	0.31374623512039734	-0.03655831713919929
0.3023306382606598	0.5529225219398396	-0.3117653518952749
-0.2133992485347018	-0.14749219856907742	0.9026156557422783
0.232580741489035	0.11495608117813393	-0.23473994867465778
-0.277259924635557	0.6906930082533514	-0.05465122122706639
-0.7357028389867253	-0.10741395497394093	0.5810565977663847
0.14824705620264536	0.07701462346398051	-0.1747376635707969
0.7623937974065017	-0.34634272143771777	0.36159986108504
0.018191441798757618	0.07370612972634501	-0.0943045539136356
0.0771555550217223	0.6624752821403666	0.5636747838189063
0.1014963329653449	0.4993151391604587	0.4577150316532555
0.0943297475626558	-0.27015113133624746	0.13947935927382943
0.45971352896318973	0.0007215386592810446	0.19562274173224323
-0.4808556867835547	-0.6811260900818057	-0.5444284693277648
-0.3606594663690671	-0.8727434068451075	-0.18388147137816527
0.1737861463767805	0.020013340159890206	-0.3194302965585973
-0.21503959956950594	-0.3871165266699129	0.8730615314746799
-0.2959749446889803	0.67101982636086	-0.04403241654621037
-0.21132879263337845	-0.39490496221267934	0.8746984948619916
-0.2032996998323225	-0.4009516698925409	0.8512032128204592
0.6109075880471613	-0.6047714285242995	-0.5036311463491279
0.39653269568205485	-0.12722154309555217	-0.34316733718243203
0.38004035397176616	-0.8420892374892757	0.37189591773820474
0.13367849804447662	0.010518615962208634	-0.22724497487912726
0.438685387024082	-0.7875999698668271	0.3692854976951383
-0.04075991561271673	-0.913985029362114	-0.28735131626763305
0.11942514775497982	-0.010422286811733749	-0.18846595684616624
-0.014949735848043677	-0.6013727343537223	-0.12358956591510106
0.5711991365097114	0.2697677249379832	0.7208962774301161
0.35597841145600984	0.44765174101157734	-0.3960804682177685
0.24021843770404677	0.007205831570943049	-0.22869341932553425
-0.5299795707913088	0.4624263814232742	-0.5738128782992895
-0.2812992952004249	-0.9570889978180585	-0.029892776704062932
-0.28949630869269427	-0.9287232657746897	-0.06136720478039594
-0.2191054062502061	-0.9487389333136723	-0.06243872659832092
0.20417276833004416	0.6637874509930457	-0.49017932571627226
0.5197067410375151	0.6800882325836499	0.5056423003583002
0.360603433709421	0.46555503725430797	0.2575179234143109
-0.5328124222737719	0.4722746323289556	-0.5431797143932057
0.18579992195665826	0.2628907783330102	-0.2426689041844032
0.2074163143562357	0.6589001121442825	-0.4295511315969106
0.32393033719616376	0.049253985224064635	0.18259986313781384
-0.5347261551338921	-0.8324208028118584	0.0826285067069423
0.6977333422734786	-0.23134612060608115	0.5706452310788109
0.8957113421258905	0.28423079172165533	-0.011653957582778571
-0.3736464693182695	-0.628359290281652	-0.5499657312611929
-0.510149242875751	-0.8189214408194251	0.12062234955508526
0.2430757336708197	0.032689903504197454	-0.22514579967367615
0.8868951153293989	0.2343789953219217	-0.05191804250733544
-0.27444283945869985	-0.8883415624780631	0.2569684417780715
-0.4780811513038102	0.5580216515846789	0.5831719672211475
-0.6179648561920005	0.4134444596170671	0.5808175915082964
-0.45142236499040905	-0.7289896387834917	-0.42802056248023795
-0.5889127403807739	-0.7624560999456459	0.0033653908490809447
-0.3356356409918955	0.8523680614683234	0.20198255453789793
0.87852001152713	0.2394888137033147	-0.043023842486110714
-0.22788754952524973	0.3719932164271766	-0.8730567537096945
-0.0813927483289821	0.2764719709553249	-0.5955670889110212
-0.21897790870898606	0.3107933621130719	-0.8783687749178772
-0.16097202829344423	0.49644887036954555	-0.7970298668892745
0.39744872589198355	0.3676195120380165	0.7302587679707618
0.32353845328639597	0.2857516063270448	0.2883339997850597
0.08643884993971715	-0.7665167348378296	0.6308380149786609
-0.006038942403314428	-0.4583974164555149	0.1247302713822761
-0.514622802839561	0.4654533818080397	-0.5570605527148151
-0.5041435590101034	0.4339996824183413	-0.5474095852085462
-0.32929851181961256	0.2730170183254341	-0.35571776140119193
0.4339933587738282	-0.013250598001688357	0.8484501305767673
0.30769713058372566	-0.07106919986240971	0.6140745570778839
0.256239018318104	0.05970069843835346	-0.07409351350694093
0.1956229259734364	0.1304726753941302	0.5409153002185049
0.048805317286244355	0.893096327789758	0.43435844915989846
0.3922628883029937	0.8313372859913754	0.023329106918755695
0.988695243335886	-0.064271283708438	-0.05332394494174064
0.9491884382538921	-0.0605217237698223	-0.09309585130115057
0.3610479367142263	-0.6988460626301896	0.5566242247599701
0.8982887599734081	0.11710744006642995	0.20220247619920798
-0.8233986785272807	-0.32677918666311406	0.3533903682679973
0.7618369110027741	0.5041022714845323	-0.15577955965099372
0.5409681770818071	0.7349507326465334	-0.1472530263735569
0.713331453412309	0.5013662565335563	-0.33704890381135355
0.9462969529684319	0.03474631210296743	0.07801476432108992
0.5687351087878763	0.6065891970144967	-0.42221221356551375
0.856706991068652	0.24382722943079452	-0.24932286719934585
0.9516203402979133	-0.1373488456253212	-0.04257089678586801
0.943118757163514	0.0031096568710243444	-0.12418662389709358
0.4466587506772075	0.7681454930523115	-0.3199580591502513
0.9604103454522651	-0.03350318699668052	-0.0011040757671929862
0.022762656233028745	-0.9681915050837488	0.1273895973158482
-0.09121823569157697	0.09246405371930753	0.2577728606767322
0.1800543801659131	-0.007089460122704021	-0.22290432992588619
0.0018026405809618033	-0.6076105114679943	0.0622485748686734
-0.05958855220438204	0.8415560660826573	-0.5253687965579669
-0.2030441176913575	0.41394908526425983	-0.29821787046665477
-0.0032379044961991744	0.5613622225027377	-0.4053823943230447
0.09928008478458825	0.6941533381718064	-0.36806987729624324
0.020223854159914043	0.9261817091487834	0.11559121141894531
-0.25861126410087404	0.7329441206381879	-0.06232984509037354
0.15797071669149682	0.8547552110060966	0.2767335606387654
0.24033701732794024	0.20616202886657473	-0.1822820921469541
0.2101864589431326	-0.6093081392102679	-0.7178922859181727
-0.05997594783040344	0.10760665255797022	-0.6893492389613952
0.13331212652265234	-0.46856210570584267	-0.48267849374980226
0.22451027140080151	-0.5272118518579181	-0.7133732980101619
0.3036942090352905	0.11660814839824932	-0.27784981121726127
-0.035759550340641405	0.16024749011628495	0.17927977977137313
-0.7085910740775737	-0.616186873338953	0.1369822929784238
0.21844636919502908	0.072670837366346	-0.23570256618598093
0.07059215483606604	0.14654230954851438	-0.29808424803691513
-0.14822510763743782	0.11051740367650921	0.3209730028756268
-0.39983817699023577	-0.5001835511972683	0.14471183958530395
-0.4179570561655898	-0.15037002355025306	0.8290868378604158
0.21544417417786668	0.08819772042725402	-0.21659413260812588
0.5932922688701017	-0.30464518107455146	0.6912251153844303
0.2536694889127293	0.04666363587358489	-0.15197980153397878
0.43606838312128926	-0.2779811796951114	0.48851384390771674
0.4347578904168499	-0.29304795110505094	0.5253180262947946
0.3167793939703416	-0.11702523486578773	0.46719583681577387
0.42563940441823905	-0.2809439250284121	0.5077211158052581
0.2552243332142169	0.5803024181204591	-0.20880325015525925
-0.9557971008937138	0.25767874244839706	0.10539443415476951
0.13141263258042046	0.13510199115140217	-0.17788696622705177
0.8317633889001919	-0.22080083036655165	-0.3483786618729739
0.8260238177263329	-0.2569261247716096	-0.3472790030219963
0.7985620486231129	-0.23255160380614764	-0.3613609904075471
0.6014193378266468	-0.09630802932179	-0.34878537201328147
0.26113626406450796	0.5683703056784007	-0.26049492537918073
-0.1311953654923599	-0.8218020546908974	0.5183294411446868
0.7089684458128572	-0.6065697613340847	0.22633562278231986
0.1839022641876098	-0.8207849393121304	0.4751105754554468
-0.022505716965932697	-0.6604163454140283	0.693517332272076
0.24859714215062573	-0.559787948084119	0.72639122632594
-0.19933876826905736	-0.8383340154454246	0.41843540991618206
0.11271582820126104	-0.6127822599628204	0.6977933293092414
-0.1839133195700404	0.6640225360286238	0.6428159360205539
0.8457840207553753	-0.11866707541766287	0.36747693166664
0.7039361825563641	0.6071729656471155	0.10511818273283512
-0.19908352869009566	-0.7070257255728933	0.5832455799932763
-0.3941336170398449	-0.3410356708270098	0.8043055961555908
-0.07813650531906727	-0.7243798628694706	0.6348027018512136
0.49974621618404774	-0.5509859184194078	0.6064885598106762
0.44374529545223834	-0.08955243531609329	-0.8134913328840391
-0.29739983816097204	-0.7900688411952542	0.4707555188928744
-0.0957092556772977	0.8980948947426617	0.26830896796699744
0.00346854666046026	-0.831734037982359	0.4872241969592555
-0.0644326848434797	-0.841850540045143	0.4828652620738147
-0.2025955007241895	-0.846306205500992	0.44861717972679815
-0.37707629387901875	-0.6985475728346502	0.5430086157582957
-0.10640081497065662	-0.8745451179346269	0.4156911650293942
0.20316465000749862	-0.6293347985722759	0.6869697722120857
-0.5312721679363525	0.0912178649391876	0.754483081944532
0.5630684646847065	-0.4249553294901608	0.59649949756806
0.790744466708583	0.5298323068331454	-0.029756560708902147
-0.3393857726007444	-0.5817661234489079	0.6784170088274775
0.6521297532133469	-0.38155519874890215	0.5413707424676247
-0.2016747429399424	-0.7412805707648514	0.5877402826108973
0.0874223975351324	-0.7885090644938423	0.5508165642714152
0.5364162659735422	0.7013097559631744	-0.26446159136913583
-0.30615859897807185	-0.7550866912401594	0.48588605625616865
0.043088096896039145	-0.8637565621598546	0.4243082346876971
-0.09728557606447623	-0.7892880866142765	0.5664476297753939
0.7083914131479678	0.5371793671955413	0.4470953854894445
0.47726552656832844	0.3567847660569536	0.1689305706286963
0.6807192790548265	0.309481928403121	-0.5624624433422123
0.2794392566697954	0.17464138290891593	-0.40000841394292097
-0.7905607288294209	0.5732744802064503	0.18826941347909423
-0.7742321373270067	0.5595738600058064	0.10032655971414756
-0.3218917558735888	-0.11262790627007759	0.8955588573361879
0.23878188169709186	0.07355708670290229	-0.19191741919988256
-0.5216693266041231	0.4620046830201262	-0.5608219859595847
0.055844351155023855	-0.458800026331999	-0.7944022325378091
0.0036636490272033435	-0.300288871319871	0.0340038503538668
0.2072060134943253	0.13390009458188276	-0.27227106901729276
-0.5517071653153468	0.236806416698539	0.7924393958720141
-0.5488270423603915	0.4287337721567271	-0.5462112163274717
0.15282057021772966	0.11837774043596938	-0.12863955546976286
0.3398032226366734	0.4568592385964551	-0.4800569573765338
0.25348415742388336	0.026437507977107214	-0.27295050067199156
-0.2509685881743641	-0.8690442129916126	-0.41690212022596196
-0.2665397971579848	-0.8729104706553855	-0.34306313341528044
0.26990533263015476	-0.003365593602593679	-0.899814771318076
-0.2575587164729911	-0.7482073890714188	-0.5507706095699971
-0.25899765148144704	-0.8284653171138681	-0.44078058541482296
-0.19034189745294405	-0.8680968590522596	-0.3940976815685433
0.897319067201894	-0.2588967080340741	0.01632802499555697
-0.6080829225696511	0.721278623087048	-0.10946480278374997
-0.008741828162177567	-0.9631031054538266	-0.12316302937986696
-0.28637908577565313	-0.3861079422324793	-0.8062338981320493
0.1989078936249023	0.7984887287433724	-0.45357177691035494
0.2305614397398857	0.7302937749050505	-0.3626686490915031
0.1641263603292705	0.538859329539759	-0.3557651204415573
-0.026364921666482397	0.9283521457039889	0.3557973932866776
-0.5370900958704601	0.5318980894590132	0.4942069304035361
-0.2107948833542359	0.5947578799437802	0.35279973124591796
-0.9143781659254978	-0.380630627139299	0.08994600267698838
-0.27425131444868833	-0.4492599080097062	-0.06532658557070532
0.21529169657689454	0.031893167272104825	-0.33803832629132263
0.4673582421328654	0.5432237689792847	-0.45110300362959793
0.42873950227161217	0.4013037789537184	-0.32642264315629427
0.2123533589337589	0.1096550966441914	-0.28057353988179223
-0.02980958835325451	0.028667646083305052	-0.5413948303913815
0.3411718181737772	-0.8967505089227191	-0.17282434478493874
-0.02885863803843037	0.08978597847979239	0.20150979824562476
0.2314558869557941	-0.6039132737361964	-0.10726186056844532
0.2350626405392612	-0.02182617296000921	-0.21423346064961296
-0.0804637256323152	-0.9695603208077108	0.15762482789998453
-0.06581370291059704	-0.9311402571537255	0.27647452150468826
-0.0755451300034953	-0.4518112420860782	-0.8183807518229623
-0.07902552470863379	-0.9755377690388334	0.0363159675539764
-0.457154367171684	-0.4050317715985846	-0.7049027679610684
-0.5470092635591121	0.7912728811045321	-0.03669623632142413
-0.1267351701422872	-0.9615956866138953	0.11532612582650949
-0.4136070767856623	0.39049863800362583	0.7415476672096883
-0.14486844292428852	-0.5688514635068134	-0.7050283698461342
-0.17200731543281164	0.1498043205907448	0.9328375357765092
-0.43426384635345233	0.09721519149399929	0.8446529400587943
0.45956907322915214	-0.617496297931178	0.526242521050894
-0.17594974001467728	-0.5454569585621264	0.7526805501803612
-0.36310003417219894	0.8122925038246683	0.30625307898963605
0.06827264669218448	0.022285226112589485	0.9452085305383381
0.4109204783382361	-0.4997873808047066	0.686656849313642
0.47784552788869133	-0.6799487875316664	0.41714172977894065
-0.5902958265449786	-0.14960729973578868	0.7055449924224221
0.36252749785592314	-0.8329992261564214	0.03263884337349498
-0.5666116345954573	-0.44530501400106665	-0.6157922155854901
-0.0126167022165313	-0.5044073092959807	0.8185424261894645
-0.6937268988799327	-0.28614647013698524	0.5926239458271847
-0.10306776325889458	-0.9509420530887244	0.02052950553580181
-0.5377203641490867	0.5325949905127851	0.5575533234806381
-0.17271323859642335	-0.001582379525412023	0.931855413334698
0.04783441224620636	-0.9254294868761911	0.26045020300956456
0.2536727344047774	0.07448232831796121	-0.14650558865677096
0.2464629036304885	0.7441350053857109	-0.6119100665356336
-0.03326719297038957	-0.07312254247597982	0.1680119533814187
0.2076126734938928	0.4877917457236552	-0.48597884396795954
0.3084046073231962	0.5763072879312148	-0.5365199499170166
-0.4779551361140547	0.8519389465063051	-0.18624317670687718
-0.39079574572380005	0.7746834040832051	-0.13015052673823338
-0.2662480423267132	0.5822838193540755	-0.18039024777997595
-0.3496940551999151	0.5911958312610266	-0.1360412826182409
-0.4968479962113114	0.5406856607000203	0.5411699028373618
0.21940393180614248	0.037448181957212015	-0.1452717836284363
-0.1447429302699996	-0.30261689030551286	0.5819641609764943
0.6263644409746981	-0.6650451657451936	-0.05001035223496158
0.598502257779019	-0.6154480010054082	-0.10932383766138003
0.3086137385553488	-0.003540110885240956	-0.24782548825068806
0.3019623423965441	0.593783446449105	-0.05130576551488796
0.3078131002833219	0.7187345979622329	-0.14794026892255144
-0.8697698982427325	-0.36217050626272274	-0.32489148862113354
0.1541285352272377	0.050606795450822514	-0.2828097297695396
0.7236149793528498	0.5703365381656588	0.36694953136510117
0.47880776358959254	0.3897518900173858	0.15602076256370373
0.5209481812014075	0.37512191673475387	0.2639600169622765
0.5871910530797616	-0.5035820503979311	-0.5409252943950696
0.06951754976544453	0.3581287214285652	0.8267896673425095
-0.5281615130629389	0.4700829097810911	-0.583477914193986
0.11828764689347367	-0.11823939105774103	-0.27928282996496967
-0.45268067864469674	0.3694825860494584	-0.540387955589959
-0.004458559967007702	-0.6404826757979856	0.16188660325316778
0.1796062564017176	0.00917839021918975	-0.22690161948024265
0.09571241662728636	0.22201242943154254	0.9331008914211788
0.23556865780986497	0.6388233743554794	-0.22258909635432178
0.2276382084662987	0.00857879643840097	-0.15487310193224488
0.3881603077510222	0.15489507326514868	0.8785545802157576
0.3655946261094058	0.05693529696752983	0.893843161057602
0.10748897514363932	0.36773623906612224	0.8772457252012186
0.42679037327346186	0.2178217178347293	0.8224578204756108
0.6188890750491356	0.6901531954466792	0.07552209834891374
-0.07667670896038285	0.30841330997091293	0.9001557283167602
0.3612958917390816	0.27073009333249953	0.844266051575125
0.4962150730309008	0.19875652921407008	0.7757390576022134
0.4732271811799612	0.43297578119347374	0.6933846673716747
0.28105296980059674	0.06355615418349025	0.6192895582742896
0.4824142925086184	0.5116203767642142	0.6416138635489874
0.37294833613532063	-0.37452205562094665	0.7944031350266368
0.8107808885369816	0.45183333914542534	0.11664179462752874
0.450270426662895	0.14225621994160176	0.8267592993104382
0.2414461336277276	0.5049234363722709	0.7764228792625187
0.2605622542063897	0.1053728402584156	0.9137236954848281
0.4499654818896603	-0.1718393097525284	0.7735687335753261
0.3133372420489614	-0.23009721806947697	0.8598249880642972
0.19473222195164044	0.7393649893417875	0.5594381476555017
0.4902108833861322	0.11081300626721446	0.7993688614764073
0.6656920129724618	0.25594798743250335	0.5800299604534256
0.6113530084420018	0.6510711284629846	0.28536567896527887
0.4739782620529238	-0.1598697747610054	0.8044863434557011
-0.9118084948736891	-0.22495844746930718	0.16246837527706676
-0.4089510271408802	-0.2600227758201285	-0.7477796376227863
0.22246038604929205	0.2223657999671404	0.885870366007525
0.10439044431424398	0.51106719317027	0.7964026659642853
0.439857271436571	0.06421081641128401	0.8392946438566286
-0.9146049577063198	-0.3364446744244045	-0.1994444711321905
-0.5048006437872182	-0.7861924984883393	0.2581991808952068
0.2454805052345684	0.8664688971947062	-0.32297978110024
-0.0058924243150015095	0.445459053961032	-0.1345290807097489
0.20890735874100327	0.5430062639138089	-0.2599894112504359
-0.4854201838824474	0.49071793078654	-0.5417147836364532
-0.5767680214496875	-0.7963003185763781	-0.16417269219364938
-0.07358727216071143	0.11843153467881955	0.2098110982795646
-0.3108366761175532	-0.5615624395419343	-0.07293170771830199
0.16285752003356213	0.05214838565468592	-0.2073012466100933
0.1906943026933411	0.12468772660987647	-0.17176509638208257
0.6014954775484828	0.5365419604823517	-0.5860234595099382
0.7930029298989844	0.3923476441610583	-0.27856851257117676
0.16911129664114985	0.06534829216956212	-0.19628166389814683
0.5654020555170657	0.5210515935016428	-0.5788732144489942
-0.8195309889985247	-0.4776077523276622	-0.17101634600908902
0.22241018479277255	0.0014933354895421518	-0.28716578056362857
0.19747076096424035	0.09706478775616521	-0.15508563987512763
-0.5488451074440582	0.147464519879133	-0.8116819545030107
-0.3306111716805675	0.10571771442784536	-0.7233464267062383
-0.5476952023600685	0.3216611672475398	-0.6371376414554095
-0.28940496995214765	0.10387185851147804	-0.5585729160812917
-0.25133969419009233	0.03433364579848252	-0.9379120959294828
-0.07662157154706468	0.056107112649356514	-0.6266722453130266
-0.21015025815367508	-0.03129042680127043	-0.9363692489999739
-0.24705078118062732	0.14426822427566224	-0.7110587610373708
-0.48963055426849256	0.28495939064132275	-0.5690895056651372
-0.4522831143763052	0.4295756228398519	0.4302274625719266
-0.07785904522390703	-0.00043221239974990545	0.240923876731902
-0.2148842682371202	0.9312628986303199	-0.01668603673676009
0.10406655643142629	0.684787628312066	-0.16645788074596907
-0.16405347017327584	0.6578501469485896	0.03484696045089111
-0.03105170323480378	0.5851789059099304	-0.09551258327235736
-0.3172453190190784	0.7430641990788711	-0.05385062428536136
0.2596375005594319	-0.038442433352682596	-0.2594232294631302
0.27109859234220823	0.6594247278901874	-0.2782494946843775
0.240057922173917	-0.14568329712295128	-0.4782690880030882
0.1357746661732477	0.15369626850134177	-0.6528401105209165
0.7695663858237637	0.34035232041505536	0.4271437151474993
0.28085292096820347	0.14180828333044015	0.1868397550538798
0.48041898686366097	0.29243301568899804	0.29102946269355356
0.5188908360932442	0.2411472203721332	0.15504402097354583
-0.757929199268171	0.5085232843039242	-0.23436002070064524
-0.568722549796465	0.416680579723695	-0.21137906917831045
0.11766345733571387	-0.9486535899234567	-0.24986924099505523
0.03923389237147642	-0.5576435911680636	-0.7862939968229423
0.08942575024520076	0.9121126303630482	-0.1967598708523761
0.20292084203681104	-0.7020284339854488	0.6364261698955925
-0.5520502488110189	-0.7047930936070601	0.35231126836800375
0.2382558791023204	-0.3383830907688749	-0.8469522214650346
-0.006593088275325023	-0.6104167782449755	-0.6859431073016629
0.17376969668356615	-0.9304760371057332	-0.2342208691927219
0.17541739417626287	-0.9512942843644341	0.14578066080027835
0.898564804769668	-0.29251883230919246	0.12453048034708442
0.6494094871978218	-0.011000709659243752	0.6988502377452874
0.010712960233724086	-0.5814900620856353	-0.7398918311143952
-0.0900955876980047	-0.9385874718377404	-0.23170093354684412
0.022132009357515206	-0.5447914278523068	-0.04280195153998173
0.11157455373156233	-0.14672049834483245	-0.8762669858653263
0.26950708932860373	0.0027628414825794055	-0.2006090571480571
-0.26626889577815377	0.6369625800613402	-0.1055728900540444
-0.3002115901200215	0.6778998555843416	-0.0379167655792792
0.23428399517646684	0.05924524092905041	-0.24190832768208262
0.8402799035498172	-0.26721492349026776	-0.44907885591667296
0.8963269367985846	-0.1841137713499073	0.23680230187715384
0.7226820807638499	-0.563980314739974	-0.10695654308623533
0.6250286526621447	-0.6267742926710118	-0.12898009418227308
0.6928135102693799	-0.5836826577103711	0.0253636198459955
-0.40002446338214537	0.560074345637353	0.627955211309597
0.8579143768756797	-0.06289658841223299	-0.3568029109833801
0.7431320824995872	-0.6379053537218059	-0.0724297827533524
0.803859627384919	-0.38535484863457153	0.01820332843696513
0.800014959673103	-0.23711203471949402	0.4605371748198023
0.8561770362116663	-0.3736065315689018	-0.12539592826050158
0.7978270366838968	-0.25975113351714857	-0.4117724455382028
-0.09092946776822791	0.06734308392309153	-0.8393215367377566
-0.49121655005980547	0.41972691481986474	-0.6225340523314966
0.02282679761530746	0.08348508088188951	-0.6374582659129748
-0.844227089460946	0.3797070703925115	0.36577243623311917
0.14890071094189405	0.04588173350501552	-0.1543337791438005
-0.44206597024767674	0.20213170214045936	0.25410260803985063
0.03260722333922514	0.0405544222990706	-0.956367405216204
-0.04028739628692024	0.16623114911635672	-0.8024037307120747
0.10586959547383547	0.044503971396447135	-0.6910978356880809
0.013266287460655168	0.036043630025562774	-0.9107288308313887
-0.9669827288275059	0.23716113159908084	0.0022982337435964043
-0.5773880086166034	0.3632098057141743	0.27573106497277877
-0.6354250256819	0.18911951376542332	0.06248574157863651
-0.901433418113786	0.13622134197624816	-0.007121970194447828
0.2868013788360746	0.014102345872958392	-0.14894357864566524
-0.41442550671698936	0.37403208543044814	-0.3725406515941842
-0.4211787188427862	0.44420707032882467	0.46349002665108063
0.2729918285697916	0.01665243858496556	-0.2242764950516888
-0.004113496536184869	-0.44551750552760316	-0.5091475691506443
0.3551173594798534	0.44986220637842905	-0.4710380909509315
-0.6080371117021109	-0.7654115321807775	0.1934276193617583
-0.3996691548660503	-0.5779005826651068	0.1252491702875884
-0.3423314284340358	-0.5474154180749143	0.10827292752265118
0.17544822815702157	0.028892647435422483	-0.1974676446275419
-0.3325189557151379	-0.010149217759380057	0.2959019660704886
-0.44970833203253907	-0.1843729963444996	0.17573399734677164
-0.4808562633256848	-0.19091092692550915	0.19566534924709442
-0.1340783737125932	-0.6363508425912432	-0.03675935940941308
-0.08426340669202209	-0.6237535956333131	0.022398155209636547
0.22895152055643153	0.06482845765290057	-0.21823369784477253
-0.342386527986434	0.8706600532653904	-0.0009338186082863155
-0.32961626406937805	0.8008644268083189	-0.03079406990226113
0.11356531415324236	0.21018689035908664	-0.16317063750959793
0.5341623437864548	-0.7841266877768662	0.12670300559417144
0.5805508916367463	0.05901622690582673	-0.804973906776819
0.565475698882945	0.06366732965480483	-0.7820663261682637
0.18318723625356131	-0.4039230732928795	0.8414492604806749
0.40799371853260846	-0.05668026725854022	0.31280948099693173
0.043319742575605044	-0.24432540489302795	0.10703564861668308
-0.35993320919308985	0.7898198413975297	-0.4764421005475769
-0.3500297856857921	0.5431170868958773	-0.4825516818020532
-0.18294118117804015	0.5460369653957614	-0.3792654299637881
-0.25527225403404796	0.5371230355407622	-0.3360102677826364
0.14624393759779775	0.8601543969198404	-0.35715247635372344
0.11029965606338629	0.5998173605328732	-0.30060011607284587
-0.8476809270332533	0.044680722828424085	0.26738359422608626
0.4031908123956977	0.48421834678223274	-0.15236880448737777
-0.10718498852605672	-0.4020574418047853	0.06528208173340017
0.16892896650771522	0.061655305662453294	-0.15520061268000915
-0.8101662109000944	-0.5492583259494789	-0.14323052859018878
-0.4553080917297731	-0.8509014064513364	-0.039686928816863344
-0.5816382252002381	-0.1031487863773086	-0.6532925754750272
-0.7880946693982843	-0.46359684645416344	-0.2428548318779332
-0.7710799922065166	-0.09940104138200745	-0.538521886230458
-0.5738363628769593	-0.63909245605663	-0.24656086452765152
-0.5739096003277588	-0.7105890549261734	-0.229959161422954
-0.5381588926169846	-0.7746540452863523	-0.22225537229509654
0.45555238924085856	0.08745803477922216	-0.13907585029577713
0.6102738304382911	-0.6528158623901397	-0.3033112779024091
-0.4780112859342748	0.873671224342829	0.03193063720892091
-0.30116786209286023	0.5642593944354699	0.057677322631512554
-0.372509471957273	0.7701252316275545	-0.030466066386680705
-0.23966254500887327	0.5639261157769555	-0.05051150989435876
0.10100876082465728	-0.5918606608386482	0.33198311295178523
-0.8225624232235164	-0.19839763738578423	0.5206326583473004
-0.24156439001035693	-0.4090590013746056	0.8416480118552365
0.54166717402226	0.8189047547394039	0.12729908428817108
0.39849284956267245	0.5517518609739273	-0.12172588193291907
0.2800305154921823	0.4437998544903129	-0.09165374324105449
-0.9941557592202498	0.03847168383248158	-0.07130097887805233
-0.68139970981691	0.08623055280509341	-0.08758985228153986
0.09342029331222017	0.40328390901517547	0.041200534565743394
0.46989493236193014	-0.7280405330523385	-0.32902677432635846
0.2535245979213974	0.013227308748941005	-0.2890092660961297
0.44862879407727424	-0.03076633690834604	0.14996480250330846
-0.35865094560778427	-0.8702217450731102	0.2233530145596912
0.18076557025867188	0.02977083585321473	-0.21132607145803145
-0.14259991024639176	-0.5447284139353176	0.10593074994608553
-0.5625396759659556	-0.7436079086510466	-0.3514758961106722
0.1653889274380248	0.020221850321487385	-0.2231061329739907
-0.3573601846393184	-0.5258385419115504	-0.20514727023001664
-0.08451853177926977	0.6210612328450489	0.255607929213916
0.15130119040369458	0.6522776766937385	-0.13423558429605942
0.5038251077411714	-0.49709383437331894	0.194440177968747
-0.5754275686075032	0.2813098688729044	0.7632548955624328
0.18780337753741136	0.13935124978183674	-0.18527983724699895
0.7995131862391419	-0.3627304811406	0.3761137856277296
-0.6654461610040302	-0.6565225704670227	-0.3454451045471998
0.17897071535826128	0.06744222423936334	-0.26073539261183565
-0.3193931237234571	-0.49212158114187826	-0.15143186127925531
-0.5498962252510884	0.48074375745516185	-0.5111172092103725
-0.48849946613375617	0.4670022775796301	-0.3896020195741216
-0.08444420544217064	0.1215423378619464	0.26138295588960875
-0.5942974432463891	0.47776147744743275	-0.46771848179391623
-0.43288613406865417	0.40329241752562994	0.004137376958325441
-0.5847309943597453	0.4303893394359144	0.6803196083006888
-0.5718103361712262	0.4434055974059311	0.6535307783372489
0.8085192210631451	0.010837341152789238	0.5235508932957621
0.6695600052662869	-0.004395456649462344	0.5859386292279445
0.3988274593606938	0.13476455811932686	-0.05666329357874135
0.853466178473978	0.04594889435391157	0.47214531104358404
0.8024062647295624	0.0136724255328645	0.4582360282967999
-0.2375555100627883	0.31261022203135763	-0.905067385282203
-0.050768118800938476	0.2269674117533781	-0.5907610695185103
-0.12126101461830965	0.12365252228817683	-0.7383971406935769
-0.2400768138527733	0.3440351106347071	-0.8928360846206566
0.18062700688191677	-0.457501464139326	0.5038422705027944
0.22418106789035355	0.03194313293548062	-0.14829822340262513
-0.5364464826026901	-0.558963471369938	-0.6250397554234288
-0.3617542743079952	-0.4470518962421622	-0.4578974780506409
0.1404690898298115	0.04837995463306625	-0.3110865165073363
0.152884516508795	0.8467268196719118	0.49571486981337176
0.15258172016882537	0.580865947194405	0.2694547375010038
0.0642722613959446	0.5501874968505156	0.34373753395416684
0.5591297822307038	0.2078849190265891	0.17494193824231666
-0.4559841316628984	0.6038136827856169	-0.6423126463197864
-0.2776963056593608	0.35961897886084415	-0.39973422195813985
-0.917039935802715	-0.23995649386990847	-0.30157978685059755
0.12007013738198533	0.11715331101067326	-0.3069014472464282
-0.6219758420191196	-0.1885252604588121	-0.24083941447286092
-0.09515717096890798	0.3452443981287302	0.5088792379743889
-0.3418874136266556	0.4385538280602688	-0.4551759330886185
-0.5531834006467705	0.2817992375825893	-0.4800528625669857
0.3295639856536191	0.8801940059184231	-0.09817784135206
0.32698450321431155	0.16955531765229526	-0.22606423027557135
0.10443493978944907	0.4593562956211501	-0.32761084928404743
-0.10580435267687453	0.5299339361036862	-0.37375591127615104
-0.11375557278130222	0.4375223612918935	0.8837230897310253
-0.5499593137510626	0.4107832114403507	-0.5753321252011986
0.10833996315569636	0.026080283994884032	-0.26405566222893273
-0.6656610335811788	-0.5714883098257734	-0.4702359934317156
-0.11332484364401547	-0.434772637393113	0.05416722787816357
0.19906436514601167	-0.021711565978059608	-0.1916952665770079
-0.4658912781947982	0.5316931431261498	-0.6971970080010286
-0.21756334532816884	0.4044917762784522	-0.5387970034218852
-0.7498092841772672	-0.5603309928519086	-0.33987826443896424
-0.13814877779357082	0.04827665983316626	0.14621284493691594
0.2928456438544972	0.25709385528555184	-0.028662540443575746
-0.5089179000852512	0.6364364724059494	-0.5645697852096636
-0.3610190621281131	0.48184945452343736	-0.4273170331309066
-0.34418979838475755	0.5904344254758217	-0.32055564619636523
0.1289906899122434	0.7050344827329519	-0.6886249870160396
0.08599020987358422	0.5226085778827461	-0.510199111840805
0.1831911030341296	0.6334077653699696	-0.43016474326625986
-0.871956926218047	0.2872499132598291	-0.08426891772406493
0.21397970223784854	0.06550950550730547	-0.32594611822955766
-0.32272450399768754	0.6695372092744079	-0.05313232061915011
-0.36331103647021834	0.5230168799289865	-0.001872688232214211
-0.3796574889179	-0.9155905164532264	0.09867210415446656
0.3191435251459706	-0.09491043639723477	0.8971764670797538
0.6166862535280331	0.36776846564017956	0.6147670556787558
0.2749605489022584	0.3775383466853755	-0.815172003091641
0.055108917167363984	-0.1975566262627915	0.9335911000106681
-0.1702771784349267	-0.5888119290352414	0.07414422679028039
0.40941509120904995	-0.7649614081451683	-0.42210887837844185
0.2543630293005953	-0.06449994914564709	-0.27466310497205393
0.22151641735413588	0.5474116647601754	-0.7533863783965206
0.19038537998797575	0.3858969678279942	-0.7128058742947769
0.20769473543620762	0.5606356156251701	-0.46588234878551665
-0.8597350601197132	0.05530276839606084	0.47879967740190543
0.19384601752983557	0.6103070658009198	-0.2315585492318005
-0.5541140656088174	-0.3644307220446656	0.6832106463813484
-0.14342477721644697	-0.2501231542871127	0.9029515152610444
0.32315657447477314	-0.7882860909465997	0.46555071033121787
-0.03733942321776444	0.7736513325061831	0.5320454888232133
0.15015516343578797	0.058442307462242285	-0.17186243063787737
-0.25393290643575944	0.7246614686509191	-0.623326234544297
0.4301187133906542	-0.2514790862328372	-0.7977669956794778
0.07513019675750748	0.004294709610076219	-0.7195034244162102
-0.6166882233910717	0.5527544733153296	0.4663283718083943
-0.4346872860654818	0.4161209336828702	0.37542666280864384
-0.5597056232150986	0.534074625807358	0.49207091047169943
0.1904980885622436	-0.012514293987611062	-0.2077597066463205
-0.08049251380308615	-0.6221918861961027	0.08695287776961055
0.27291428308885074	-0.3323055390758673	0.6064748540404966
0.30157934151631494	-0.3104333553490086	0.6229510305672539
0.26764358128626625	-0.322496195680251	0.5457376750959675
0.2787603180612847	0.06521954359840999	-0.18906819835707186
0.16327884570473208	-0.9501203928041122	-0.00874513586902473
0.2164162957214453	-0.013582456048958207	-0.2193351123067812
0.7556313505078766	-0.44415669141545283	-0.3757035223944322
0.7936397311262092	-0.4236280840074379	-0.3451893391714678
0.23829127667513522	0.0684667783597287	-0.24196226317394953
0.4018668609542546	-0.7297088415979812	-0.4934564823742988
0.3228998617193593	-0.8017045593310603	-0.41367880540583485
0.26300286462658545	-0.543416479495873	-0.3332237818678751
0.49158252142202646	-0.6626580858428972	-0.4854586125022335
0.39939812260523966	-0.504815202846722	-0.719777454643194
0.5252797965294708	-0.20990163472367804	-0.7433842577934977
0.5793894242624595	-0.35747389710890504	-0.6390770582606491
0.43229409020185133	-0.6543526948858086	-0.5616673151509132
0.48062094176443293	-0.7636880447125483	-0.332238873199411
0.33669898613708327	-0.5300970385034129	-0.6813044571059053
0.6354114809977467	0.21189880047119794	-0.6502260158793253
0.3377383797959378	-0.5699752057906294	-0.6371424126272722
0.3124331017730795	-0.7241578130674184	-0.5593172822964311
0.32915615109160606	-0.30852985237920555	-0.8215241936935755
0.9113348061247232	-0.0805042150844764	0.16851461393962
0.8087195790236535	-0.40404640265484604	0.23508360512808052
0.4578482739568062	-0.8214906696156926	-0.1753668296389566
0.7169086300282582	-0.5452041546172791	-0.2693124142242042
0.2610570935685578	-0.0339849302787626	-0.27419699551708765
-0.2548380038766636	0.2593892937210464	-0.9278585485795404
-0.23550680068727234	0.28686029923041395	-0.9128388926724739
-0.7421448511776432	-0.39279706958193444	-0.5352889503641848
-0.4477080863034728	-0.3159054069459245	-0.37398137925855274
0.10460938604710947	0.08315194540422946	-0.31874803429192183
-0.4458548540439316	0.43641006165265817	0.5883460361950645
-0.6886922411468523	0.5087431671870699	0.425712154222871
-0.5738214759797388	0.5137538124678682	0.4669253370711313
0.549534708472382	0.02591625038120246	-0.22601633390165315
-0.5117840937649966	0.5644064136602943	-0.6376925005706932
-0.38739706609970526	0.37276608486888907	-0.44508463254118147
-0.5347200178749408	0.4804415714193499	0.5517286320933465
0.28657936982983057	0.12055971354725176	0.25911401548841595
-0.06794194498762227	0.1271924007470792	0.2850029933686424
-0.009417696848110902	-0.08357331554274264	0.9604540131135916
0.45154372834816425	-0.03788672911798361	0.6354620656778498
0.4393316944904987	-0.05320105908752888	0.6361875279811164
-0.5417411900917931	0.4507415468528189	-0.522283401327157
0.19814402451304974	0.09416612522286467	-0.11240065855774617
-0.893856134376604	-0.437682655323984	-0.04630223935897036
-0.4775269839064278	0.3699307309380107	0.399781403444407
-0.9499995423328169	-0.08986047584272823	-0.034835181191531894
-0.17657644386570123	0.10897828550882314	0.2206200221245748
0.2259992507465378	0.5807180178079826	-0.2604351039573027
0.5076569839896148	0.16052691565608046	-0.5044322721206044
-0.28520770294175984	0.44648255894832894	-0.4709864658756975
-0.6386155234144387	-0.19964456995207996	-0.7369279368495197
0.3579708116040726	0.4684585593174617	-0.5008309755525546
0.1295548994070967	-0.004153506041494756	-0.30541782227681047
-0.5020111526358783	0.27142144950551744	-0.5550241551239412
-0.6805362085733526	0.7246305711045327	0.008131292374283797
0.1495072822669079	0.0666181022721168	-0.18468433881235832
-0.41464058204111476	0.7001691514555515	-0.04099437681920644
0.6581855279910527	-0.07008148242436293	0.005736314670364203
0.6497654597108089	0.051833940951021895	-0.09137715578327998
0.2585322924410566	0.03174146655201183	-0.13950496582402547
0.06361989904862458	-0.5879007161277533	0.3552927321676891
0.20372442950860278	0.06138301746786231	-0.20052834839046058
-0.2915614950380919	0.6976229032160277	-0.0718620585466815
0.37441770010303405	-0.012895542118957885	0.20982076986097106
-0.6978196409137354	-0.6868061551783123	-0.18788825134959916
0.8756468896350157	0.0636649546228102	0.46776808263709607
0.6573679126246914	0.09019884234558896	0.26488815990014514
0.7024235128899007	0.046269305262106555	0.3668019251114727
0.8672905192725351	0.054542543213879566	0.4661114718455057
0.5707225766212238	0.24720705217423336	-0.7752888471949901
0.4165349656805432	0.17338636298613785	-0.5312235514261733
0.4161809723339684	0.170746079824913	-0.539261491176739
-0.5277103863175294	0.45773668769784776	-0.5741885561508812
0.262626015286608	0.9291837571128168	0.23539453352379314
0.19249110143201217	0.6301953407788561	0.11071380232448567
-0.9080598408118986	0.3292829197624719	-0.23982927401366902
-0.88165372340775	0.31582800495589386	-0.23046770483650303
0.6647345124644514	0.736740210703553	-0.036666427233164565
-0.08959806757255269	0.6585241851608372	-0.18005878363945077
0.5206705632508833	0.33066468882667194	-0.6775617892034561
0.4063771304141863	0.26110484070819406	-0.5266618087058644
0.39992261168645493	0.2480122818571312	-0.5292325458451539
-0.13765793182465288	0.3452784546404141	-0.923954078563921
0.05273740850452233	0.28044598473378296	-0.7622115937342724
-0.13597468374536742	0.3560199194519623	-0.9043320187887953
-0.6750943737514977	0.062065691476014435	0.7287846203649483
-0.42645897373841374	-0.035143031104435896	0.5132817313123422
0.1884905033228482	0.028149457434855037	-0.22513750614323397
-0.74284006416369	-0.043931525155151176	-0.034541888788520055
-0.5379916961413677	0.531262312003862	0.5416000205367818
-0.5061452341997855	0.5930784301291676	-0.6145145020248063
-0.7871671588064176	0.5178166458126534	0.3039441059516407
-0.7314019343166616	0.5203860937123973	0.3555462263375781
-0.287010380536765	-0.9133170172042512	0.13608334433216054
0.4050257112867565	0.7150759969524683	0.4223417873545197
0.35579721912777296	0.6167299957249777	0.5657301186584702
-0.8889085551233106	0.26505121191719744	0.23209619501302112
-0.25306550876210465	0.8897724271413885	0.19447568190677242
-0.6037742296629736	0.5226498495675558	0.4813320880915694
0.31991683613341226	0.8253764899426546	-0.3032189516172301
0.18437823662971078	0.5499158886608176	-0.7521638899034074
0.2980308970981831	0.392466059903272	-0.2825220378735071
-0.06231051224764008	0.6703733531341189	-0.4846213620350577
0.13994883395131763	0.40446278521243434	-0.5755509909852147
0.15081101195321067	-0.9856500734708379	0.004957041892570788
0.1734990685852223	-0.967638439986332	0.002475195258504603
0.785416392992203	-0.4932649905925822	0.10781708603027843
0.7604081131363372	0.3393212307696726	-0.41410542644135223
0.27200280705038615	-0.9220648043870994	0.010835872361572324
0.24159992418135046	0.28263912106055783	-0.6092177115383621
0.14017023088651334	0.2915711848963412	-0.7627789157010096
0.008742790389441597	0.7067173568379069	0.6369770008529381
0.07678453316198125	0.4723242346443002	0.25125404025764103
-0.7160077003647562	0.325011014162765	0.6100253115697706
0.12361378456515493	0.15244237783834735	-0.18817989789298856
0.1383577475315209	0.015774773445506575	-0.27522801529818464
-0.571656750500004	0.4582228120654321	0.48870248726757975
0.18812241069873697	0.06550871443218605	-0.2712645894421265
-0.5306190634275009	0.37318019565189153	-0.46208453212120826
0.19846649542628222	0.6421296996270345	-0.17971827210889704
-0.947860255140633	0.30139062504329406	-0.010703716882652916
-0.5932427933935782	0.4478416681728997	-0.5070303165073206
-0.9736389448002112	-0.19896433722709006	0.06836163008305696
0.12615391817870192	0.08594289679110359	-0.23837780966353864
0.4368211083291898	0.5701704839857951	-0.16005852125789308
0.7981356494349614	0.5311810450773358	-0.03147577020092729
0.5770460410104626	0.37833117248776615	-0.06264485441138944
0.599835943555035	0.2981966967943692	-0.25080991877901243
0.30342834216144504	0.04515782262826694	-0.17740683851315972
0.3566061483212249	0.8497687317815358	-0.2361012971991993
-0.001950357570982834	0.9221632233028859	-0.18637735483188847
0.15008805990676813	0.8006764598089489	-0.18363232715017558
0.3046348420164403	0.7487571169884017	-0.26163954850382665
0.26742500425180277	0.6819181148153074	-0.2601866415596595
0.22242491130292577	-0.02024294517703357	-0.23043764477221898
0.2458802394839603	-0.5962469101136195	-0.06480898407374794
0.29840826998460923	0.45729243643580725	-0.37800354098620204
0.04907692167491698	0.5406455328669764	0.25599285723480086
0.09173697824964672	0.5128595659269202	0.4532674742274259
0.8703805510884748	0.2200771289637165	-0.04386292576325703
0.07559409012410798	0.9894131383096956	0.061747522759800694
0.06654418949118934	0.7328106607219629	0.20688454242819804
0.09373222905711487	0.6313183120474708	-0.003961518158677504
0.8217126455485255	-0.35623953695705657	-0.2932518462915587
0.7944997085394723	-0.3979024164920378	-0.2837864967971904
-0.570816835286043	0.4971646881222735	-0.6437629308782579
-0.38771778282637775	0.3995009435076766	-0.45375169329642984
0.6321851401322971	0.18775058544665418	-0.10589893597340033
-0.8337970805398132	-0.47202201953931044	0.27061303242154766
-0.7515657440991108	-0.5122659757205713	0.32746832110381413
-0.4059517384584196	-0.7962502810963734	0.34781574367649304
-0.26289487784423826	-0.6066809712520949	0.21364075139062003
0.3512453621516502	-0.017353150706595502	0.21683448573119107
0.6520922896724238	0.2136376127496472	-0.23229989193400014
-0.534541651772223	0.46244491120779946	-0.5419332234664648
0.10827232668916287	0.17742539268999794	-0.2029984961731947
0.29529519438383384	0.4548579984304144	0.3761302997609085
-0.5480851148424858	0.4272765769840026	-0.5637918519743143
0.808070663040143	0.3058228413078448	0.3019096399113238
0.6534009352225211	0.24126323636963232	0.17576904027184373
-0.847103872768765	0.09026197790815536	-0.5092663940059686
-0.01781259034067301	0.07583774168528545	-0.27582968033208194
0.5646310743032202	-0.6557541446442726	0.3639241621272549
0.014760435826219827	0.029895009606052493	0.23414778539684283
0.2528855197595326	0.02283295727307607	-0.16039225983104857
-0.9035383728909424	-0.025604168054359003	0.4173678580542242
0.012686237829677623	-0.06217845131244307	-0.7368610176869079
0.21307095344537688	-0.14005698681403292	-0.567745457545601
0.25534149555480684	0.6270245037639721	-0.1759567140370925
-0.5288508873506929	0.45875952916261187	-0.5676781828876055
-0.5229859869958705	-0.5819798511879983	0.6171965740440858
-0.525008351782098	-0.554321732052764	0.6125698143269449
-0.5140126553025489	-0.5074249539982374	0.5874600753839314
0.18622803635118584	0.09069637837700015	-0.22772297667675134
0.14057051876422882	-0.5239957952810274	0.4312871653742725
-0.47383823205985803	0.5805938550193054	-0.6511318654446309
-0.1769801386300487	0.5247924009548267	-0.37981467030042076
-0.3579902404007843	-0.583779886228485	0.18415275549709237
-0.23963778764454663	0.643888964810278	-0.08121174090142903
0.5058400476871289	-0.02388520521079735	-0.10608298232385889
-0.579682617932941	0.400405523810012	-0.534070029429511
-0.5230246575745914	0.4598395530635896	-0.5649403383003228
0.2789334708775939	0.07169407432867189	-0.15705177525820493
0.4736510388801098	0.3436635008242341	-0.12164040609886122
-0.5188169792237823	0.4638066501665199	-0.5822810576830451
0.5512263875456141	0.3560461299037718	-0.15035974874431562
-0.26659339318756964	0.05110782273307381	-0.9213747591294549
0.3391547891997257	0.4482167509887758	-0.4942151887566663
0.019148223679256327	-0.9722996456191251	0.21839767282756148
-0.01762224746589275	-0.6591393456597786	0.12365747150031296
0.8700322025032008	-0.29805100267010687	-0.27231387236986326
0.6404219121538964	-0.011971778893619918	0.693195164950609
0.2646729687465021	0.048058817400553795	-0.07311270125506178
0.40032434909826337	0.02851414168462015	0.5165654417261994
0.6386753703642726	-0.010323383878705772	0.6914748381140499
-0.5868896376836926	0.5022442269054814	0.435522798990948
0.06143069467704371	-0.14930488445568357	-0.5903625464073629
0.2253407669512889	0.6199088004890083	-0.26864277966625894
-0.09265639640592761	-0.015813913383934244	-0.7821507707097615
0.26224105170993617	0.10159254281349459	-0.13972167354833517
0.5163417719043282	0.0019516669451768122	0.6877982889929136
-0.3858081863929247	0.4353025976745749	0.40728104307635815
0.3615068641886239	0.22527515771613146	-0.8992230876191315
0.2788342146231965	0.13540811361122104	-0.6577572105184271
0.3442646617464896	0.37737835950907006	-0.590758902740433
-0.5980552651510201	-0.034867449537834085	0.7942758553281081
0.18913182040368168	0.05423027945186986	-0.16370311002967614
-0.36692421422760046	-0.10895719323825556	0.5253665668767299
-0.42577670287888925	0.5345993629249114	0.5647734574766342
0.36695451585059286	0.3120715699480926	0.35339700846355226
-0.5332253783251779	0.45318849930516636	-0.5680818905518233
-0.9443766350400894	-0.14205587434721237	0.2757902186460972
-0.5393502802067409	-0.18214168970980915	0.20303182334506908
0.2485623528912562	0.6078015553822613	-0.2548226113042027
-0.7931545204327705	-0.1705598662260141	-0.5775101407209654
0.22434302129348038	0.05473535954933863	-0.2528778578799255
0.2591349261045141	-0.9283897346803235	0.25579147935610763
0.27789081127063653	-0.8947382557172939	0.2866957926766902
0.3759922677638462	-0.8667657957130397	0.22077691613497027
0.23447909404982467	-0.922877066193046	0.23076361696488912
0.46224360722202334	0.6735944938695813	-0.4658096410259028
-0.026629522250719972	0.9052445171362942	-0.4088410435443392
0.2019339234320718	0.14195969216920065	-0.32227767628048576
0.7539462765575193	0.17814886529701157	0.6215175289107859
0.35129467820128973	-0.05884494163044072	-0.2567279871972806
-0.005256241049227902	0.027441221594316258	0.18396985424963025
0.014661124930790376	0.9743760643111107	-0.18448885431030232
0.004649882959065544	0.9413456149742595	-0.18394797171560234
0.18773242551821104	0.7164305829564919	-0.24317144098551666
0.1597441140417596	0.7300963197081142	-0.2232663674035233
0.34291833442259906	-0.9116740751916247	-0.21058012708065726
0.21667084505305162	0.020898901243844182	-0.2338122622783284
0.14468934637125225	0.09293346340155582	-0.21981778441730151
-0.264928538896113	-0.2797822221253829	0.4925845262403527
0.10875663297781302	0.6350702654461178	-0.19587810548159973
-0.4901102053988441	0.3337024677647809	0.5110642209842323
-0.349840693568047	0.09649422501864735	0.5491515821467992
-0.48849194727846357	0.438172966089772	-0.5799818725425449
-0.29342424221122115	0.6722440649454874	-0.017321868958745937
0.09499718309537189	0.268774429236085	0.14659555815890576
-0.05398142247574952	0.21439748157242963	-0.96980762553233
0.015790252922395262	0.16962399752787014	-0.7025165859834822
-0.038019654014833704	0.18576865291805045	-0.6219193668332568
-0.29175395446434865	0.7257878506887114	0.6160658655956547
-0.6372361650410062	0.5322283508758895	0.5499159800215904
-0.3514122600150006	-0.5077409405656552	-0.7792256717967292
-0.24286168154845483	-0.40282814180448423	-0.5518466921866418
0.375814527960729	0.28564146592251616	-0.021622647194380822
-0.48750167360708735	0.43989270092911653	-0.6161569586942249
-0.6314249196173584	0.7160578962917005	0.2802428876075756
-0.5261010638874517	0.5584277608654556	0.3906624122332956
-0.3973590912202963	0.5140012916102714	0.2234079212648158
-0.30780145491630195	0.7614982649180239	0.06437105665562998
-0.75631907243282	0.6186501386000371	0.1945084907356681
-0.12132351534985832	-0.5616964229523363	0.06911710614449577
0.20463478062977933	0.013174216468397228	-0.21841404099788161
-0.07327132698827189	0.05725994267980724	0.21097027589113793
-0.5398321448644893	0.43613158448311734	-0.5464548133556331
-0.023810834294263793	0.3848475558467719	-0.9156614542321851
-0.8840331261949379	0.05692658687967397	-0.4514638660530043
-0.6265585150725436	0.3531126104375377	-0.540465950948223
0.3870449046552668	0.11319003907427887	-0.5381821101027752
0.44716066173472024	0.07352858586308386	-0.6106239521735753
-0.843703389052293	0.4330976507497662	0.3024411118136043
-0.3469169673565082	0.27113012951129467	0.03823876669181423
0.1883996000946815	0.6051457768304049	-0.26253072645254694
-0.47967997285197406	0.37846432680284464	0.47594361497367366
-0.7463836953929452	-0.43297823555024395	-0.49742046571990856
-0.5548902809639283	0.5277400476616227	-0.4753598069790986
0.33644364165736523	0.4516753738249429	-0.2888679997405016
-0.3147833925165822	0.39888271786094326	-0.8536564830773387
-0.511993864851197	0.4308172550049445	-0.5633884873460009
-0.16861364383892247	-0.6135091489125768	-0.14361000806477153
0.19820558951504236	0.006280471498657238	-0.2912975976517784
0.23832063521669203	-0.022969191007683486	-0.28880722744800297
0.17895456969317297	0.10743198996522237	-0.14638922313685634
0.23114323585317115	-0.003037153244238132	-0.1857447867943499
0.26442324655421245	-0.15259937917058156	-0.598623107687519
0.2756635613217283	-0.11659247743053923	-0.4264680589252913
-0.742251803869543	-0.6146691929183026	0.18784730297903185
-0.7399560883318655	-0.571918498395863	0.19379198457224914
0.06814039632435229	-0.6320966288348284	0.05925622021520283
0.2118393886238725	-0.020797435301305327	-0.22582533880179959
-0.931266614136696	-0.129065881050087	-0.3256093746600609
-0.9093631450285459	-0.1127414065426588	-0.3127726024018781
0.24213682819873739	0.06746547106305725	-0.1645078847449113
0.21107645687989948	-0.2571820290346563	0.6014943670036329
0.23093331752240337	0.0680564282753095	-0.2371446341406388
-0.14547989962304958	-0.47082853711009354	-0.07161607303561814
-0.3441551659864399	0.1647674766454138	0.8756413760290234
0.1644463049558224	0.12699217254474818	-0.1773225799562506
-0.30839469485873555	0.6839803709761997	-0.02323529491161456
-0.4981193104875209	0.39106814040605686	0.42710008250209236
-0.11867509968305742	-0.05877756550559999	0.5966896848438946
0.28237265218201435	0.1212778131921219	-0.023227179455423574
0.3146734526709093	0.15197378658685462	-0.04730993735789412
0.2789673080195606	0.17120000110411596	0.10949756949294573
-0.0962963237590264	0.11376418972969718	0.2766111282369206
-0.554825222261864	0.529901445750086	0.4954890716243777
-0.011380097055872018	-0.625090126102352	-0.01852109182332355
0.008838404609782226	-0.6919207855544748	-0.04085648683242904
-0.00014009268860672004	-0.6158699104267005	-0.0221104142861363
0.3315198946339507	0.007127295714907391	-0.1921372128712361
0.27022796041132996	0.054253195483679836	-0.23916735605243936
0.18581402220279147	-0.7133231229855459	0.028656293075163437
-0.6104209609025661	-0.11886726253117727	-0.7748575805704705
-0.4087438793660048	-0.04985880956301963	-0.5965214993646767
0.04005768997007605	-0.6531553261087877	-0.16053879586606057
0.3853630660346075	0.6681589979838958	-0.25986288866867385
0.4186502353333726	0.479795885787371	-0.21805753016153984
0.4624457054449273	0.49378052551326423	-0.14848533315835818
0.21448366375950556	0.1548383311938725	-0.09972708520617396
-0.8345249255826837	-0.10733751627623032	0.531847117704608
0.18266423088582442	0.1211366708741284	-0.18837903919199106
-0.5896228562438796	-0.1533603378967506	0.39746661364808766
-0.9459771421903418	-0.3104952521726101	-0.024859731086610954
-0.020569357852468016	-0.6314158606461975	0.24761200032339006
0.5926713995111247	0.25250980868252804	-0.35905564081045493
0.38389814300047975	0.521521077474129	-0.2832232983680319
0.1947796753608922	0.030483526865059635	-0.12870253262897524
-0.8320778937971128	0.28906500354418424	-0.4593505091030866
-0.26837776826428283	0.23883341329942934	-0.4537676643640992
-0.4872137983348122	0.225792129675327	-0.306923885785338
0.2336924288479926	0.0634522380424694	-0.16200799047487896
-0.14191443484531233	-0.02617833495345692	-0.6237973830615887
0.17167253824360484	0.0017915414394699567	-0.23620669258753363
0.0742524228724569	0.7497845940378569	0.650610360737441
-0.4478975842818371	-0.09515249665392624	-0.881859739660501
-0.312777550610844	-0.1545685699595376	-0.5623312191340466
0.2572750728648814	0.004325731671932379	-0.21234730930960477
-0.8719704997698493	0.4715949709147887	-0.08757749383462933
-0.27649918056257694	0.4466670613035399	-0.15226689019743422
0.12701303662602784	0.46372860495448315	-0.3581351451676527
-0.20178605237220523	0.6133622674255677	-0.0058343959036733575
0.570281418517512	0.20004874344382703	0.5833403670372688
-0.7537492177058048	-0.6293360424958296	0.17595434966823142
0.1168626545961043	0.03691861513693254	-0.2123425597170822
-0.44219704531125137	0.887615537638522	0.09023047705559889
-0.35841568615337505	0.7769884397050147	-0.00025502641866732075
-0.25839230443710615	0.5356642708513153	0.11804175919118333
0.4075389462852013	-0.10798826760050939	-0.45681709114897473
0.0503602907439203	-0.013583002676278164	-0.6674880320742435
0.18517467521429187	0.04147958708680925	-0.20513556987959633
-0.07432928863150262	-0.5837620481012956	0.15239605519036417
0.13164626989372016	0.03424894926070784	-0.4090537372871997
0.2404338765303206	-0.021990219319373595	-0.256120619426433
-0.9897806986022616	0.0694847514007453	-0.08476210839296491
-0.8388226198123518	-0.5072446861402171	-0.18512208613885234
0.15541499610749557	0.04062692243789974	-0.25453112850656523
-0.5257974296558228	-0.37717143110242424	-0.06600015802958678
0.4344811831627234	0.381889151093	-0.44869750362534105
0.453476065237994	0.5082551278289847	-0.5410720796531714
0.5819019553027753	-0.061782286004545814	0.5230712995212585
0.43630691147618317	-0.04993337708149308	-0.10446015364786491
0.7038839255074253	-0.1477558386123402	-0.014313314051617083
0.585753074334394	-0.00811859252134389	-0.13875435282095247
-0.5250282797349902	0.4543336305480061	-0.5484221383298996
0.12830070508761243	0.006064939891695023	-0.6798731231042693
0.4287361145828547	-0.11857625620232302	-0.5833710745453742
-0.5279575905352056	0.42568708740876743	-0.5457267009435979
-0.5379117178132947	-0.4387904688427235	0.2769782653539972
-0.3724413274467648	0.9178521981194698	-0.09136853585228318
-0.8825897574958567	0.3362420754641802	-0.31118258347824285
0.019049709503712188	0.14041853770789614	-0.2559881243698921
-0.5244980106876009	0.25096108053394484	-0.17093635887253322
0.09617660188238936	-0.314773392409063	0.9388446753782385
0.19999417858511345	0.07921218994975486	-0.19304747294202415
0.03199385904188491	-0.28494753135235656	0.582701922549643
0.22592857578020473	0.615896956765928	-0.2658250100479455
0.11488084677464792	-0.6357924540916411	0.08067412623885997
-0.03943085618782311	-0.002501048001981555	-0.4879546008651011
-0.46384407640283215	0.8792490585279764	-0.009656899245482858
-0.19876216229514101	0.5496531799414669	-0.07095821807040832
-0.6788960750158055	0.6789741709991197	-0.2541205961478263
-0.44100150718233283	0.5093384220860137	-0.20096205595287345
-0.5644572453861115	0.45894482466677095	0.5377083377118278
0.665454758547253	0.21298890359042022	-0.0699851802826563
0.1816981528677915	0.07051646892622039	-0.21110329457274443
-0.4197579032814632	0.3653871322863773	-0.8243308484652162
-0.2359728212188539	0.27139829115294506	-0.5967863897964614
-0.44376756435666986	0.3757786591153716	-0.7303865250142051
-0.1252746408269187	0.9287032664209625	-0.24826929758495822
-0.05458015817931216	0.6216659114599566	-0.21578744521321808
0.2772775403823176	0.6191559918957222	-0.1827578057239877
0.3649851868946604	0.3835643643655137	0.33621969790033857
0.22497852853285374	0.018477201418942556	-0.14714082126371097
-0.6039877405982439	-0.3484254100125756	-0.7091842124571942
0.051217869239914136	0.014748099783988642	-0.3229290506414128
-0.4364868159580859	-0.2910505880469945	-0.5029643113575151
-0.07290812510504635	0.08139439185482551	0.13525657460594134
0.2926957741331864	0.7437777886910983	-0.2879732436207408
0.24114964907768963	0.485059077780613	-0.24950139068575164
0.3564894551335992	-0.03567862144019199	0.164435332170571
0.16129236162244914	0.029636348753221062	-0.27244114767447036
-0.5284975923551756	0.44398496538991566	-0.5654280390877428
-0.8055464683700431	0.5535263344622525	-0.18486915085310085
-0.2894833522901253	0.36939506050803844	-0.20036639268780845
0.547875903793387	0.431201299109917	0.022215139169374606
0.17301789258153108	0.9659427836701238	-0.1547408387739994
0.2200975868492389	0.7662924117733089	-0.20499559499864575
-0.6936728125812768	-0.311408107149771	-0.6369356018546724
-0.46452677253832675	-0.24729906005095348	-0.4750287513820697
-0.6480221815742381	0.622474841817154	0.42904844077211995
-0.3601068685496766	0.37430848051699295	0.3132656246392711
-0.5599045184850078	0.554014202504645	0.45866091088285066
-0.8388081233241287	-0.1978929257897731	-0.44750565799281483
-0.6001800866308781	-0.15412411193701425	-0.3243538201619088
0.09029542689709634	0.05596682715500649	-0.29203950656898364
-0.19179108871058978	-0.8744012809139814	-0.39681949183830184
-0.5772563199268657	0.6056348981671336	0.5407760291020339
-0.5481043906448109	0.5574400053785322	0.5136686057893143
-0.8699604261258029	-0.181226618941719	-0.44903353013589276
-0.5566368302149952	-0.035118023553305906	-0.2276750440129905
0.20364208955201132	0.0006537810366759099	-0.17791554542963942
0.3432860958040732	-0.029811389082303155	0.20935876100882847
-0.21784438535553238	-0.5903302946594821	0.040762991165472946
-0.1260693821897524	-0.009465010392686296	0.20953335980285281
-0.08981843443716787	0.09989088026249689	-0.7128523927353073
0.053654536315305736	0.07329368960733497	0.12214439069811439
0.5682980047858941	-0.09319321149466177	-0.25450919567274904
0.6307651304706218	0.21274598109748835	-0.07463720213635643
0.2188977260453631	0.061613327009978985	-0.1519855527172251
-0.5467778616040997	0.7643432869895755	0.3226843310567729
-0.497937755690098	0.5805265515856842	0.3919721386420449
-0.626795123049164	0.681295134231047	0.36826309924190825
-0.26945850712900243	0.43235508508398307	0.1542092652928712
-0.37440710260432	0.6590699981180445	0.07221945049441353
-0.5739104409924088	0.6349459706215935	0.5107343143357534
-0.5469356178782648	0.5719087102961088	0.49869174819510087
-0.625948587060814	0.6390020546536646	0.439793447837295
-0.5579675968573449	0.5648179989791118	0.46401140512278377
-0.353509089933472	0.4745649953117961	0.7058617734495745
-0.38807727870050346	0.4722368075202906	0.6003319037716074
0.1751088091048333	-0.6018553132135764	0.7751397287596201
0.39331657098416783	0.1341445292505118	-0.8439545895546218
0.11139104898501481	-0.4466980811315271	0.5580416775890816
0.21548217674385517	0.029477027352050912	-0.11859948707486416
-0.75779759960977	0.10578137547447954	0.636591213051671
-0.5670759240583031	0.4354211160381975	-0.5283765639191889
0.6215080992357264	0.07959509384521497	-0.01864051348887281
0.30813905983854006	0.04469067302121782	-0.1973728146445632
-0.7012652337066628	0.16886241209421102	0.684207818650762
0.16440198353559785	0.12503381089309973	-0.17144041337900026
0.8846817564173992	0.3987230057360745	0.21304750870406655
0.6324955779120358	0.297606444696513	0.08061253118940653
0.6195035110566224	0.3088539896364666	0.17525506324370205
-0.7743668199872904	0.6053286169679228	-0.13375125167377774
-0.002639761179670071	0.25900744534420794	-0.2210742063206062
-0.32384743350943923	0.7989010652205186	0.4953779010284163
0.10037128949179304	0.09768830554459645	-0.23192098110112647
-0.8682508317491925	-0.09335806891042459	0.07067661988299519
0.002139526586039164	-0.13571006819118095	-0.5265478323865742
-0.11608076353790835	0.5957614995167282	0.09028204332929932
-0.13576360845250873	-0.6015631963380403	0.23208773525302998
0.2048173885795241	0.002283825705824526	-0.1917046298943053
0.39366890031770635	-0.03431253120398013	0.21011608191271933
0.3300424906416985	0.10773312987897075	-0.6352347841057757
-0.5806595134667734	0.8020563396738247	0.07154264044456407
-0.3655968464798362	0.48076446985378346	0.05620932565086292
0.1709496394484389	0.09385365344280647	-0.2302684570096024
0.17566796010200086	0.046972324196078295	-0.07875501337558963
0.17819089585909306	0.5686775995644201	-0.339627307404816
-0.0016247058998566212	0.26469168737109267	-0.5754541754543658
0.54780989665962	0.7834083500000253	0.2760776229410779
0.5397377249223563	0.7848077331636175	0.2693782867901255
0.5382257536276558	0.786710450307027	0.26775675649439723
0.41545268965017634	0.5273133868577634	0.12429669623558104
0.15846611442492878	0.03306186581654611	-0.2669916112739117
-0.08175956372421629	0.13449934385027124	-0.9822681087243773
0.030505157268348668	0.12021604446271356	-0.6605615103595639
-0.88548913529557	-0.45100848823927214	-0.08319302657033668
-0.5184516864210933	-0.3496211221468666	-0.05109211847127137
0.09804398776699644	0.0516687864321386	-0.24954174577638466
0.2914342797468355	0.05613922222899549	-0.08706205067748549
-0.6497534290389436	0.3274577780883148	0.0789389643858799
0.003747112257247688	0.958787739182921	0.2639854599664615
0.06618900478870614	0.6237848682765437	0.12206752132548511
-0.07913350253501682	0.15921611831588842	0.234410919525315
-0.13756399513072617	0.7582124382437719	0.08442636759212221
-0.2205713061729795	0.9380871844174206	-0.2347504566710597
-0.10108655255070106	0.6201073582680726	-0.18566767500839756
0.062411324154164984	0.6962003312125311	-0.2297014398301965
-0.10159112755210131	0.8690451123977015	-0.19646312608990418
0.05375506607315297	0.6873392709672526	-0.23180029781630077
0.6077496070551571	-0.6000540065736555	0.5114833687937425
0.3268540456868081	0.06597676038179734	-0.13048520994346466
0.40591917331438243	-0.464306005216839	0.35562146750207263
0.7014019509062602	-0.6095706049756416	0.35673210112239645
0.43819068856460214	-0.0008368347911932321	0.5088860381904055
-0.5281202976145092	0.38320216744244934	0.7531891104444723
0.11093724670764568	0.17385568681200322	-0.059225381926295353
0.5350519670067923	-0.039608514750965475	0.6747391189357633
-0.43343606805073254	-0.7527313368994603	-0.48937548349365445
-0.2832393702725877	-0.561927209509236	-0.2897811709060819
-0.28147537563096986	-0.5684268281815885	-0.2975233729990513
0.2201768309065578	0.6005395617856041	-0.25192697959624805
0.5872517676976888	-0.09688456786397687	-0.3169338845598799
-0.553883481819007	0.6840349634271464	0.4628516183453464
-0.5270081454739111	0.5739058775286823	0.4741679986066748
-0.9061490883470904	0.3754610537618893	-0.15720072737699284
0.0916550557951078	0.10879691690357352	-0.22411479892695024
-0.959141783470109	-0.2220434852731429	-0.14568238372439657
0.12925854422633484	0.0844127455860523	-0.22968509008866725
-0.5593662619503957	-0.18308081695855244	-0.0725734184463565
0.22633248269343925	-0.5889726916438613	0.30193686843533185
-0.5621126799158969	0.5078139605192655	-0.6443912521154879
-0.538798085540551	0.4795285432882934	-0.6048749282999352
0.4151724033451836	0.542083942223124	0.13749143056093574
0.34610731042668	0.5510634950074209	0.2951276268346812
-0.6090841716735125	0.7374229049951976	-0.26016278789123054
-0.4118343698711962	0.5278585583083308	-0.17926758133135678
-0.34540903262990363	0.5239814425752594	-0.23747592332637427
0.22476663584523182	0.032077253387722285	-0.6848305656058895
0.41134054208940274	0.12449018033557627	0.04928761535269123
0.3662491153146044	0.1364618637540503	0.361929919586818
-0.870357801676154	-0.46374048863391104	0.13741537676879045
0.20481933176610276	0.05500884221387732	-0.16422817946563695
-0.48194499137072855	-0.32904076258815984	0.08624027175312302
-0.42529466652556774	0.0064916853494581105	0.9007930109241635
-0.9728252995621322	-0.17290969139067508	-0.12464955975887215
-0.6792011338128748	-0.16123482197776465	-0.06926466358787804
0.026361977885185982	-0.4941791929429756	0.10785008263822675
0.21051364073057213	-0.0050563061245753275	-0.23141671822367524
0.24086854654610487	0.023516447332312212	-0.17434424039953628
0.3720388749765876	-0.18164028594686873	0.5782084975331803
0.26812991157940835	0.045865744902080986	-0.19243583094909486
0.4137160321926015	-0.09037249498331061	0.49941758171801
-0.10246615222275081	0.9571699975156984	-0.2550273612301034
-0.5481133928745409	0.7414635941499832	0.374076598919412
-0.9942209481738445	-0.04377850806808979	-0.056634832901047615
-0.8779817773333377	0.46380755044399286	0.025374894784328177
0.08095362210933583	0.14585133363348116	-0.18600679745550044
-0.4145496776861323	0.6214769773956971	-0.6512645161729963
-0.5395604510894656	0.4460630038240158	-0.5588186431432476
-0.4672299065245734	0.5666604996209674	-0.6678255310737434
