-0.9336422396952219	-0.10206137084175487	-0.2974313853115333
-0.8756981246537214	0.04313654572194936	-0.12893895241416095
-0.9212001534012723	-0.10878165394737088	-0.3179889057088186
0.1994264938846507	-0.015488425899791602	0.082811490201123
0.06623057841847431	0.08079005213870537	-0.034972294293634326
-0.10571670630506805	-0.5232930660748497	-0.5615942357755191
-0.04107830403205786	-0.28011039413964384	-0.2640811277466872
-0.26358499185575673	-0.28042771147680345	0.3730630064605679
-0.2253090499609864	-0.2450507650973856	0.3444826819283908
-0.20000718926106006	-0.06978396769991264	-0.27879013851954304
-0.1571951638716315	0.023527304980567626	-0.18602656312801155
-0.5744962841744975	0.09551582988784849	-0.6043252700247598
-0.38942872698725234	0.006018868904495171	-0.313114204897199
0.001034139831746959	-0.5869750804429039	-0.5922273135788685
0.1207758592605593	-0.4505517372171472	-0.40902637561681277
-0.05760764891330796	0.5561948710086744	-0.40766363789866605
0.04090860927351217	0.42235457159994194	-0.4867372102573174
-0.41980997486399513	0.5641036868632866	0.3951132608750542
-0.2999335248500552	0.3466016953149057	0.2176425749259912
-0.6881644790531749	0.302957994774609	0.6550721421075071
0.005800921003472464	-0.35347723746567594	-0.4009171036807182
0.10816801242073829	0.022237878572492813	0.06160914680330876
-0.42431124416132604	0.5400447193394745	0.3835750520295814
-0.5336517337811211	0.38313263676607	0.3688679427832125
-0.5098982080928952	0.36186264699800386	0.3528898369650674
0.0641441623898911	-0.08416833155458085	-0.241858112920388
-0.8730628009746878	-0.030100107797496462	0.47889826443749905
-0.8714815977406718	-0.0359175020193571	0.3579777376374548
-0.3249225762443213	-0.2395199702090668	0.316819388066782
-0.5632533796678854	-0.10487906991730882	0.155156143062793
-0.2566603987284508	0.0909082089099117	0.19295432916251368
-0.1788090392491853	0.21286706791142257	-0.9202411157475157
-0.08835602741316766	-0.20550194472076952	0.10890899874964634
-0.055932425894834256	0.32080409850100083	-0.8878955669688052
-0.18566681954151545	0.18824707505791322	-0.9294097716583725
0.37268387715395085	-0.06146350056087388	-0.09635036203710488
-0.08758884142035937	0.39360788737287916	-0.8846188390854779
0.004810565373602952	0.12449534415256759	-0.011709080731315859
-0.1831826048744706	0.05316031992673316	-0.15388222788914316
-0.7355734505441829	0.49738260309023447	0.43476901949608104
-0.7625395427319028	0.4817633328588158	0.4016721230216229
-0.5501679859306762	0.391310241450511	0.3780350034704988
0.2744333012783379	0.1775613014981355	0.6251244201209507
-0.01235661202463498	-0.9940682136996477	0.06912673877777291
-0.1982588716305683	-0.36868370554094304	0.2952985399815103
-0.016708002588667146	-0.9842867552269968	0.04700020967654322
0.15656242721551766	-0.4868706882771636	-0.13157405269929043
0.02222031602268293	-0.5530237553880666	-0.5038006616716184
-0.2678252483597581	-0.35527577467640653	-0.891699233985561
0.18211275432640747	-0.3055063085631305	0.6173650174915192
0.03577285517605615	-0.5040204759397868	-0.34992879302508656
-0.3320532814388917	-0.07188937720150423	-0.2575176007532417
-0.3410004334320392	-0.22805197466045266	-0.840442091939055
-0.26246607741600286	-0.3208130369480377	-0.8805944040973278
0.7851916965472773	0.12223965626928462	0.5129821141741154
0.19923172818504495	-0.028829894803009327	0.05691515157227739
0.46225623943704247	0.11950286334830375	0.2446451423989605
-0.9511468823095419	0.2384015993885453	-0.056706447754766826
-0.16861161798824068	-0.25436957792618453	0.32046968916137614
-0.9544789471093788	0.22864649441207777	-0.0790551326709313
0.25368564085887463	0.833859588852791	0.09720650406718584
-0.3445458299882822	-0.23378021131572774	-0.8918962545593719
-0.26170798717328086	-0.2426535223695084	0.2929092978940653
-0.33876007352430776	-0.20948374128480896	-0.8895449097819366
-0.32255834108538656	-0.20152540309699385	-0.8997597596249189
-0.17965848336615012	-0.37238538348967704	-0.8596692447251194
0.18244404998648323	0.07122777395477038	-0.2079526456350267
0.7561913109859144	-0.5543669267330754	-0.3415135058407338
0.26462491856285814	-0.044241648933690744	-0.005930055474188014
0.7947792314738316	-0.33654809084009557	-0.1796610738317351
0.8350636102038904	-0.24977785717147885	-0.0332972177283241
0.7137395366505546	-0.3213257125568297	-0.20205200742885682
0.2872124295481824	-0.03620069393653487	-0.015789621963047104
-0.0721772326536	0.24207708330879815	-0.9354319592150689
0.2247119318776052	-0.37460826174376677	0.6630921732166696
-0.22171281225358938	-0.049309296454857224	-0.21690018403954833
-0.06879807177708423	0.2245173913815257	-0.9113296796508811
-0.005853044735750256	-0.9620646413886522	-0.2619460246667544
0.22533886887965873	-0.7837808343107021	-0.15882281279228144
-0.19369389299989423	-0.9165648817369528	-0.23843871183103024
0.24291590373435357	-0.003378368526606887	0.8814733805367377
-0.08784993124452281	-0.41486906918784666	-0.22620870303302898
-0.6470067117218461	0.4151883693458157	0.6357739810109951
-0.2975377643481264	0.14012427157226304	0.1629001607161592
-0.27127862315953394	-0.2087407315253038	0.43803364789431715
-0.7916216938440639	0.45128721845352565	0.3733639181716379
0.3156142971721492	0.1384684708947762	0.6064226607749982
-0.8179995332482398	0.4100735949733534	0.3680504281978365
0.5369352656983399	0.12088319448239339	0.3260095730864334
-0.9426041023220318	0.11117083438960725	0.1470795595213563
-0.06531120316236068	-0.17012455148370115	-0.21776847051927353
0.047474710364177775	-0.3830079995409271	0.6947185037888703
0.1389908368972491	0.06792355183038873	0.137375969453769
0.10430233004420057	-0.20306155041331467	0.4575346665860828
0.14441574996119777	-0.4028458625694739	0.786243869685861
0.9770851202708363	-0.1332309478135919	0.15568143668034887
0.37525164022574775	-0.04643941704239478	0.19538288815625704
0.9063703341094753	-0.10692535219940814	0.16981308811396162
-0.6529102845724195	0.5283436777335642	0.5167421058110184
0.24245641544011345	0.18991003395412004	0.6800817407354192
-0.6806696653410058	0.5082791440408753	0.5052166958327956
-0.47189968592600834	-0.24214276263687382	-0.8129879009858917
-0.4668727901842286	-0.26523380066880187	-0.8040502635899288
-0.06098520638082615	-0.16037909370895076	-0.49461627722766116
0.3523164329806623	0.16186731063530185	0.2651656544008383
-0.44268541628599245	-0.2161695589690257	-0.8388348096649183
-0.8563853496845882	0.10595301539305728	-0.443445727598971
-0.2415872486897177	-0.2352827634059366	0.15151954494636935
-0.9652617829288757	0.02900802854862644	-0.1803382257609263
-0.08214529341800045	0.5323147315718035	-0.4563310697718528
0.49637505971977663	0.8656402403475136	0.02709717419714083
0.4642105854520732	0.6647665521888074	-0.006618103477961684
0.4418688142843039	0.6952451032406436	0.0423778931271148
0.04156622356737852	0.09570027038789358	0.022020594082579056
-0.25853866082286087	-0.20342198145040435	-0.8961093513527628
0.18751719080682078	-0.08705578022539234	-0.2724238088064441
0.48823638007793646	0.6868832812262483	0.03898454911883052
0.09737084610264816	0.8914513471312632	0.26614781166881746
-0.10278371924231193	0.9191665641302649	0.36842198863241876
0.3328447948658444	0.4545883324879812	0.24983474993324795
-0.08079869637645848	0.08034849845484413	-0.06863250450655387
-0.41702007142595693	0.4096437450804031	0.38680061657493786
-0.22798234950093457	0.48746398281228903	0.3446369489567492
-0.07433142790900385	0.47502755932618473	-0.03215720652322871
0.708181708934301	0.6110842584783162	-0.34427889684452867
0.21506902728801658	0.05313529171802636	0.1057881235706119
0.09768264144443026	0.3639899969287969	-0.17665295823155722
0.5812790071511633	0.7998090910668427	-0.12921285430127077
0.4743613347439925	0.4084987292802801	0.050584972319364506
-0.06497383678552571	-0.06579449553988825	-0.26869215138065483
-0.6839052140189197	0.6526998328216156	0.27463857697847543
-0.38864507733760184	0.5485700788872093	0.3832473576000766
-0.22307230903233366	0.03242175294492112	-0.2421813375436083
-0.5700275988081042	0.45156773501535913	0.38103967905912145
-0.6515771921764746	0.6689418538552787	0.3077147524756277
-0.9817398162016413	0.05117569560837435	-0.11192307234186852
-0.912531904003883	0.11028708397340563	-0.3366243483446457
0.012714802010105969	-0.5777057603414552	-0.06760840848570931
0.18520314919947203	0.0582329206678526	0.26771642122942274
0.9005392157059317	-0.35183252995323805	-0.25105632330100336
0.116640149024779	-0.3773736455293781	-0.23262795056159202
0.7593257867751934	-0.31805311357872285	-0.22138677753343192
0.6527050213484823	-0.2343754088762767	-0.08400420855136828
0.7662757923675295	-0.3281852854179111	-0.1805434856771214
0.49244273475776146	0.6877717404675691	0.04027533057138813
0.21304730534046543	0.26834976798878724	0.08156304774088528
0.993235993053598	-0.010866810820063109	0.09210468713142836
0.662658379109677	0.04736451407832745	0.19098438484825453
-0.014342413637700224	0.4688264849037225	0.06577903437429511
0.7722669715747292	-0.01567736457034235	0.13622867194088067
-0.24800695843756934	0.9241784580343224	0.12408963198521902
-0.1715207851477988	0.760970306043969	0.21858719761602052
0.3049871084521623	0.32918745426235485	0.57036172864835
0.015659248100129756	0.3516348245076898	-0.05709442131389406
-0.791795583118292	0.11832189151155306	0.5920111088508226
-0.5349337208983214	0.27347981376939917	0.49745708217810025
-0.7170981711753133	-0.6373200981608129	0.052377286208613684
-0.7708098106198057	0.13309728875965082	0.5908053505190273
-0.22391769462719732	-0.19313344273292649	0.43362484669692003
-0.24111138304373061	0.27623815335872676	0.4319902456091921
0.008850836950989321	-0.8777329905709335	-0.47317367846385594
0.4413658387850432	-0.33015175214359654	0.4935385001319748
-0.08205607118919164	-0.3368035265495699	-0.21647178111880266
-0.21815615842948358	-0.13243354074849156	-0.2856787160476573
-0.2976620473751803	-0.6826552404587631	-0.6026611383564011
0.07977762461239732	-0.02767658801017114	0.1104236111586596
-0.006093084570617115	-0.49446651615365883	-0.37657919285288716
0.010594382209248361	-0.38981084167125485	-0.17748201587297194
-0.57557425339262	0.641896659700726	-0.33363702942685747
-0.08179855895497196	0.03694949232618928	-0.13527081775292396
-0.15265039389161533	-0.023100829845674138	-0.09886099496603332
0.4873927649706745	0.5658047527037928	0.03986483794097434
-0.8655753463602094	-0.45121544546754644	-0.07604304523489998
-0.5733159978747604	-0.46804640667291025	-0.04557185518408403
-0.8368692959238769	-0.49821200091490203	-0.07435642292209335
0.08315915525524946	-0.2188318189062302	0.4784762693078427
-0.9474174785469908	0.3096080858466067	-0.04447525256679432
-0.520890634285934	0.36480491439533475	0.325806270729552
-0.9046373456517245	0.2958061452140661	-0.05657061943580097
-0.6545695536845576	-0.5699228318390568	0.49162649869268216
0.2733766654961553	-0.10549937528298355	0.38466858748129645
0.05872577097366045	0.3637804878213123	-0.899716447273309
-0.7593686851967165	0.5455534659403436	-0.2467765976606911
0.2558981317622257	0.1072486512283057	-0.5743167122196741
0.3288002850083168	-0.19744407532913721	-0.08662897579135613
-0.6156654737883233	0.6154025192370378	0.4568983289100412
0.5368976307601	0.5034302398223688	0.2376291047953673
-0.6188472253202836	0.5999068269944053	0.48043187860217135
0.2531718887198211	0.27244637436092506	0.6089373395602086
0.777614411042249	0.5583913692405416	-0.25966659221914945
0.2378866927562639	-0.014782863653362364	0.8400605917186207
0.5155539396972119	0.6357026462875432	0.5668860691497285
0.16729582480090963	0.3367214393632883	0.28635016269545793
-0.40272374779753894	0.28662670681934815	0.8642549859749268
-0.4441161537005093	0.4241862864601298	0.37104323773386716
-0.15983074377436463	-0.18673023353090262	0.3556094031558632
0.16541314127279436	0.2423862950462327	0.446063069843357
0.7869899329700314	-0.5048976285346525	-0.3490631589990679
0.46865485072873736	-0.27705027571939	0.09689824814708006
-0.8908287839129694	-0.3276885344984573	0.24430007769279047
-0.9005258823700598	-0.3231997214739626	0.20615198848917426
-0.46363014986403106	0.2155310400134749	0.37297000938298985
0.1965344327924132	0.0377726775452254	0.32276492594222267
-0.5774034784384463	0.8072573248754114	0.0931044648786656
-0.5604039599379933	0.789186316361408	0.06617899305857995
-0.1508574111076005	0.1208984383238771	0.13080689673685503
-0.030751252353861672	-0.118718434093599	0.4584402014008422
0.634941381409912	0.7587667128515386	0.13182168204540426
0.5984686845570172	0.6715783407687443	0.12690256661064164
-0.1919576210140853	0.9107510250099435	-0.30533656548613325
-0.21028790461554667	0.8883889615018259	-0.2929343593714539
-0.16035215835235353	0.9117580626883034	-0.3189431159800436
-0.49132647125627305	0.7560200821263136	0.42702198277312936
-0.22797028730546007	-0.29577111870997197	0.38652457507903326
0.29893980045111146	0.2139016969664218	0.23287135809851708
-0.46345193508912913	0.5935631927147166	0.3776204073748999
0.41712951510650037	0.6701332870944984	0.3793279113107089
0.8777945562933737	-0.33338038135718595	-0.3380169928916917
0.6545113174575873	-0.06533870819840368	0.10513011096515049
0.08087758383168943	-0.031252385238786005	-0.08798698578854168
0.12256409950803385	-0.9229307288603016	0.3493246680016592
0.17342035475685547	-0.4731426889095348	0.0984140913047513
0.2926957429198744	0.17282805875814908	-0.4284511712140238
0.14333689524893348	-0.24662229982095887	0.665959510865299
0.5953087527401808	-0.24428226607740436	0.2855690710312133
-0.8627884378206688	-0.09073440953154539	-0.4476401748459908
-0.11055261502615113	-0.29307793966498463	0.3163778053801696
0.7571789749412621	0.23163596601235578	0.5032424377407251
-0.24791179756377155	-0.5819192129580512	-0.7189996077965768
-0.08121739867437419	-0.4891152616324456	-0.5114184576347494
-0.4380793212332576	0.34067229519589876	-0.46092884450681054
0.43742030813422556	-0.2551126906545939	0.4757855131373414
0.4822145650797992	-0.4802569665088144	-0.7297360662453453
0.4606224348837387	-0.48912603193734067	-0.7218476814784652
0.2879725005759931	-0.14861179501629615	-0.3535279461634781
0.20581735148326358	-0.1745269231473435	-0.32336431011427064
0.33307106887632437	-0.29146252551106694	-0.4645423273776041
0.004916173610048097	-0.14693699101632304	-0.13231464190102152
0.08058548599271846	-0.7178770422317764	-0.6883987264381967
0.5097184269610004	-0.184740897518382	-0.12541355381419325
-0.594828104524195	0.2169810780901546	0.7701516631129779
0.09808490160811954	0.09946358611389278	0.49285638539933097
0.39325114698726465	0.8048261022768284	-0.08321725218829866
0.3220615808799102	0.16151672192565508	-0.14898279417962978
0.41541581438719233	0.7747664214118328	-0.07332161347583925
-0.3220899039996892	-0.9002159004349468	0.28172932298633685
0.5561169927611119	-0.03503872305114353	0.4444359673908561
0.1134842276590761	-0.8769722467282199	-0.1433875873674819
0.9540439163089756	-0.23528557733266106	-0.17756380887887835
0.34089140161921944	0.1869014288741563	0.032654403952375684
0.7158650123674805	-0.23788995897960627	-0.11628614539890528
0.7279742444396418	-0.20370328947272343	-0.07036420964680942
0.848777842340304	-0.2175316821421009	-0.08281027912683162
-0.7757752747292441	0.5621594514333055	0.036781403218291576
-0.6155906775148224	0.4937045530821533	0.13703962746557652
0.17965324132033805	0.2898287574725895	0.26569584463871304
0.41813364450698987	0.7532947385040248	-0.2009867327584685
0.8113441406810451	0.18921439689729144	0.4580471526671846
-0.8604513170848005	-0.3688440913313018	0.2444417629031214
0.538344684444604	0.08383873443670253	0.3834772625348103
0.3802989789919914	-0.15115371857464627	0.5811734687477488
0.26823233496112425	-0.8012329846992398	-0.5255287328519921
0.3960463187032063	-0.3812119647425477	-0.28428350288014087
-0.17058234162295405	-0.252106360110279	0.5197817915139978
0.4577135233531334	-0.29517885590732174	-0.1358085452269715
-0.08394157323883025	0.4112286245113632	-0.896184855459849
-0.06811254367801557	0.3140802507093447	-0.5630666599840716
-0.07375474780909087	0.36661267053489854	-0.8967536584549047
-0.011494094718910946	0.2170024961713158	-0.6413554571687914
0.08001102838016878	-0.173496190855894	0.5149033517057968
-0.9473433537371425	0.20611104274959444	-0.15520291376867165
-0.9535735428877176	0.20517249048526573	-0.15330540681203642
0.5725059354402855	0.2140844744973207	0.33710509366464686
0.5337905554646292	0.7184497469725337	-0.11094482343471285
0.6554581385798457	0.6310854318130276	-0.0716586107668269
-0.5775250912669281	0.5008581251587473	0.6416980414672812
-0.04104894547718471	0.043272930287462694	0.21789950682805875
-0.4613543493591665	0.8173125464694402	0.2632859768998097
0.490836076491094	0.16033386833460167	0.3160234556785504
-0.46071408997334523	0.8240890144181088	0.2662533846864185
-0.09076969642728007	-0.09609724162698886	0.4042827172963252
-0.4494588655180367	0.6840338398303931	0.5671727761454255
-0.4311276160223962	0.41408824439920666	0.41047237692997485
0.039354468521284026	-0.040201101588468374	0.6150215876210952
-0.9784590291008997	-0.012473658254819466	-0.0979978049238919
-0.979982570621449	-0.0345689065023005	-0.12375715672121243
-0.2532746284729361	0.019827433251930072	-0.15030588134774273
0.9931441107837964	-0.018023308807617752	-0.09492172364715394
0.8551789726349261	-0.07004806672086399	0.007214653775052241
-0.8080132249826023	0.29542023806884754	-0.41646753056460145
0.2099714183656538	-0.339249852924499	-0.15258595942442743
-0.45003167091408397	0.4616448024248659	0.23077394301406526
0.18391182834828498	0.2716948454975562	0.28139511525890165
0.9873775381779694	0.050612488279774305	0.13380376669102914
0.7389875239557112	0.045245931187206954	0.171674955336334
0.3723114891447311	0.18420623849449244	0.0675237736915279
0.6708492468805702	0.09848582295258687	0.2114925515387912
-0.7971805179832638	0.509128164456845	-0.23267666366673967
0.3961966829302484	0.0524925129159066	0.5971211738575577
-0.3853422401177402	0.3600015182574371	-0.29307201323522647
-0.8206712766416999	0.4891267512084537	-0.17547234519467506
0.9237716512982176	-0.26476228355759546	0.018445351660195418
-0.7171819440008447	0.39516722932700427	0.5330420904204666
-0.8418072500076866	-0.4521957254501457	0.28808626216097327
0.0003863593070487924	-0.5480009333868078	0.6115336106922273
-0.13395970684786096	-0.9544515319542537	0.2524366386282675
0.16228674344434063	-0.32830494158448936	0.19774288230741754
0.20094893788014245	-0.009863178938045537	0.8008180143690085
-0.24571921601851104	0.7524939684257737	0.6062137532433582
0.39838041558656906	0.6209128501218328	0.3291480722020752
-0.059754361970526644	0.5294154729013278	-0.7604975770165084
0.18003253698691915	-0.30287783511785504	0.5586272337436955
0.028777827375253532	0.5820361483972375	-0.6533458897495832
0.23336920423782306	-0.6273843688274473	0.10496212889799174
0.9451223527491955	-0.3073915340977429	-0.10569061160962287
-0.9187038488338478	0.2499134423408245	-0.24902107261117573
-0.10350401391538429	0.7451936256770579	-0.5403920985180839
-0.06164572659286646	0.47623835694051136	-0.19249074344031156
-0.9838368063902916	0.09180968119795195	-0.06320414310312085
-0.9771351728394254	0.0840616544403742	-0.041901749908249485
-0.8715500715652871	-0.3565733963738096	0.11701780619163887
-0.5176888338764198	0.3842231938952305	0.41158014886124444
0.5321953886076795	0.7669881888203846	-0.34612584486228926
0.5000711908653115	0.6867736790564537	-0.29154347158846056
0.03762486064388551	0.1789940844392935	0.03301415029978283
0.4559887165819576	0.6668611427452228	-0.3464597742461128
-0.8838755145628044	-0.31106884865808127	-0.28964182564106333
0.22222111442843598	0.01564661009702508	0.20241541779237718
-0.8611613753076963	-0.36233663731960203	-0.283606000713178
0.4293153761966055	-0.18741119838786396	0.5397807133360824
0.586609327686611	0.14634607015945864	0.2796370567463227
-0.9569394439707791	0.10987388982278205	-0.22186391119027332
0.00475257453132069	-0.23482027975702202	0.5193444127298783
-0.3660220837176215	-0.2594840230599964	-0.869658412517504
-0.9860189096924259	0.03283133367326769	-0.07488262099383575
-0.7450381016163148	-0.523358269745168	-0.29332599979358026
0.2851040518307332	-0.8787231780241939	-0.3713154351682628
-0.05825188095990257	-0.46260887847191406	0.43763210694019156
0.47895185666980844	-0.04340164989599106	0.2979005929911167
-0.7597875123881455	-0.2655911677103422	0.49676019072072886
-0.19141163148200652	-0.9145875394250931	-0.23689155715028085
0.3930776100989955	0.8046266373324591	0.012933413140950504
0.5855137050808806	0.7923604927244411	0.15919142510389694
0.5262302690742722	0.7059962404356129	0.15994966928572293
0.17564890915553716	-0.1290589758371522	0.09095782039141845
0.9461143675788974	0.2350451608804249	0.20979980351837993
0.6752409756688434	-0.00990177057102431	0.09717386123828636
-0.6269850972362345	0.6750820833143696	0.33537803928916554
0.17026772488009106	0.051003375491106694	0.4551399025802869
0.5673196519610331	0.07851466429999472	0.42742137599497587
0.9568981571351266	-0.15486070178617747	0.23859662038949733
0.2749231896209464	0.007473448975088338	0.1674990673964748
0.9033932814901273	-0.13431090599305567	0.2376911167664316
-0.9007832471338453	-0.10623162936523757	-0.3436590032785196
-0.7683206536628547	-0.19212680697769355	-0.6063145084931586
0.05432272863709634	-0.0805662883774185	0.5836505326447604
-0.7519776946265573	-0.17026575747736936	-0.5870352885018725
-0.7455260502167572	-0.6452817085260858	0.14990891424559974
-0.3027772707160158	-0.40992792019209673	0.4275227968234479
-0.7355340364285141	-0.6446745656073264	0.060559415562509926
0.24476359670900638	-0.01833467586621538	0.8449604611072237
0.502116190123999	0.10314702168187626	0.4270997423320799
0.03295446254310455	0.0526072124214946	0.7763291928140111
-0.024104950692561765	-0.9967453456492112	0.02927684744279814
0.2189347751462291	0.03032030433763322	0.8355777895743368
-0.10801846962089323	-0.6870973250702147	-0.7153960275479182
0.19702650992552032	-0.20794978877066694	-0.31868829262005766
0.4957971809603142	0.7897374006662468	0.3522440248454447
0.4567324742724468	0.6527611570161223	0.3351152240152701
0.44078241940969304	0.38830280212659435	0.2197088357228279
-0.39118860049329635	-0.8336399031648085	-0.38291419867722476
-0.3679541795240623	-0.7410768916438281	-0.3328469085485442
-0.12907665567716894	-0.9078177347404628	-0.3946902489867117
0.05421882242910231	-0.5776202454745203	-0.2936857779373903
-0.04559902082902867	-0.27487868670690296	0.14817579918543725
-0.713392245486493	0.5005866255599942	0.46540013735329244
-0.05098082052938485	0.33161165632210904	-0.11434932706470385
0.8714414874302905	-0.41477184289625224	-0.25827199601043344
0.5184622453233577	-0.28486975622944116	0.0829701847528562
-0.9734852208181695	-0.22118554759187573	0.03563862806533094
0.08104663126675267	-0.13145875591403514	0.1280443412136514
-0.9546410165064035	-0.2209200261670971	0.036161629566786604
0.5445009727958148	0.8364018618291392	-0.01760849244194637
0.2278723848564434	0.1406253748193159	-0.2467720280446424
0.5030894432020924	0.741599390792843	-0.012100355556370426
-0.23353743745057892	-0.9666832617606297	0.04363935629542263
-0.2417977961264543	-0.8486139785648885	-0.0121704769182839
-0.16149798974117144	-0.36267993560134165	0.3926503977436605
-0.06990411944784762	-0.45142605267800795	0.23085527770612727
0.97837374556223	-0.19450065998738503	-0.05206784650093306
0.24697156112246582	0.33815909612755785	-0.276761632468948
0.6868358238805482	-0.04760567137318914	0.1444775910638717
0.48835575127913333	0.3956170673875157	0.32343573763451144
0.507245627922646	0.8583036501148966	0.05887817656075044
0.4597817382110751	0.7834102652631612	0.07640979331677722
0.9602577426889453	-0.24118033765190147	-0.1344373768773949
0.7107369138610452	-0.24749988667052183	-0.11823216409492354
0.8486550520629869	-0.23346818242132578	-0.08934827199598808
-0.8212454156521447	-0.3326858332078708	-0.4084785959237329
-0.982988236617927	0.06592113798773121	0.030136741800269564
-0.9779356978894436	0.05450864345521145	0.06909222428886039
-0.9608217044689155	0.16120347257628337	0.07980504067598565
-0.9538566262216485	0.1476406616409412	0.1323745331967976
-0.2590821976374019	0.8641394592039978	-0.3308565050934354
-0.444106878666211	0.7240000939860481	-0.371259704859301
-0.6775457074956354	-0.5983218324564199	0.27748961047383947
-0.9261482183152597	0.04046215366793134	0.21916803267458393
-0.4692048218749469	-0.7983760367486172	0.09793088561567513
-0.948526622144546	-0.043871891625881294	-0.26170318361900713
-0.9489958614361559	-0.05626607603214504	-0.2679096619662059
0.3416550292430624	-0.2700185821574162	0.6060905645224235
0.5483425007129941	0.0888518387578149	0.3870026809381795
0.2305719373573157	-0.006131765451719668	0.862935382989496
0.1695728219097904	0.0002539654633659578	0.6193236363051782
0.6161588965160761	-0.7752414013181763	-0.10699405725308471
0.5258068887025164	0.13862467283783889	0.27150470602167603
-0.002347698466057109	0.847965267039496	-0.4187575753790244
0.3221778345978232	0.08855268941563553	0.18913425606872003
0.4456959379869552	0.1393311999071085	0.44250436495022105
-0.02656374814893261	0.6093045608315881	-0.44425608914844944
-0.5945608547166354	0.5584347394203631	0.5754613926074182
0.5083005007133535	0.22517382435513136	0.47692519282967955
0.15047050503285292	-0.005483540475952501	-0.04990012727534873
0.5927667524224919	0.07616098404277769	0.02922832346213689
0.33548183957339917	0.11478336528775533	-0.25280635945139834
-0.9128167208811231	0.1416175954413792	-0.3509730040766997
-0.12939936664385648	-0.125086961043742	0.48281456001426304
0.5433315088001556	0.10602267887069826	0.29286859246003666
-0.5341767104594456	-0.3449377010353157	-0.7668750080132342
-0.17687677729888585	-0.3146103016357366	0.3315080743047154
0.22482723931791584	-0.009366442571499323	-0.46172068755899304
0.5293712548119118	0.7014444073659908	-0.09842915706804674
0.4950116497004753	0.26254805137526777	-0.08409656408158733
-0.631216475286376	0.5670875459621435	0.5050364857533934
0.2380482731035117	0.17787618457655313	0.6836947229284696
0.8751279747969787	-0.23953862474352547	0.41307015768434474
0.6609236371081855	-0.23038557824431674	0.2143964266216214
-0.11070923386673386	-0.1928227600046825	-0.9684122009057324
0.5362555559785755	-0.15860601803947103	0.48919700754113604
0.5860910044791262	0.6796339271728729	0.19079870550687966
-0.8648310307422652	-0.49646986936102144	0.044952547528955424
-0.2391233174670284	-0.12770776372669382	0.08703844012337592
0.39138156917462597	-0.2547993745324277	0.573460030351317
0.03559530317571892	-0.4224072500284462	0.41853530046906506
-0.32159607112890404	-0.7167429870214272	0.6126540809289851
0.14215596875142392	-0.4012196597265834	0.7752878562207564
0.06272311720605726	-0.17542730259051992	-0.031086524809349043
-0.820464667694671	-0.23329327535580233	-0.4820264698306485
-0.41118521447250317	-0.17594531759372892	-0.8214568334253314
0.3256410843860709	-0.037147667460717175	0.24521943789847894
-0.30847651107837704	-0.382148823660956	-0.8386257955636752
-0.14835473676751423	0.8390615595766349	-0.22003796098536924
-0.2759287227248107	0.48582515797692466	-0.7962289390294776
-0.2596945195019292	0.5097637990459479	-0.7527438110465372
-0.5803199091119705	0.620586793205318	-0.5137694104372842
0.2854202048214978	0.26716043216070834	0.08184742360467825
-0.44028784498944795	0.30862099836154117	0.4267014209760865
0.19668328709644953	0.32902993074775827	0.213349659752297
-0.17253575946368782	0.8488057925663668	-0.49465700093287457
-0.26219282365829827	0.8959215031473989	-0.2586688611802897
-0.05118456459311304	-0.1178780286258699	0.43651805596373133
0.9610389457408888	-0.2491654631020844	-0.111638846040844
0.025135585484264294	0.9925223416930203	-0.05806345896190395
-0.5161735177250277	0.4008514517298195	0.343694218906945
0.050578883833818825	0.840571941923807	-0.011474379622281523
-0.8772489843416725	0.3409148154585954	-0.24047422121510548
0.4014063034406684	0.24661473459311975	0.5180019071678721
-0.1233437339009152	-0.9764355529993505	0.15823062632613238
-0.0541568426339955	0.03791393222079756	-0.09174779671668339
0.26096911550766094	-0.39275232037964347	0.11461318204076397
0.9104782071164877	0.1698297061928615	0.37079216040828455
0.8784971874697167	-0.36212926325944966	-0.3073350400868261
0.812435561685659	0.10322958197269191	0.05562916876866614
0.3215794772770715	0.13872300061109277	-0.010250943661286815
-0.4601722042252469	-0.41535504372729204	-0.7806822159788421
0.20157713489842757	-0.1211215981062802	-0.05291715645631626
0.18516228007766655	-0.22958722674549403	-0.19379695355961565
-0.24892172918955097	-0.12851190586614245	-0.8829519488730315
0.844814750873359	-0.41964960696112225	-0.3246620814467743
0.3063720270918057	0.1411638049243475	-0.011051433722051099
0.6010611934513722	0.002577787445945051	-0.03448055313445632
0.8227915499910301	0.28446970816415007	0.37857863119411717
0.9603713095810672	-0.2658846393557777	-0.07042133939991574
-0.038490289862398	-0.4149162852300844	-0.5491462092939762
-0.007438420282765904	0.31231562505327953	-0.9319077455296976
-0.05488787672748943	0.006830014451720525	-0.16506100825511677
0.6189234924968344	0.6821344924772023	0.031625783719500304
0.5961591675896403	0.15707837285941176	0.3221591221347167
0.183871316985217	0.08712823826377918	0.03477871942549232
-0.42518000396311556	0.3259122613027957	0.8394520686374497
0.07034577888055026	-0.24462779113882632	0.778571518053992
0.12413227126978431	-0.4228421881640467	-0.479626854548065
0.15374348188970582	0.19208268470190093	0.39627705949194036
0.9581818936666106	0.015010513989727919	0.2762904124788614
-0.9474025528775031	-0.07027547069478819	-0.2868315566711764
-0.9503470997525618	-0.07085612457442315	-0.2878527499109807
-0.9506950267144247	-0.012347439940574606	-0.27531654877719214
-0.9347842829965755	-0.044996925266002234	-0.3123413981382139
-0.5467285869196209	-0.16083996722229205	-0.8191493119053527
0.11448252784737407	0.038933385168688286	-0.3089233145111515
0.5831554785237542	0.8066396442027365	0.0810597391966771
0.3444692065241859	0.11468565330846961	0.030401676593602923
0.6079444575640044	0.48868988660181584	0.12287267314918955
0.06360295790228362	-0.9950561136377967	0.01918309476748131
0.06575792554978706	-0.992047447209321	0.01790623018570315
-0.9298749082396423	-0.15498719737824643	0.14810280865943362
0.9394611847419194	-0.14859588883003588	-0.3017434751332935
0.20037731337551976	0.1040298582602333	-0.09229186262927841
0.6285230532073606	-0.012489157788822385	0.06872096768488846
-0.6505465544580503	-0.6787133958993584	-0.23051320606174555
-0.29013593495725204	-0.9546639177321593	0.009572703116955003
-0.18099518711736656	-0.31964826180646516	0.39757840476394096
0.278100257253133	0.7203614556414885	-0.4759554605057182
-0.5278475238667191	-0.7855986191104272	-0.04014421335402561
-0.9631782493785711	-0.09297616212601566	0.03843223071518444
-0.9545330960272108	-0.02954322435704742	0.12194470439419915
-0.7644190160369494	-0.5748114756225493	0.06359253323218035
-0.9570542111779374	-0.11454018037307932	0.10088854258897736
-0.4536863835808083	-0.8859921172479256	-0.05109347117584469
-0.4904874726151623	-0.7950565368782206	-0.04222173843041003
0.2569689883497362	-0.5925312488140192	0.44089040970524535
-0.8645988642420996	0.1811140006541894	0.40974672929722894
-0.8404926291789139	0.20623236910469064	0.44598901638956084
-0.653999085828974	0.26182481941512536	0.3910144143570429
0.17426060728917195	-0.07457019918225949	0.21534161390014003
-0.8214778770541157	-0.5372324285772602	-0.08982201311776103
-0.7994068208726761	-0.5459305184914245	-0.12402997236910047
0.6285902091024674	0.6285176630094895	0.1743426799455286
0.7689462354703521	0.5495021340739371	0.3168663911012875
-0.27828731917018634	0.5438243094379871	-0.7077962877835456
-0.3045161536021576	0.537384823984799	-0.676924707702926
-0.170793099724877	0.029799976876268446	-0.0028968563288356104
0.48094109826454146	0.04321555665707633	0.5087080551296692
-0.7458798870487598	0.38533077011765626	0.5160557341206476
0.24156720283682712	-0.06323857468764431	0.21859697046604148
-0.7075711172906409	0.6302955516295213	0.26431661178232607
0.23668266037589591	0.607915092165953	0.3743991300255267
-0.8878372945165404	0.29813942465167614	0.28791163241721457
0.561479996334344	0.02563878046983614	0.33047113566974673
0.8900342065441587	-0.19194388066879878	0.4073351241777292
0.683080707696715	-0.2005573892686041	0.18912864313801753
-0.5779563840276981	0.37281486626866284	-0.7211176204419341
-0.5655605805719767	0.33969095007944256	-0.6792585595842072
-0.7022817966564536	0.058010228955336085	0.7030980440046534
-0.10366647034681735	0.3554630050154783	0.4552450249855253
-0.5284185183800301	0.3975722526750927	0.45530052560634615
-0.6096760626015908	-0.07039791928502401	-0.7312086973823005
-0.5092909448562306	0.5694709841800208	-0.6403415392880043
0.4498781887004191	-0.01635337076177081	0.5238401546774184
0.9558319290986214	-0.2630439782732892	0.1115107454971238
0.9131178662556109	-0.23310490476413784	0.11678188457283872
0.7961444328863277	-0.12987286585320199	0.5832813954437172
0.20581946999580158	-0.05249026033186877	0.31003186820484113
0.9892709960788387	-0.13967028774756574	-0.014688545486406992
0.9409662127670062	-0.10525407476760251	-0.0001999456733869461
-0.08420638751799878	0.41039562516514116	-0.8933385553604771
0.6099329659484248	0.5359922396905583	-0.003913257962372963
-0.4808429214953489	0.6896975574032225	-0.5321226739698219
-0.16881606702176408	0.2932568271820833	-0.2148616354458447
-0.9800620093556243	-0.08850970101777174	-0.03733876302618719
-0.6973583214415794	-0.3031029024927172	-0.5869547329299274
0.26533919911965076	0.09677691708739165	0.061262758972999584
-0.7982882562745052	-0.5034559167139678	-0.3237915108256806
-0.9617307372944272	-0.16237718332342396	-0.07591074388915418
0.5764128676337411	0.8147971516091381	0.023352465602910044
0.0891086717375975	0.030366174505429163	-0.1914043285727377
0.16392417459566042	0.6269035280363354	-0.7548976406576394
0.23621587508519404	0.23395571443221083	-0.252054410132892
0.1887151808388503	0.5776275484607677	-0.6219624977985075
0.5266155279536563	0.5215335496060809	-0.4358090378555552
-0.2297439522826974	0.9012271699490391	-0.31538855283601186
0.942303051924068	-0.28832071626960665	-0.16391921691669342
0.7690699315160382	-0.0825331286189494	0.01873058668937549
0.7527363446945828	-0.3352710297488685	-0.11195526115458672
-0.1976325946311988	0.6802254671735949	0.69882463269511
0.9261769647756759	-0.03456328869504865	-0.04999949012678684
-0.3158648777494122	-0.4087726668493988	0.7820827322333906
-0.2507653437022786	0.9583845398858657	0.10745937601906737
-0.9376750338335492	-0.24881311452224456	0.21939093869170756
-0.5212931001874554	0.2010218483692456	0.3601683626242579
0.030538380523929255	0.9382523600021114	-0.3221091678661718
-0.021463731979813275	0.7936891842155096	0.08331505568212962
-0.30459958661060377	0.33201073826841465	0.2582292211420713
-0.6063995213250558	0.09086267174990006	-0.7839533627047505
0.895089564266528	0.36952058517339503	0.23763970181935462
-0.5437091169187148	0.6772334282853268	0.4919096106992049
-0.2828357663723666	-0.8852405012547963	-0.36138706973653434
-0.09826623679815023	-0.4194948907748941	0.2008739261129024
-0.7216320113930854	0.60913676482327	0.32355640551565307
0.18739922296118597	0.08840995749792571	0.11969585755731572
-0.7284869419507826	0.5954023794153611	0.2919968443623546
0.9818485027016506	0.1747767264622726	-0.016947651254905795
0.8807201639160243	0.436508330897759	0.16309945842405085
0.34303111187782304	0.07110602716149762	0.3882197416565302
-0.13544513062628255	-0.3674439804749025	0.43463038233052914
0.24192903639047997	0.2844693188045017	-0.02028692692850145
-0.021750761840877254	-0.780944114746326	-0.6198859736867669
-0.43231078335025047	-0.538344904879331	0.7190350752626126
0.5553407028661369	-0.04346990109383801	0.4785019750359019
-0.881455881604528	-0.45890220032716494	-0.09246000361833764
0.5657104489305222	-0.0013397935275602465	0.36117044057941317
-0.7660351671623179	-0.3918219609755295	0.506031208901215
-0.8594900237553345	0.04848756900247588	-0.5070671707973513
0.16732490935407215	-0.13532109968029513	0.0653915536692952
-0.842238740095156	0.03155133320346554	-0.5031983380618912
0.6700308959678513	0.49047565118744924	0.5519676311961205
0.20766104088560555	0.3549755855388223	0.31195506423718083
0.46826697197699246	0.5975385812256288	-0.15715359543610105
-0.5496199310676069	0.5993982309992778	0.578278839540583
0.23696109861539147	0.4111555561068816	0.6117953831859142
0.8009296942894111	-0.5364846499045303	-0.2598641812984064
-0.3465192656541464	-0.914890445595841	-0.19006756310324024
0.08856904664855635	-0.4793113483049616	0.02649170832151801
0.449596332027317	0.5533026774403986	0.2446494854934774
-0.3186283627990886	0.7594162009624377	0.559017786442346
-0.33245780730433183	0.5773857081346573	0.4534556560965295
0.07965184590622583	0.3621158473687808	0.3831157839367616
0.21977228491388462	0.2120838519014703	0.36634512770017214
0.7455994914766908	0.06766701776023422	0.5805864448321808
-0.6483098716904432	-0.6845230482778546	-0.32856537370348327
-0.6448575995939182	-0.6521603243082703	-0.3279542042403894
-0.0677134105013889	-0.7476316543584891	-0.6581921364497422
0.30656557794355	-0.3793029209392815	0.2165439398056232
0.914798633171571	-0.31348832871942556	-0.24679690118596478
0.6212270233327708	-0.10453145681437102	0.1153772913355174
0.27547395756927917	0.9496547332764899	-0.11495082454481075
0.2383043408239055	0.8398916278801865	-0.07902702834871099
0.4214992844897193	0.5015060654395458	0.0762001470951896
0.11415257399726472	0.6569896711773461	-0.012619920776735866
0.14787757758890271	-0.3893882905917963	0.7784025434886288
0.14534975242208062	-0.393259107605976	0.7794907298314154
0.13530486961536653	-0.9829783222537901	-0.10863274760790409
0.4287868814805283	-0.567006702131782	0.2858162982548578
0.4794562811511189	0.20667777666618356	0.4764795399065132
-0.6369761096593346	-0.6194695946014557	0.4489624108747194
0.20278015818586564	0.0214136895872554	0.34383833295662575
-0.4235832669558184	0.27193394922290903	0.342762260761111
-0.7801799215881017	-0.30008546504648276	-0.4931376187534522
0.8673302198677952	-0.31723925598498975	-0.3803734757100068
0.9429351583288753	-0.09078531225464975	0.313612914823248
0.8800582020676558	-0.06537671198010753	0.28432345599723446
0.8612016327993341	-0.06626248818210147	0.3182286541425316
0.17376065734352575	-0.08287320298309483	-0.282610700362001
0.23535845349813395	0.10809277246696607	0.3229173375323422
-0.7055835984825121	-0.30350152828924054	-0.6022421925949006
-0.051667959428796234	-0.33669446445602647	-0.934330059667924
0.8927479133492866	-0.40232954854845715	0.19031940930337335
0.832371822543976	-0.36727657079779746	0.19902539413486509
0.5858421543170944	0.4811172974866828	0.10483449735771642
0.5630494345336624	0.5546359104964051	0.6076300854794522
0.5100309721746441	0.5065095765700874	0.46289893081007777
0.544929094269266	0.5399685061096888	0.5848118315211539
0.5471825326658225	0.5421530372872264	0.5855800003842656
0.548704242878472	0.5657652913954743	-0.6072920633139991
-0.06682671636081353	-0.8205905995125911	-0.5639213440925811
0.8223506344741078	0.20428514446078505	0.4275314723745595
-0.43512940213120543	-0.8790927698157985	-0.18367160077987155
-0.9031502295352172	0.2582349439075051	-0.08597321107859218
0.40240785486667524	-0.10100786291897956	0.6008759032333061
0.895737850298043	-0.41477882018642376	-0.15356713150406612
0.7153724835257196	-0.20118297225649878	0.2414489347342542
0.19548979563281774	-0.361534061349487	0.6518213840974046
-0.08223858896161307	-0.2672633784831695	0.9567217073028589
0.36967844990427023	0.11248721697181918	0.35173744183801875
0.5157388261615271	0.6736862551098379	0.08111359004708693
0.38937279875166864	-0.550175370590173	-0.7310179837457089
0.4857094939285092	0.0819247295222757	0.43371138164898165
0.8704558983194265	0.4429037930110314	-0.20064077890058438
-0.7432027465929176	0.028701881193103365	-0.6649437858748408
-0.7289256021997343	0.033702003496657224	-0.6539409771716866
-0.9035951731713308	-0.3281415780258885	-0.1708039783405514
-0.9202842602403408	-0.3066962732329102	-0.16710694967791373
0.07689082036445963	-0.11689915020576282	0.4809983789171121
0.9869047412376937	-0.14543917598318667	-0.04227250658840799
0.9401815741819324	-0.12762937050914172	-0.020138371994184955
0.43499323376132826	0.154961025465534	0.07594836610958752
0.3186392559375822	-0.041178791776401456	0.11276920236342439
0.5250647428875179	-0.0055327464131160525	0.48150782627094435
-0.07749534366719649	0.9879347239187896	0.06373747314042
-0.5736608917333148	-0.7748569620555793	-0.24997143614750927
0.226968388195589	0.0037495412472308702	0.2990155388966436
-0.9231428794788491	0.1818275528964983	-0.2999413693074826
0.2326046331079711	-0.10998727089646342	0.13171743046832113
0.8725592454032465	0.3841053964474109	0.28994742123015893
0.345768400083431	0.13662275362708656	0.18929008289164748
-0.9301595349354776	0.2734495985813731	-0.1621026611542523
-0.04824425334785174	-0.6629062510172666	-0.7446829075461894
-0.9758092679716001	-0.1346199706804005	-0.0681523500346294
-0.9809400947269747	-0.10912614113003886	-0.05670383802702442
-0.7798799874200081	0.3695219169463275	0.47707244302558877
-0.1363815310465876	-0.06897455862575465	0.6016596526720057
0.4321326024911963	0.21943161783310752	0.5740291091495605
0.10176125470460122	-0.792218914249595	-0.5964973004623864
0.7756370453968504	-0.520998170462071	0.3459846925163336
-0.5602058362802107	-0.4666567428941027	0.678041970884001
0.2821503685976374	-0.03194967440122092	0.3809640424039167
0.47691575097178235	0.022713605843403557	0.46543543442155483
-0.14730471312814503	0.9108670562209298	0.3768320713492964
-0.9254194891504472	0.23324112161458624	-0.22063373174743695
-0.6861813123790216	-0.47469924271253316	-0.5428663500263738
0.9765477863965006	-0.05273862790727109	-0.1975348644558754
0.9134552546849413	-0.02616945542341888	-0.18065100668373466
0.3833495950277217	0.4911771554371804	0.7757364759128951
0.6229779953802039	0.5217626413754816	0.5781490640929383
0.14210442008853102	-0.3621137772689394	0.7665359312113235
-0.9014643384092003	-0.42236777773742457	0.06971644241792843
-0.5554024261107318	0.37018228732885666	0.7395152999799482
-0.5595639841769027	-0.5899762078899051	-0.5771509378956252
-0.060263640281847705	-0.07878533301219064	0.36830663850942236
0.9571978561140015	-0.06416842950720368	-0.27134062628591804
0.8914018683563262	-0.0249220422156933	-0.2523213419204759
0.07755875299527046	0.7570356518138438	-0.42293927688419086
0.06350387760858286	0.7798763801233228	-0.41196960516447095
0.9613932072214798	0.12202697604547522	0.237709055709877
0.7145710028070472	0.09854018003714181	0.2527480929010227
0.6869654082660994	0.10924414616353341	0.17966657654668486
0.9491447007746048	0.03544184698154367	0.30604426829237213
0.8147695482241433	-0.49463431216581516	-0.2979940547747755
0.09338983673812097	-0.2168741176647839	-0.0328715438710879
-0.38516626865777687	-0.6658105380557502	0.6340532755574587
0.47249273985355095	-0.1724983578834906	0.5154885538839722
-0.4526807684975119	-0.7111070885142033	-0.44717788146975634
0.4418198059731553	-0.2874464626271513	0.5056644925992109
-0.8258900853593102	-0.4483329370941604	-0.20650417364747342
-0.2393008022735845	0.9153623693705653	-0.2419477202983371
0.5692164182602725	0.8188568212325054	-0.04288556563415657
0.6721321513569887	0.7127955261255355	0.18761908842171915
0.06912294167178422	0.3893649402584751	-0.9156893834135589
0.17764296159724208	0.005999603378941047	-0.30367254754662537
-0.03981002397897628	0.6301174713722234	0.25456923250991437
0.29092767468701103	0.7727233217648313	0.21359887839862246
0.17277798731755237	0.9047921051236946	0.3667426877049401
-0.7817960077154623	0.18920510486232756	-0.5277569510242534
-0.42546355772723465	-0.13917133503687518	-0.8922794576534314
-0.4086852915311803	-0.11673184764683187	-0.8733010656910887
-0.27500172284183233	-0.43328181816400135	-0.820105136405816
-0.927955698599254	-0.07535352365008617	0.2254698982923817
0.8929257068148508	-0.04170964863701481	-0.440456433175989
0.5487068638816842	0.08436648781637213	0.39090275060661983
0.9123075020691971	-0.3775766424741811	-0.15056952681369865
0.7792653459550103	-0.17484467787778665	0.21502242689917792
0.1529396240472279	-0.9678681782431455	-0.17609833344543144
0.14060041504489523	-0.9389198624988196	-0.12152016739817659
0.39556690982811765	-0.6035247673064241	0.25576972291130884
0.8597245604431656	-0.2975474118098583	-0.41234712543318375
0.1253915421562216	-0.9872806190977096	-0.05801219812448582
0.13449255155363354	-0.3960095289484185	0.7642894492051729
0.6100554851285042	0.5628668431050284	-0.3147642974299855
0.9839442312555488	-0.13005158768668887	-0.10486552101040846
0.6509936595088612	-0.11903444182049222	-0.008779282666302565
0.24117659070102454	0.10874057209001757	-0.1577435581178393
-0.46819959135028594	0.37198478473224544	-0.7980326172850116
0.19489633445197713	-0.351003631068231	0.7601916247316421
-0.9482330798517288	-0.1963684571542343	-0.15243682069131387
0.24936424258143777	-0.06962754541616444	0.18839677766410962
0.4537742962588543	-0.10773072962669286	0.5983060378454591
-0.9449223778802055	-0.21433057128604435	-0.16906809163575356
0.15196496803611054	0.3849998937367234	-0.2917672007569357
-0.31804008515512355	0.47706734395267275	0.8116793874206791
0.06220439762032956	0.29317413622242816	0.45105435017099316
0.5119562559510232	0.14752487432807812	0.5079580706754788
0.9582762403259828	0.264248294221224	0.06499575619118986
-0.2721670939477879	0.5209206732996717	-0.8057995771446769
0.3740478732215345	0.006260429274705975	0.5890010005534171
0.8817852820870107	-0.46456242465196596	-0.0672966742982023
0.9210873844540961	-0.38249502804857405	-0.05328829983664708
0.4204339963161428	-0.45701215753145236	0.051922378695870255
0.19794358008973414	-0.3151319598509284	-0.21620302610475106
-0.03462438072930286	-0.7014393895449744	-0.709290568971183
-0.9746809198999953	-0.054177817819215164	-0.13715808713043703
0.9069159806663357	-0.4177905664880361	-0.020638423633446985
-0.8744503234968756	0.3954251919123636	0.21280744795629547
-0.9008544751476749	0.3369273077526517	0.2134768414703765
0.11491329566502875	-0.7420016198320442	-0.6568698654964272
-0.33908728918417025	-0.9367947643941962	-0.04360265666533023
0.6738275437270348	-0.17968353438587983	0.711874736209197
0.19497537669754256	-0.11501393841248264	0.3279593191027096
-0.16596349099633462	-0.4819472107949056	0.8576987862852871
0.8984104443069099	-0.28101415119027756	-0.33114731675229064
0.3126599244131113	0.03517063754960678	-0.34853220954963243
0.23642803867879908	0.30023875960610674	-0.272824934763561
0.5253822789859942	-0.036086559568965754	0.423897269154843
0.14685621337492955	-0.36201621715009585	0.07711341569690583
0.6730148903551804	0.5775983655530219	0.4539021160159816
-0.9876997288445384	-0.02123779988771084	0.008429363406379047
-0.6949747091651967	-0.5075199365786462	-0.4293047170168611
-0.5413866067715771	0.3099688070442204	0.3074755330402652
0.2868362660531287	0.07477579037818649	0.20202074707255246
0.1936251355950341	0.2554054052121633	0.6292722218277822
0.9536484776678884	-0.29668659622382876	-0.013767094272919715
0.2501785786073168	-0.2627495571480176	0.02415001174093692
0.1403905894177571	0.29936922688992196	-0.26500957269432596
-0.6271101950095814	-0.69992192139469	-0.23406828443098063
0.7185065497758003	-0.40470185715315726	0.19791400954620073
0.6091424799107579	0.4333334874937164	0.09422095503387876
-0.8799820534135129	-0.1541349931838444	0.3991042874521119
-0.88154683517061	-0.1534789111237657	0.3997041505510434
-0.5074668821673539	0.7185922073632562	0.4679085802467705
-0.48451234331661214	0.5661416481394755	0.662663165321095
0.0884159912796103	0.25201851407429543	0.3934622064711647
0.8050712914840108	0.38859954455238294	0.4417140948167777
0.23369459970194298	0.16032396483818498	0.24060917392607323
-0.05737800479225976	0.7079935160553515	-0.5444319404624008
-0.36731209839128565	0.8584915825987298	0.19715406695290663
0.49095584496314626	0.61568955988202	0.030460719387441357
-0.8977920528335283	0.2990362916419143	0.251823913524419
-0.6800542121936485	-0.27948046553779937	0.6736234890450685
-0.4424277090943407	-0.6885249862926714	0.5705723654684363
0.34191218184286715	-0.35951082090676617	0.5506781331753026
0.5571759218523367	0.11109197310915918	0.3633489369284687
-0.20939155845607876	0.9145087086165571	-0.3106625650826228
0.5308660890041522	0.10171944101861397	0.321113260563522
0.8677649039608543	-0.21926203326611077	0.2816662966817571
-0.04005122243479335	-0.8380273514766297	-0.5412041983951693
0.029705888899376753	-0.05275660885033022	0.49151843661385775
0.41189999755865075	0.6562553801516425	0.08151656888525552
-0.5103003216054185	0.15547232780210044	0.8438859240292751
-0.5066402336045672	0.17055930091399257	0.8138300272039809
-0.03834946810576331	-0.9063917485683815	-0.4151559361021255
0.43607437393449366	-0.08021484828991748	0.5563638681406938
0.16934947961538924	0.22066246043060528	0.2973818751298272
0.8600953075014974	-0.46833077284053787	-0.19561129579057326
0.4603987491246704	0.1471787192787127	0.36774857242134434
0.8435680828524114	-0.4777685779408778	-0.23981555381447564
0.2819764840621935	0.008700051120183004	-0.3225579664878118
0.5500841299802354	0.8323930094262286	0.04244964028770788
0.36718654077521484	0.13911273288753342	0.009079413094766002
0.08894301108002503	-0.42287306937986213	0.5871348903771196
-0.6187124090430463	-0.15395126925974847	0.765572557041568
0.4715301112038867	0.7635869797824109	0.12339335970993802
-0.11600075960137385	-0.33057919540686476	0.9310881361463621
0.4963301949659035	0.4347908139485855	0.5442317045198581
0.18524601758899703	-0.3691331697157398	-0.8454186139975054
-0.9172056654000144	0.17030157425992068	-0.31663152098958025
-0.3159488628558776	-0.09038070262795875	0.9375568729196048
-0.8338583735853463	-0.5288105166201706	0.13746531213024185
0.9331553287402901	-0.34216913111546304	-0.09820161186049584
0.20930170640995724	0.04323645449355398	0.18641088033391964
0.9888282860641248	-0.08317403098681644	-0.11085532298034645
0.905223360302109	-0.0011927971547598898	-0.029715926097927094
0.6120898752164136	0.4608186946032979	0.21150702532452506
0.49899126101570485	0.05534724641401636	0.4452689947543028
0.9101158903960309	0.4049865295690133	0.03488465400209232
0.2693728543912305	0.11521179733361007	0.14473030885074717
-0.4173775090297186	0.5165495158468859	0.7383676610263534
0.6081690409899798	0.7841502108495835	0.1101156841884421
-0.06462220444472734	0.10915360886841806	0.6077388966121199
0.8837386511680538	-0.3721706626998944	0.27579283439170366
0.8074712382932245	-0.33195775219486584	0.2808845262918798
-0.8476475204497638	0.4361538915656134	-0.08859581682711158
0.39503788186828315	0.07973800843586712	0.6039584349576649
0.10802256893756837	-0.9829925200719903	0.11339913549149266
0.28059010090313363	-0.7632788584856802	0.16993417445575684
0.49019178362991783	0.2971926327538898	0.814928324154371
-0.45603531565524735	-0.5903175633264202	-0.6285999495752363
0.8913239837204177	-0.44267653011957425	-0.08597729322258323
0.7985949193388205	-0.36631031671728925	-0.04919776943865908
0.713927068277992	-0.32129778990001434	-0.12859491341430093
0.23062887389050687	-0.005932903449668083	0.8581872570850955
-0.7464148416488748	-0.5081452267137017	0.4242099192910298
0.9764232211859944	-0.20739630914412446	0.022648914995470084
0.2772827141596777	-0.06138230497053193	0.1842394440102482
0.9395181052428114	-0.20391137814946322	0.03864748958883847
-0.562105402454711	-0.7340394727369834	-0.37418093588782525
-0.3686000562745308	-0.2953144552440298	-0.7905520545672522
0.22013425707867637	-0.6830435982435007	0.6863326199475241
0.6006623351184677	0.4298676977458067	0.30592104556861344
-0.9691135550891453	0.056313381213227605	-0.1835550880793848
-0.9664166132935144	0.0795908230326427	-0.1953406409601653
0.9310006205378186	-0.2776901612034416	0.22844131497609035
0.6310638496267494	0.4745556501513393	0.6086974637580461
-0.03711393654509545	0.6545916099999807	0.42412778357760184
0.9439923690815915	0.20055187118163362	0.25370049760870755
-0.25378733036359674	-0.8231396448335769	-0.5029736049116853
0.21929165589040253	-0.035094935041663666	0.9699014070287043
0.9898910070237568	-0.12193422005332669	0.05034377644411869
0.6258266407247689	-0.013112794896791468	0.24137022834084587
0.6423385090478254	0.6254345455301481	-0.0674503816265042
0.9500037576036673	-0.29600480587330735	-0.0877783348186225
0.9256852139803722	-0.23496750473977868	0.29074050105308064
0.8520733722650081	0.49321301921779137	0.1521551694032903
0.7233273739474391	0.36469402036490567	0.5808124069263659
0.32736339071885673	0.750378494078327	0.07014536726717906
-0.47085911970515704	0.0027869169635873917	0.8716349436318028
0.09831911704021136	0.175094658167069	0.4561130432701451
-0.19972764195479087	-0.04466251020192502	0.6890981531807145
-0.25839976406238163	-0.48291545545314285	0.7903401088631978
0.8381407399111439	-0.5174605719466059	-0.15623244290863442
-0.9656858362739921	0.22059729308779083	0.12026811327025036
-0.9724420843325866	0.10637234745845912	0.0348966701839029
0.21981817553071717	-0.929314869168651	-0.2847622149116425
-0.7205796887647173	-0.4795656603837339	0.49431054308960215
-0.3092050990097113	-0.892142927574784	-0.3198637244527071
0.39440618699681074	-0.33860073452901035	0.4880126996820996
0.12215234927226933	-0.04876321111848835	-0.10521941044199801
0.523357630345871	0.8421136136505163	0.1133321402836703
0.9892100461391079	-0.06531084534549433	0.11593978207698304
0.13342758504732297	-0.36986062947870163	0.7447795099698045
0.6810717632965121	0.22521131706054737	0.6929186383232482
0.8557848031571591	-0.48963060416364546	0.1506297020628397
0.6273837063881201	-0.14462347488498375	0.18182433315550317
-0.28407450026553965	-0.0302308008194054	-0.9527091592054668
0.47368272296577313	-0.1189234791440375	0.4937886917471682
-0.9594864810528225	0.1745149357683696	0.020561696455037415
0.8260372613708937	-0.4054899143567564	-0.3845694508321556
0.32574079975229203	-0.2410300552974484	-0.41016052928850044
0.9014383273579353	-0.36753491744945743	-0.22561310235153337
0.5830944406243422	-0.07443067342681622	0.12138282416995572
-0.24496513799212818	-0.5202118834329027	0.8133720855257472
-0.15740479759122936	-0.4631187376379697	0.7094615873124539
-0.25674577977329965	-0.5010205085374886	0.8028633455423487
-0.957407638856682	0.09714478513238722	-0.2173019649892097
0.4885643658257648	-0.20037666629993744	0.07793869630614046
-0.8174916892495456	0.3728129163269632	0.39995576600082305
-0.8014865512839651	0.3597669203930516	0.4467385039760596
-0.6202033365336647	-0.6972301397443349	0.34770291692328503
0.35680385953439436	-0.19685562745604723	-0.9069563532969653
0.6209494961350084	0.4623294830470434	0.06407336024279119
0.846167244556437	0.50043927368653	-0.16444836489426992
0.273545050808451	0.526908497762983	0.4265426194940647
0.9929864240090003	0.03954954434294778	0.0931057668639513
-0.9520404400649307	-0.29730526490226594	0.02596602155215818
-0.39028344940582654	-0.3469339005638253	-0.8046197597945312
0.7907723446002609	0.2791849878221109	0.45015123949691765
-0.2184054863011184	-0.9400383470334693	0.24737777766260466
0.4005462907243706	-0.47876627167998637	0.3942840517895714
0.7751087917895628	0.4785584309847728	-0.40106970796087194
-0.843150584049055	0.439429706699012	0.23147543998448297
0.21863605401411706	0.007400802716399542	0.20966359433671167
-0.43342987874963884	0.6094472703902206	0.6589280592065526
-0.4582232615190484	-0.8673303335810764	0.16722103906283692
0.14111976015720362	-0.41134578641280245	-0.2307675746973857
0.04941640352119755	0.3223205631844711	0.30027004007185754
0.02106023307044964	0.6650627412930575	0.45435697015344695
0.10606619870171667	0.5914566020639631	0.4968754852465467
-0.06559165966961225	0.7051493034448577	0.3492069501301104
-0.5857870466287303	0.4585121936605872	0.6641044346674402
-0.8932636727476118	-0.28450069269165607	-0.31917192648625264
0.24310289104898375	0.2539253820593407	-0.2133513236909281
0.8305428825249526	0.3518712679612175	0.42261913009755664
0.5461714398785393	0.06033338982480586	0.35557642296609593
0.9267168228122733	-0.32077054632775864	0.18599573292575863
0.5917230865913458	-0.08532259994539296	0.20032085152248108
0.37512685499806925	0.08095245174788496	0.1420870331472454
0.48277196888290735	0.7480161322191249	0.1778156395125972
0.2777159873725865	0.3140806153898891	0.5461423708895822
-0.06691359406239218	-0.9806312953195734	-0.16542354001680606
0.13426531159767366	-0.55679702085218	0.26751498276917096
-0.6325867519240219	-0.7444650146905119	0.19022364449771537
0.15059479456419264	-0.9229996528820572	-0.34610989202941167
-0.023497317226897362	-0.7560390225265753	-0.6512292207105683
0.0017229591565200313	0.32218073881910786	-0.9443402252301897
0.17792346604682052	0.20240754109640485	-0.25710896247146536
0.2925261806698593	0.11119377314375767	0.6383465170962792
-0.03603895598359254	0.7554265859198505	-0.37233281487303577
0.4964854463159399	0.23696618631569633	0.3794327824292478
0.9925310689554847	-0.05804801846021518	-0.09261104101917313
0.5704966197636756	0.5079851610279401	0.11314013935019168
0.08447713633794153	0.6323896014063387	-0.4619128172896892
-0.6274639523659749	0.0672969992667628	0.3898720945829524
-0.656526215519424	0.1112538691994082	-0.7428206734914691
0.4449702200647787	0.45497562473807635	0.7671128409422722
0.364755675685382	-0.02114266936344992	0.5698750067949132
0.8809851210513927	-0.4412407286355595	-0.1579732986241387
-0.8812564728699424	-0.2711214340586892	-0.322860727227025
0.7760983135199709	0.5827123253116719	0.2270934416469487
-0.28011193975048243	-0.9330066693581052	0.21149611940068544
0.20554707830845562	-0.3827907351004894	0.015072203865425746
-0.7166899367003905	0.09496995398759589	-0.6869512566263499
0.2336396471675366	-0.08192381020127992	-0.007705257068690801
0.9396708835597646	-0.33971716561197135	0.007535624193370953
0.7742837351878087	0.16247718109126125	0.5233845171061622
0.6224785356259662	0.7487645394947534	-0.21493008540888325
0.5846267771896475	0.6723576586081007	-0.148179931077946
0.8739151293982709	-0.4291481042131382	-0.22436148015639873
0.7461001990236379	-0.349075194570719	-0.18444379834179675
0.9169594068676571	0.2576228867452736	-0.2918568087404403
-0.14988422327669224	-0.7701638931467204	-0.6163300465228921
-0.5794818180826197	-0.603608429167948	-0.5425787517324536
0.9076979721968762	0.07277972170649566	-0.06383066376956928
-0.0011054470365167708	0.35881882053999264	0.7064223827748906
0.655659798244197	0.7517838349801467	0.029036886478399866
-0.15345199476331797	-0.5841466531678272	-0.7931757115295555
0.9555136052003703	0.22355320124658992	-0.17243794172926946
0.5027289187707612	-0.033312045404092966	0.526946814842246
0.7497385363114495	0.10102951066291288	0.5671819963833384
0.8871141879810731	-0.39946327292862643	-0.22819649708990622
0.5055931069358766	0.44569427262340167	0.7341809820772203
-0.02018620435168002	0.39011483056482144	0.34099593318915367
-0.3762176621694202	0.8858898476257626	0.2600316464414483
-0.39005504281748654	0.8391150870827176	-0.08444778004455022
0.45747010998909593	-0.5032233541409562	-0.7306010274842102
-0.8578667300161713	0.2749382851559404	-0.4296188998608088
-0.8349296023526865	0.2815975438290121	-0.41847078050785363
0.40469025285806837	-0.002407318091297624	0.6005206837079191
0.907441630353475	0.14016808946840517	0.3893580751785194
-0.8042748015655163	-0.2663639572327326	-0.4941704184374946
-0.1435498953892237	-0.8392870130563054	0.5125299540121939
0.5151960735693547	0.10940269510970389	0.2627247019960246
0.9859625793209352	-0.1466963434108224	0.06664323890072958
0.9429738560622172	-0.12453589472315081	0.08321364306312584
0.9228072426907455	-0.3386922909802155	-0.17623878559884892
0.802586703680023	-0.05680181195994591	0.1321841166275833
0.9905383778303154	0.04303283054780016	-0.11005621985996483
-0.11900126009589737	-0.8747359896233095	-0.46541996340313285
0.9853153542557398	-0.157966245982974	0.04067366202193627
0.9114115515755145	-0.39423346099001855	0.1059847391724329
0.4416564299597889	0.2269967893943819	-0.8608838401658314
0.6043683842074155	0.49963291110841246	-0.06935275821163175
0.5675131547192257	0.5695599577675086	0.5920116806921126
0.8382411716543857	0.13638866781788675	0.42793748951989435
0.9132854277632244	-0.21486432286219298	0.338718881740159
0.8223111352497251	-0.1830784797882517	0.34788616692292035
-0.5684029879128798	-0.6746696411840362	0.4665515594561693
0.8130996588950834	0.5107145646698817	-0.2688494011375902
0.971457162405432	-0.16401750388073744	0.1621599117781518
0.9105904452965712	-0.14986091191010234	0.17085365588806375
0.605224437202861	0.6234083274900685	0.4881059640743823
0.16101579726994678	-0.7491871997450364	-0.6392319627248648
0.922209929735077	-0.3821009924516872	-0.015732829331523264
0.864607430013245	-0.3141747191330627	0.07695679384775844
0.6833120912224512	-0.28292632761097836	0.0041167540339270255
0.8626923763723948	-0.3208407879172291	0.03060677258075154
-0.658448233066137	0.7447535567643654	-0.019620011969024045
0.10341814450451174	0.5428379324462479	0.5493175377026073
-0.4254792925088748	-0.18675646392312648	-0.8604761164073434
-0.6888477338106291	0.5875528171333828	0.42047025530189874
-0.30738675471771115	-0.8349177120535513	-0.45197796214651154
0.5452663342495458	0.5226345734935627	0.19312786490783557
0.6548491041148563	0.3879020245584498	0.08644263009881123
0.33586593935399567	0.20905603451994145	-0.24051400105398485
0.5520412579333764	0.48381204777591	0.18339508864479562
0.884444485935766	0.0090264734005231	0.46176548679910084
0.4283782315067288	0.19079757576896517	0.5512517438472776
-0.6194045365257036	-0.5327358116637204	0.571968119689291
0.31208873422515726	-0.023849504934020195	0.3302186692426867
0.8247461635669809	0.05056772014122361	0.48078477428670147
0.585350473305243	0.3898918523821279	0.7064393559425204
0.03902603482571059	-0.6667118802375631	-0.7411491362597494
0.8369651027214788	-0.17632251394105083	0.5111819434937301
0.8932322106291983	-0.4063242494521695	-0.18879193941191472
0.6021852050558157	-0.08954826963233449	0.1707809322034643
-0.556559392439531	0.7928705757688681	0.22880328161689317
-0.4893493833603474	0.6025629216979671	0.2647809598657488
0.33073391226309246	0.3736003377122855	0.5380239742768962
0.08770659075136573	-0.5160377670687664	-0.8484508636617127
0.42327072746926464	0.8576852376496643	-0.28153765530946
0.36075993149765556	0.37420894497524465	-0.4055657850207359
-0.984384091235061	0.08607550319878954	0.02243108911956546
-0.5677702220961081	-0.5658276108680852	0.5927258043992656
-0.16208495683921145	-0.7242054314120818	-0.6657833963725601
0.7738596743430175	0.3418293405914219	0.5277894707281783
0.8167387763879099	-0.5453019009663177	-0.16858848698620754
0.673455950705038	0.010214977475893498	0.7353928723698983
0.21021163631289683	-0.1488890718854339	-0.9617957297182376
-0.42581151371446385	0.8202645796929917	0.3706416605018842
0.8815316673577995	-0.0490137930860148	0.46429743008453045
0.9434836748214132	-0.3270147521488447	0.0359751122540492
-0.7480241000156438	-0.060040956026569364	0.6521908907291499
0.8419079502711113	0.42398742480069235	0.325080019402081
0.7844868540656258	0.5173346231196941	0.3336502613236862
0.8730112678150121	0.46344612508421923	0.13309570972289586
0.6140697278769724	0.7839730494434614	0.0694116072755319
0.944132079965875	0.07536643925506986	0.3130735358064259
0.8738312696596527	0.025355947556216615	0.4807703058639143
0.7399447474214453	0.00109011450507892	0.6679859260144392
0.9340221860302086	0.21367547655566585	0.27834092633521745
0.6177514897466376	0.47490049335311196	0.027104378895512753
0.376037206973969	-0.12653258932550504	0.6135568848624527
-0.8528107518241083	-0.3879752215134995	0.34282307312574956
0.8483056303234954	0.4019665312299371	-0.3337756774912324
-0.54236460525577	-0.5524104250648219	0.6298447047043241
0.7240105130185878	-0.12867827830336415	0.6729884623093687
0.6725597963013921	0.612743369674461	-0.4079588146085771
0.9060151946608878	0.2976033631489955	-0.2884497977558202
-0.4431038390867147	-0.6105632504147995	-0.6520213469160311
0.2854679355540017	0.2788558085837899	-0.1997773030026464
0.5296219806535236	0.8295542883828474	0.16349996503175834
0.9084933156889272	0.3973995809000456	-0.10425493025630471
0.785264649659895	-0.04282743660695342	0.6132277616521685
-0.6259264062048241	-0.45788990335824437	0.6274843323543304
0.5241504342935145	0.09127717049762478	0.5424768499346524
0.6332205012530074	0.40973367684992557	0.6508121274150596
0.9776675626011995	0.10032119561081697	-0.17072445222078927
0.7998487984477008	0.0776414354640173	0.4981680793318106
0.6223066569850845	-0.735637039338957	0.2495991320216929
-0.23859459875559857	-0.8625252273445184	0.43748192618600595
0.24828564317877874	-0.0800569686404961	0.2564487229538454
0.7705567715692769	0.45738532193140824	0.43704324216701934
0.9790439970595399	0.03126102867633011	0.1903602185528757
0.9125003467469593	0.3343501032970395	-0.21972366038181815
0.6511826552976555	0.031079063056655185	0.7535171410160479
0.9327228635701653	-0.04624462501050641	0.3526069165051642
0.8565619714311077	-0.5127078553196873	-0.0032728888441298145
0.592598941657872	0.3555671030075656	0.7173775909868654
0.5735871592977183	0.17007550920857376	0.3546978004279503
0.7079928050621983	-0.040295494390101626	0.7002974362919192
0.9302045608834479	0.18048418418382703	0.3116343153408717
0.9358181587333968	0.020876317384457357	0.3462424256101362
0.756546630708384	0.2623631269733019	0.5941674184895362
0.58147709672073	0.2960844302892685	0.7535298132787763
-0.2673014458712195	-0.951675543544854	-0.12882475709934926
0.9319830503142016	0.18947609625065084	0.3035269551569804
0.9162292629319031	-0.04242051314899482	0.39304163792740854
0.6755048214984914	0.26022956110331225	0.6857725233093812
0.7249433690115137	0.17141972868652397	0.5749412088961098
0.6776360753568766	0.35310996341399714	0.6396526062295844
0.6752653893038839	-0.6748116134666539	0.2839381094408082
0.6316298838511124	0.7458124657813079	0.19906618580221508
0.9511966289242192	-0.19063321382462164	-0.2355621194936991
0.7732996134575905	-0.0021699927227852834	0.5492744605454243
0.8382503746264293	0.22736572219624007	0.3700114969962051
0.938869990674845	0.31724283885492205	-0.11093093565471115
0.2953502828322742	0.819690859050824	0.47462849625676284
0.8885383665812642	-0.4470868462195262	0.08669887105228619
0.9024764166213856	0.395546309530685	-0.14614098017037236
0.9707346758929233	0.15046110095335047	0.17195318624120728
0.8598146334114627	0.13815618231602803	0.48620886672237823
0.9002459126226148	-0.0946162263702919	0.4204179985267382
0.32713410009222077	0.851507286864309	0.38921257672370263
0.6343739119894719	-0.7675089923719693	0.024521749724182508
