0.9468229603007763	0.2893290239155575	-0.11258933733765397
0.14197349802310635	-0.29858407736262915	-0.16699380268506206
0.5375973133371517	0.08726484733717013	-0.058694550951726585
0.02099996613069746	0.14488208149042317	0.1557512687841037
0.018011300305125065	0.07419115848572297	0.10384491021714468
0.7826633809426415	0.1724102732728363	-0.1314776536291806
0.8413843991152005	0.20929387603181712	-0.14588620353523046
0.06389464316600914	-0.0414597824385447	-0.2135199814460979
-0.04241070566472271	0.07226680730691418	-0.08557691858430368
0.9120585644101761	0.04989072769526079	0.3904759098949522
0.7067153465417285	0.09984564198012771	0.07320702077719435
0.10733532054432197	0.11776118748874817	-0.3583732585043755
0.5286970643617919	-0.008935256354858522	0.20654907755745422
0.6167456524659619	-0.30553851585855984	0.5049674648086313
0.6112201797060599	0.21679467088284732	0.525345790741004
-0.30121645653346474	0.6969645964011524	0.6419217875552999
-0.019358602685180172	0.22212963085075899	0.2555255981227893
-0.07089794689361663	0.5365757980712631	0.42110349356764565
-0.20734824806953261	0.5838946080579843	0.5766766398651321
-0.30360137178731483	-0.4733175940763784	-0.8088468463712702
-0.08975170034380017	0.017952781629134683	-0.40277776536159127
-0.2657008554964923	-0.34543903193185377	-0.47705166200587484
-0.26356962722275595	-0.4725031613659753	-0.82082437227032
0.1574956626614075	-0.32389600106950484	-0.11382647541293194
0.08605218469645859	0.00978220583084934	-0.5264280292981072
0.004394965813623243	-0.06718410607792169	-0.4339664016072794
-0.023728400943118504	0.07480241664470415	-0.03716108602256551
-0.2846401844075046	-0.3119106523410435	-0.03192838334974361
-0.22827186187294943	-0.39573066875390095	0.0028529950075798843
0.46943444579230365	-0.8638989654691763	-0.15792963586220307
0.043358500558809965	-0.027287007659372836	-0.15328755054500703
-0.2405681911316756	0.6838515675852339	0.26025005164453263
0.3448597460159581	-0.5474950307556407	-0.10886530828477556
-0.34007098377359635	-0.42965250004059374	0.03538004388566993
0.9909386921384832	0.08142784212492972	-0.01274875927263501
0.5787399617004904	-0.01897912620034578	-0.0046157191143156836
0.8448140445186458	0.11801365434330599	-0.0797878263056894
-0.112295558922609	-0.0957873907660288	0.33272815512264114
-0.913704044651141	-0.12093786320661762	-0.21334730379179062
-0.9325972880057252	-0.14991280308421273	-0.20226626990081356
-0.904250795963494	-0.0790518200815507	-0.2384720552499029
-0.625287899069159	-0.020169858631341638	-0.1386706001589115
-0.504130794829322	-0.07692035814425606	-0.07081370720343563
0.043513960544017245	0.6339156737402516	0.025528505405224243
0.09749065238535953	0.22195927195199763	0.27703434026245655
-0.07736923130349738	0.33765279233397905	0.3176277030205734
0.7633444082637255	-0.5617261584656542	0.11829123241098638
0.09010345456262815	0.00920230924896232	0.138117604354678
0.7724475440562482	-0.4617973358332674	-0.22923961704567555
0.7888252622671025	-0.46925105419676194	-0.1148454856194176
0.6261517718256308	-0.3691887238597767	0.47233198890116673
0.5466261198469157	-0.3348878996552871	0.28502217913159894
-0.2281005118997081	-0.3769322987375746	0.06797465916822598
0.48642682371615414	-0.17302189533471413	0.36517206874134694
0.6923198665854456	-0.3987001358206006	-0.15831897940659326
0.5104461051373734	-0.40817979701968615	0.0406078783170037
-0.12801968135366337	-0.34185020882746264	0.6190691353448776
0.06256992966203209	0.08235355082154253	0.4409836598136644
0.6640629352520085	0.026967377428109236	-0.6662910117012467
0.664019641065561	0.10718175893779552	-0.30548049549995554
0.44897342571231863	-0.05432206351011033	-0.37438394641302714
0.11551328795833979	0.05757679569902547	-0.4968498184129937
0.4358482134952909	0.05423675817694423	-0.4368224001436445
-0.038672405507404806	-0.5090142978853026	-0.8368633728404491
0.7965893201679963	0.04154871236432075	-0.49223965316690493
-0.24799466358077718	-0.2915747163610811	-0.0533911042254308
0.18569517331612873	-0.29331407959866995	-0.11977575941246055
0.047609114135740906	-0.595619786033233	-0.7631005415409551
-0.15409675588760652	-0.9454651243570072	0.006040627727696373
-0.10833190991996237	-0.03665892943126762	0.23170904838826104
0.0637251136774994	-0.4906192252335646	0.017385192631559323
-0.15591694928426755	0.3318926166768022	0.2571096804169686
-0.5941170508618908	-0.765820559981041	0.06444698013902775
0.0034029703411690058	-0.3709688735926006	0.0435733235079236
-0.6101387937238819	-0.7458052085299366	0.08690917241287911
-0.30331963831614384	0.06405849954875277	0.12616297231263282
-0.290706876913038	-0.3608045724686183	0.037491639559309176
0.8425389465132549	-0.5253761160762076	0.04167950597083822
0.515747902138141	-0.3779254796313763	0.0003254583045457838
0.7643551707143541	-0.48809782791838413	0.31025115891024263
0.4255743164872454	-0.3613858093472525	0.06140899199905634
0.053533804266296926	0.01592863371213169	-0.14992095813864198
-0.21986725210108687	-0.7716797976484882	0.587606641394443
-0.22188948602661335	-0.7453323136252392	0.5894027601761477
-0.15008366770257967	-0.22029941257510893	0.5494760210901707
-0.25442499050320755	-0.36341082861415885	0.21488802787124417
-0.0690484137355458	-0.47991617409841647	0.3259129152355473
0.5346062901260735	-0.7420698098275286	0.3898801535849003
-0.036004595289233436	-0.11618611610654357	-0.21555874872100392
0.33859270036955036	-0.46938817549139117	0.22123286372924536
0.24833824585717074	-0.5216905553702254	0.2374124799332048
0.4112720283349342	-0.24046240785431233	0.41648737362605837
-0.005433995286812035	0.7019268619240394	0.2601082439863408
0.8655062097933057	-0.35489500923919853	0.22343783460581063
0.5433192800794694	-0.2868492115276475	0.10220430151158647
0.775682736687663	0.11836605150962001	-0.09948062137704855
0.5178554511729077	0.09262145785046991	0.5711361953339814
-0.6427327772149066	0.032734529709438964	-0.723190440587365
-0.12763261724857622	0.281803036423166	-0.6222459424779248
-0.27440998558007357	0.4641656527291644	-0.07443751670602552
0.11841002985695961	-0.19362506745753905	-0.09129087832984052
-0.5875418536427505	-0.05457557664998749	-0.736497121285165
-0.6155395239408455	0.1241358340135609	-0.7253549454162684
-0.23357628317630755	-0.317228315454819	-0.035636892534204274
0.8979807958882052	0.42751361050501663	-0.030081412063207642
0.7809735314383024	0.2510539409277735	-0.1017195983067657
0.05475229735973159	0.38248288178571477	0.2135946465160108
0.4921104680519059	0.1789146458706608	-0.019627096431565832
-0.14283562554897475	-0.6559072901818207	0.7340764838499891
-0.18557561432452804	-0.1378115667493004	0.27278783233800513
-0.2867871486987472	-0.37429786754280775	0.08346104333171558
0.0162147942221794	-0.4092966532873342	0.33878102664501897
-0.24774756755951632	-0.927345214729802	0.2546491358229641
0.06952952403027506	-0.4283427748189927	0.05532987310374766
-0.31748248971070064	-0.40840525367025343	0.0018366826161174913
-0.037078505776915585	0.706487790373543	0.6403264440415504
-0.5519492259858924	-0.8240157289160083	0.09986626566549694
-0.48063487696319024	-0.7909216965760457	0.126030601265366
-0.3417588725571197	-0.35656884857473875	0.08190378891300065
0.1274709190160037	0.11560988795917283	-0.3061113692046549
0.08227059576917253	-0.3385973727693005	-0.0711125749497359
0.45673537491677046	0.8642104913105073	-0.17430002871771116
-0.2654497687620545	-0.38262615945258865	0.036261785164211066
0.3023730939451472	0.47446680616472436	-0.12406629392069213
0.14907086227111602	0.7825744785180686	-0.09671286467482706
0.2074329816648867	0.6852900985255849	0.023519802791532096
-0.11253016401340984	0.8131814522843387	0.48498117652357636
0.8389966025889455	-0.15670002011397616	0.44721031552336177
-0.2807344964175933	-0.10880832301054058	0.7394502920824326
0.037773831109470635	0.18605276643346144	0.801604534285056
0.6880031578031675	-0.212014153186677	0.4012653525078783
-0.3010036344376608	-0.12759844539676218	0.6506112049309124
-0.1676458408099583	0.12057359193337977	0.5322042230212519
0.3973398234569092	-0.13114978990734208	0.25117183940077165
-0.2741308039996804	0.5213846164093399	-0.384435796705418
0.5834570821968514	-0.1650658124726459	0.39195222318979234
0.49292163420375623	-0.14100466241305148	0.20934829865443766
0.6758149957582258	-0.184342183157672	0.4306199418781286
0.2335583216257889	-0.690515982422344	0.6752770331348432
0.17724772202588907	-0.4411626925828531	0.325324119370906
0.05556071807656634	-0.4547009751751362	0.39255211262912443
0.32160543512915807	-0.4400003422423629	0.5143543430189
-0.034054548491216696	-0.028821662709845687	0.4150046151513044
0.598907735086397	-0.35886906328905926	0.46750561066331325
0.3312274819420641	-0.41703126988159184	0.4943893925962843
0.1615331683021342	-0.9558245238626262	0.06390868983821031
0.16721602852002337	-0.966114712566284	0.05810967427055185
0.17917008120682448	-0.37660191062110526	-0.07002445267758439
-0.03394998091889526	0.7115848808933632	0.7001729555411288
-0.0004186872038285357	0.42290304971997217	0.3760117764818073
-0.046363582271109365	0.6127319384181005	0.6798546110085487
-0.0674160797455712	0.5996905424620977	0.579264190460543
-0.04345792518432688	0.6320786841298822	0.6341204766718925
-0.12859651355736884	0.6782514828007096	0.6292703079079142
-0.07714468586447011	0.719150215577356	0.6019601043327713
-0.04759755491303612	0.31251172067065447	0.415236438295313
-0.5752343558693257	-0.13963592302622516	-0.7636021083165148
0.13269347608700707	-0.2539796434532982	-0.11679062269492448
-0.2904346964261975	-0.31972844408200823	-0.034592165200586854
-0.626256161235019	-0.13980839713382154	-0.7217096507922299
-0.17136948197693508	0.2840134078929086	0.10703128591172198
0.9015867137682464	0.35056246438203587	-0.234112279402408
0.8151870175414213	0.23451332707453604	-0.19580058185361357
0.5134149797366718	0.0980679346622362	-0.13878691550980002
-0.029382746263156463	-0.9346717009786941	0.16205703662665324
-0.2803896798796914	-0.39679937233110657	0.1009152811498976
0.09610529635980235	-0.5609755680291778	0.09234473368271415
0.050061316948086895	0.09064947787749619	-0.2926008552763812
0.40373331219406866	-0.30166532521862066	0.37605777188601097
-0.2330547327667079	-0.7681115980697696	-0.5525061347606215
-0.13276771932008574	-0.15706774619798614	0.3696091860340937
0.1548406955206643	-0.39064419796438116	-0.10639593327252553
-0.028569929624093965	0.17262734191857718	0.16382986171945688
-0.3287982001327589	-0.44973253052937584	0.023966947916598758
0.16045130584382847	-0.11892046594230316	-0.9372060773137938
0.18089791669959504	-0.27212060101018115	-0.0901271384846934
-0.3067367281557679	-0.37647686138716296	-0.03872612282488823
0.9023203350085645	0.28041357720649845	-0.3095122271921736
0.8169221617477886	0.18078826408758006	-0.2091624833144644
0.4768104973135007	0.04445309539329986	-0.13567935526797462
0.04366300677529445	-0.7364081101248403	0.6663421697783816
-0.10612558056890803	-0.4421509238799183	0.30169759130238927
0.08310911411033525	-0.5200653973324246	0.4174596721952704
-0.14517455510682867	0.025328008530008904	0.4125921330832988
-0.45487195499036304	0.2896188533119561	0.22091954110014364
-0.066738603698719	0.6507670908434449	0.7543085806849338
0.017533747092957127	0.21635714057634142	0.24589368119420532
-0.10395185176224524	0.1888765380433175	0.342773363661233
-0.6430756262086056	-0.29282586974223207	-0.6456488785354585
-0.1497756509024632	-0.07663191140490523	0.693777685577459
0.1351874395327277	-0.2716044909518887	-0.0841434086145368
-0.3468076090200918	-0.29924397551809856	-0.06920400171236275
-0.6715331835509326	-0.288754440775465	-0.6196250604456282
-0.11684414773471216	-0.43457338369596843	0.8866929839078292
-0.00796055749094675	-0.28641101772923944	0.4657729496901285
-0.15199084497469928	-0.3134909793119609	0.42816192601174224
0.5621926364417423	0.18134425717317537	-0.7260663169415337
0.6255461360865813	0.1541522137420275	-0.3316112900134092
0.1466521588731772	0.10380196443707872	-0.269404362131429
0.3995399514618228	0.022380986703867806	-0.32161403399310184
-0.8377149521859647	-0.368406390373433	0.37485707460817125
-0.4751164659624421	-0.18839685280896665	0.24746734478136637
-0.5447322189304697	-0.3052618963486509	0.24124501670043544
-0.3986231769878159	0.13929104730864914	0.6958842208142739
0.8170646561117929	-0.4188672945941155	-0.2434006745703035
0.6944856414198611	-0.09829759175689712	-0.17215817258189428
0.7748468759905592	-0.4044521082995321	-0.34338248459923926
0.4640767793173882	-0.30925791591689034	-0.1328013909398465
0.9198363251295335	0.360575768310405	-0.12524805384044785
0.4960779511668332	0.09684440281644226	-0.06908549555484379
0.8122121077924044	0.22824821710392418	-0.13323816280799877
0.1137334160264869	-0.5904247915001498	0.7904383960768345
0.10064751142230702	-0.4007458960834299	0.4117434766897652
0.5038297469991008	0.07262364107162511	-0.010522322743674355
-0.6435654040083847	-0.5130900683631109	-0.500215610866452
-0.33353187528428857	0.7147047446625274	0.07460562798848655
0.14401861853766923	-0.38921560022240714	-0.08965285327795941
-0.1295000166586088	0.846968339911227	0.5125566306001207
0.023145774963847437	0.40341717167221713	0.1849598167176194
-0.47893267096407	0.33755086442035115	-0.10052739950992022
-0.421338973906493	-0.3489963199053926	-0.8185456757930021
-0.4467796305133863	-0.30712231968498954	-0.8039595510289007
0.07412571883324404	-0.3160673111806956	-0.09579183659140987
-0.4693783634509272	-0.45922037012088557	-0.7181160301579266
-0.2766634358332621	0.6742203081909218	0.2088419018430253
0.1555646154223785	-0.28583411490889016	-0.12305162355067677
-0.3405093488828756	-0.34345722945684604	-0.05357017029397367
-0.4836726320482563	-0.4801369385579425	-0.6853268807573909
-0.6765512436768112	-0.5672098558850117	-0.4183340799438251
-0.2805700354171402	0.3057071943740565	0.105494513972824
-0.02838252889971471	0.3942537274307049	-0.3049861081749766
0.041346518470263896	-0.33824081455490923	-0.10601448071092974
-0.3661597039137158	-0.571369020519397	-0.7161740210986604
0.017217866777269917	-0.24850230950754942	-0.08953464117361092
-0.35831326991609297	-0.5750269174798186	-0.7232762725841171
-0.3514647862296211	-0.5650497971930513	-0.7219652469449395
-0.2532929330346311	-0.391730569032049	0.023907196460992198
0.1650871542502038	-0.3505291349352489	-0.08037866520522045
-0.18571966661551662	-0.9421537022548802	-0.12977803008838207
0.08238901194664747	-0.5355057743839756	-0.012936424628886065
0.9343311485918885	0.10269204548501427	-0.3271233853866283
0.8169331395350448	0.1309940262481597	-0.22793591624837264
0.5780828663463952	-0.004059614623719249	-0.1904111779099232
0.9867106205849312	0.12455435423971604	0.04260173014434293
0.5852359403009085	0.0035871389436095036	0.022304985689307583
0.4019410287716634	0.20607478351182074	0.34974735547010166
0.9585938900312615	0.09899479649389559	-0.251230290139742
0.8455184468173783	0.12102941725153384	-0.203126247130667
0.5488985059485357	-0.019919015155472234	-0.11423083801219663
0.7222257627240665	-0.03983851853900731	-0.5768728545966002
0.6995832052130997	0.0751889909431263	-0.2873275448965578
0.08487519954137637	0.3531401770533887	0.10271356794546915
0.48471349723147084	-0.1045185658911326	-0.31159451981495667
-0.21578160450174919	-0.13222286747441306	-0.9281562926549684
0.12958650532825117	0.07996615890000604	-0.23769239056998265
0.13522546687569367	-0.25709592960128563	-0.09084490278896566
-0.1829972899781121	0.053828468411670334	-0.9051745551016096
-0.29315879577912457	-0.3276325917065726	-0.007148271770059114
0.5897747595912384	0.26837490217673377	0.4707019376455469
0.8029054110904889	-0.25645464949428315	0.5314332273326892
0.6188244453693172	-0.25212724596445824	0.46607925262205224
0.48038713391211596	-0.1809481806350337	0.1668657791187341
0.5707152579223213	-0.19337292926855468	0.6537415471813064
0.6438128796426533	0.03336116536119765	0.08338782708918781
0.5801050048715716	-0.3373842738503876	0.461206251598356
0.8118383072306138	0.5581446680382636	-0.12522882879852154
-0.052990876241488266	-0.049814273891755266	0.17824703469669326
0.50621103457103	0.30654827546065616	-0.0779546123333911
0.17896255011820436	0.7584845923804069	-0.077902513009932
-0.24418426589006992	-0.31084379960495073	0.06962653414295067
-0.09903534868237115	-0.8037808072370574	0.5775096461397071
0.0005560396426422492	-0.5324783514452162	0.30191705685370906
-0.16176956920529176	-0.49870070295850966	0.30275512164690743
0.3867962205988142	-0.8311256525455523	0.38019839598436095
0.27607107120248614	-0.5658988734586744	0.19650472820212345
0.42992221202461106	-0.512218989756618	0.3663348667601693
0.40420928542600415	-0.4456522800407723	0.3637362940615234
-0.5629500278042758	0.3048872272810057	-0.7136835146932826
0.42077625661630375	-0.447547546714603	0.3891400336095535
-0.2577736572611261	-0.2886307026907383	0.030792306099986188
0.018153447473602466	0.007364828054056164	-0.26146745416856537
-0.732200380021808	0.07245583350286301	-0.630187885823797
0.12664594005448082	-0.2314990488215803	-0.06176926530174989
-0.22591977288334414	-0.14872849303800836	0.4380648660986219
-0.7239316697035192	0.15148720325763484	-0.5705143677064207
-0.17762472263131648	0.4978294830545615	0.845313480252907
-0.1717362584756236	0.4691186981794813	0.7933524538675141
-0.03862856772620634	-0.4203303766035723	-0.8884333400049086
0.40305787902129536	-0.49054168605175275	-0.685661638248325
0.286397584355318	-0.07033231689915195	-0.9117648982387132
0.11585278444059356	-0.45953144430112114	-0.8536370780649074
0.4132567626122176	-0.013492234566700914	-0.8537924092099013
0.32094774463867326	0.10163400333813388	-0.9016225265345531
-0.03764332786049184	-0.37342599372845847	-0.899015607295053
0.2380509489870244	-0.3287219300012394	-0.1328605768241378
-0.4024599972836662	0.6986606346190736	-0.4396524400462072
0.04655575100949478	-0.1608831758196566	-0.9304066144819462
0.13306386596854317	-0.2877870697222359	-0.9219779684658429
0.040189368557592794	-0.42609231550102944	-0.8809766210868197
0.16331129811250844	-0.0067653375295337	-0.943587730736969
-0.002002102707914446	-0.3089951101117223	-0.9261807998403185
-0.12627172873267148	-0.29296720406931914	-0.9226535165787023
0.41340845840982154	-0.446724840751899	-0.7492141390110302
-0.8425274074535367	-0.33344977682192983	-0.3139661175370214
0.4933533316204215	-0.3021657958547264	-0.7051912977401517
0.16683920643122432	-0.2747116603671861	-0.8991732697508423
0.012854691133778797	-0.4827986476841321	-0.844741712657509
0.5634945706167229	-0.09541572440349379	-0.7440728660823489
0.3391037189525501	0.523793913740585	-0.6830927759199132
-0.12111202844553337	0.2034435595463559	-0.3799287464056607
0.43893373455876006	-0.3473805570127634	-0.7570144059857359
-0.0920485679598838	-0.5285014270356545	-0.8099211166714156
-0.05308435392666053	-0.13649811834958817	-0.962275850108034
0.6943115685333486	0.15895325593803292	-0.5869941834733288
0.06505600112655759	0.07821377544041365	-0.9435409359274882
-0.14061997842621218	-0.4530342820762207	-0.8546128973375703
-0.09244882850083871	-0.34481128877648465	-0.9051163234388628
0.2626437442900629	0.3663838508754083	-0.8318502132349778
-0.33949328793183897	-0.6589757076793376	0.6639465272977756
-0.09602722252195078	0.24655174693920234	0.5554343231389518
-0.0679666679951172	-0.36557964263983966	0.30308223076338786
-0.10579264304742834	0.6698201608221437	-0.6617179368958253
-0.04040078668544319	0.3799755959345862	-0.3612019455396881
0.10054275614174363	0.7642374333393944	-0.10828642811208405
-0.18797562582759206	0.2526777829511457	-0.1700326951279567
-0.9847552298504537	0.1278114187860266	0.013357464869592061
-0.3553828576805515	-0.3311189653365829	0.06395908021668002
-0.2779528537723137	0.29393685931423474	0.22950715997551202
-0.6745790368406778	0.09291924328035191	0.026226696681713044
0.6124670223453821	-0.18019059437723467	0.7299553237001563
0.5933358968220668	-0.18604168524661924	0.6800069226608191
0.31762885692067416	-0.19223079159361275	0.30738834852414193
0.43142395674704975	-0.13568292492353679	0.6905435901130397
0.4951869224740259	-0.2202179059127088	0.6106988893217585
0.5832039428138417	-0.3734633364718981	0.47791542923103714
0.5513214105512627	-0.2282061580323117	0.5527383699693428
0.22982735045196714	-0.19238209865360353	0.3881810109757894
-0.13110165088281336	0.6771111832565294	0.22487681342919896
0.29377275844322126	0.7800928177213629	0.5361882704963384
0.16700714705060846	0.6108673720466261	0.42388586685922636
-0.14626257371090565	0.7664514407073207	0.6228285286469694
-0.1470470065857569	0.7447425595197877	0.5928851654175539
-0.21138656526582003	0.28930755073299824	0.15882301572650803
-0.04747078201840025	-0.0895739154312621	-0.9750946944697334
0.20079640655247707	-0.2708147565043224	-0.08948995139027795
-0.13435003298740916	0.6063682536647197	-0.23405699921630557
-0.24773948173480528	-0.24803380438158992	-0.03920934653413215
-0.10886089304794826	0.13945888400451958	-0.2506587838204574
-0.6960560074427238	0.2637034860821733	-0.54273572884922
0.09995255621246724	-0.21227743328385945	-0.04422073912299364
-0.19092491631629324	0.8406426400961915	0.5018043521490337
-0.12115385016822391	0.585955238069008	0.43055366852937377
0.14197648281263012	0.1335608107089561	-0.15285981513435112
-0.34954842827193855	-0.7914236659844763	-0.4432437639115208
-0.139841989868384	0.24977163436532757	0.18503983084156284
0.14245578735788245	-0.40864222523415145	-0.05761679091473505
-0.17431103140386367	0.3175203682626483	0.2273761931511594
0.6275607694056685	-0.21657917482148645	-0.6871502695825016
-0.03713108869321343	0.3809037417624508	0.008798368112060188
-0.2429237939737943	-0.3527691770976823	0.02425039403706655
0.39352371883179577	-0.22728644879885293	-0.2850063178095748
-0.4271164176786651	0.09151181514338708	-0.8244011815515847
-0.5517677093344847	-0.8283475676170587	0.03268858197300418
0.020212429573340414	-0.4144615751244002	0.0708374616922612
-0.4994729206939134	-0.8312137811610546	0.018247374662220258
-0.6188987289892407	-0.3572681484065153	0.6883749196291327
-0.35205408268922866	-0.41119473996655737	0.08261727033599281
-0.22486586107846504	-0.22902757031422896	0.36815440046232123
-0.08123296050166649	0.550800296756243	0.41933986076924856
-0.14432327762557912	-0.6739073991373997	-0.69538771156527
0.16502448279728849	-0.3057371647670442	-0.17027824375115916
0.7010142983690599	-0.05370015183883175	-0.19646260347857317
0.7633619738669524	-0.4013459990742892	-0.37213054999487816
0.49916181759973327	-0.2736638466021964	-0.18709839768170727
-0.28797743424728883	-0.9490811103932922	-0.08048742504783608
0.07088963001905926	-0.45871175668664094	0.0003423543337530883
-0.7534481730369555	0.5595261840551186	-0.32291461475453603
-0.5211478497523898	0.30928446760792605	-0.15790736983879175
-0.5302438230833129	0.34031547281611385	-0.170801768861347
-0.47598239846066337	0.39311523979780355	-0.19213330220653974
-0.17169588254787382	-0.5744137347967739	-0.7700443662439438
-0.30543704491879975	-0.3771650627454902	0.022101538269744377
0.12461543751143611	-0.32591293385521575	-0.11488001117013995
0.24372953239688758	-0.39802395865026996	-0.8538547634881198
0.5189655288635467	-0.56984141711999	-0.5515276362665376
0.32548609516984106	-0.38893363713787077	-0.2641493574707359
0.10939813798149882	0.0861553671952688	0.763755057641485
0.38631887147630756	-0.21363944066984566	-0.2374667411565535
0.6371940736831911	0.03866479671745791	-0.299915148010187
-0.44208569955657195	-0.542920821343776	0.7064315175686178
-0.33398272724873984	-0.3737126096367433	0.3678436126139184
-0.45872710476202044	0.3015771715476064	0.5310611601384272
-0.19533587721778597	-0.32670331681457665	0.39365057734426523
-0.10384102355756732	0.5862806910943134	0.8010529352987068
-0.02072621540512982	0.17951913636631078	0.18783925217051095
-0.11591568113266146	0.5604374736870174	0.7696415658329782
0.1396913452013139	-0.03252859957627846	-0.3075067764862011
-0.07896735000866466	0.5791490935444402	0.7202931071126043
-0.0029057984076950117	-0.006900180563700027	0.48354434656476425
-0.04883614364794814	0.3399537917457016	0.5500527965754418
0.7662210052147832	-0.32699025858259395	0.5459132653258273
0.6161925400561479	-0.3693889534774344	0.4696623857992958
0.6095623306193534	-0.281011982164194	0.4838447849806175
-0.3384001500551327	-0.39463834326826913	0.03518911103762746
0.6147209641589961	-0.2776081505955273	0.5080268405322195
0.3750062196590828	-0.2623862554947975	0.22455944684682047
0.3275301334563148	0.5783692782317438	0.39287716541122625
-0.35845217350364705	-0.11342497108491566	0.8514635557117961
-0.28796586047170936	0.23229555116103576	0.5192429843722806
-0.22530446145481495	0.04665557946349498	0.6526146595745758
-0.14572183995705276	-0.11037604925309313	0.5312916073562609
-0.6785787203550074	-0.5987795271148859	-0.40582345961054817
0.05393917784840369	-0.2820078162742621	0.013360310372956817
0.07120021203998755	0.047838034321577697	-0.24410558121194867
0.3717820969211326	-0.29397971476499707	0.31617257917019925
0.2936967013096305	-0.29284366662494055	0.28364202338948935
-0.2447289305531844	0.6681258709711231	-0.6206392166542407
-0.6693543235216507	-0.5990870833549112	-0.34780771782323766
-0.6938499059862325	-0.6467995261961991	-0.1826828031510453
0.7340564814248203	0.4062809252419737	-0.3690981018591541
-0.562009073843757	-0.7611678288779078	-0.31352189600487207
0.12241228557141047	-0.3368636632035154	-0.0543321492528003
-0.3660878292643636	-0.45477498403797034	-0.021010173515633425
-0.42959336539550613	-0.5454318930751076	-0.3305508929093226
0.11292181600644499	-0.34665604306146824	-0.029005273312273875
-0.5217214214838531	-0.5226790005535366	-0.06202170916451701
-0.33946266965204447	-0.9160861041032344	-0.02727963303469397
-0.34192756729595436	-0.7732821982465902	-0.2963244031300766
0.02847590423515524	-0.4362247872227597	0.023365873837698628
0.04399900186989	0.2137627020670341	-0.0562043078984109
0.7415896860468315	-0.5315544621006096	-0.20963216664036538
0.7496621922290878	-0.519329634583729	-0.2514055919775146
-0.1642552181134981	-0.31089022835136937	0.034199924033823416
0.48465090641789116	-0.2809775181206267	-0.1383214358225183
0.5435859000623069	-0.40183749654016115	-0.12909954067426746
0.1846840566470993	-0.9174641191177864	0.328976056044161
-0.07884156933933932	-0.33477411385117684	0.5719046795072209
0.057314220273576286	-0.655264194948358	0.22966525784749275
0.17401358815679255	-0.500551429157429	0.17113579392419848
-0.557570895393627	-0.2814630591258311	0.771411460560435
-0.42101772509002156	-0.22783050418116996	0.4564944664408796
-0.25678048684670063	0.07924691953022009	0.5694594517207052
-0.28412412497658074	-0.2161270594785243	0.44091655648419925
-0.562736185045988	0.6013406708129652	0.5506987418155881
0.31076044821365995	-0.16619577900159552	-0.9311641703775849
0.1931657447009078	-0.24273052884634652	-0.2098211715159543
-0.24796884373637715	-0.3160637061688969	-0.02273158097798025
0.19576030457910756	-0.1494987086147305	-0.7008560997211538
0.03719242982066598	0.6908564213994005	0.7197490003842315
-0.04128155064327156	0.6221955898492526	0.6701192448294621
0.04698596429756486	0.6949828515260438	0.629086510379087
0.216427703939819	0.27699721647624626	-0.9307476872169597
-0.23476967385040876	-0.2635455359937805	-0.007184832849501621
0.18086717419297052	-0.16696261812573285	-0.05948424439260685
-0.3865668497377692	-0.4142422981575089	-0.7841371303397028
-0.4298611268791995	-0.4316419906119215	-0.7625751049909205
0.13817286505473894	-0.29675421785435513	-0.11054357526532146
-0.4650910788058351	-0.10905642810481904	-0.8644207782812057
-0.30084556830478654	-0.06244120055033397	-0.9219385922113698
0.7888096124332007	-0.49357677732433647	-0.15397120920941257
-0.4541915418061706	0.1546393509222826	-0.820748226176826
0.7988869398704644	-0.46110401182830124	-0.24373711325142847
-0.33678364746006056	-0.20460824223578952	-0.894883400633013
-0.49168382854745263	0.03566081457490165	-0.8297754933730194
-0.8125925436233588	-0.19404609498166644	-0.46494620740209525
-0.5585128599647239	-0.6198423389207557	0.48207684384521754
-0.5605422570152767	-0.115576593464774	-0.7862640480925476
-0.5100055731462027	0.02404724196393444	-0.8285361031500081
-0.6426851679977711	-0.02898138756964452	-0.7178339758607905
-0.6620406298812629	-0.04447928843454075	-0.6843794578733595
-0.5799953481558918	-0.02100351946088999	-0.7777935288028887
0.10060230453287822	-0.2660345636610608	-0.04688229668156043
-0.5687640099928143	-0.06274738412429254	-0.7789166780511844
0.45823356379897046	0.2368999129062525	-0.778962323504105
-0.5187427186246375	0.17832893094311733	-0.778402698797462
-0.8578470389056807	0.08812842081772071	-0.39500682134273774
-0.46689343967641417	-0.12510625904305228	-0.8616386525660752
0.14123469307214143	0.3350915637579511	-0.8682011410789009
-0.44733996392485553	-0.1039131047231424	-0.8575576962407595
-0.7261442972948767	-0.11488017731866353	-0.5839135106441145
-0.3436365484535354	0.025623549202694808	-0.9044933291553475
-0.555212189753242	0.009189515643478011	-0.7962873360490702
-0.5311902125837529	-0.2709877814035297	-0.7718561241802002
-0.062063211230472815	0.5002709934254012	-0.7995593073099527
-0.43559648358455566	-0.0773202211024712	-0.8835403093147023
0.9790172821155363	0.16595200096032764	-0.05042046246871836
0.8475236581971491	0.140090882292413	-0.10744603274706219
0.5458976231886301	0.022542625457291483	-0.04500721694146736
0.2912905592456375	0.6953710872068816	-0.5501673036243253
-0.29916798413517953	-0.36492990152403865	0.01346949032243669
-0.1058073666853951	0.5646512692860559	0.44469447887017494
-0.003934078519058736	0.33506364664493765	0.03546532807993754
0.2211191590145585	0.41113726759740854	-0.3066406059872133
0.5249147516999287	0.1601152770525195	0.29843060310196845
-0.909583267439299	-0.4025676799209017	-0.04822379492080901
-0.31812845928751315	0.3023619837711186	0.18159411238659182
0.09022464612280413	-0.2745127199446128	-0.04525570016698558
-0.2698736109059885	0.17745559245340187	0.9380945604337109
-0.19040418415499583	-0.9053646245603886	-0.37552201764885146
0.13129776599933687	-0.3510248234672223	-0.10937832112643428
-0.08090340208158267	-0.7413575199173651	-0.6315636089631931
-0.19635888307482793	-0.8850821631256489	-0.3671620509833157
-0.9907626084524228	-0.03589286512314162	0.05679371644132527
-0.6420837519093565	-0.08142827286780994	0.087180145764665
-0.6139361270394821	0.41109659880942745	0.2793964425890079
0.14898363994663458	-0.2607262028515287	-0.031618863414258895
-0.46263343658770467	-0.8610553349228286	-0.19613933701645564
-0.4710419939340869	-0.8279109612240555	-0.2120138015545715
0.4901574766571142	0.03324348981520303	-0.3439004875605067
0.6650636131411792	0.14839206903433563	-0.3309921107330096
-0.691302790090954	-0.3128286397934686	-0.5591196284692952
0.10772957897620122	-0.2927095534467511	-0.0894864696890297
-0.3493570960420461	-0.3321264258621248	-0.013898066948339775
-0.08246111094313528	0.6683791254939361	0.7377200682053867
-0.059581208868887174	0.6252867919585995	0.6710401619817645
-0.09298666857823769	0.6355705489995814	0.6184216195763175
-0.09958379254512251	0.6901179947924593	0.5953981540736928
-0.06024907570382264	0.6513255567941303	0.699220591247821
-0.13905333423229674	0.2466485734389984	0.35169776093801375
0.021404390403941605	0.7977894744379441	0.5985464773925628
0.008391693533421157	0.7704092266311068	0.5648600898210714
0.03330745424587019	0.7650556634672724	0.5606983057688095
-0.10928454099039937	0.3377049591616771	0.23958386940485127
0.6034637136593808	0.07829666756179567	-0.786597431834509
-0.28875435272989897	-0.3864987566576178	0.0682007204983319
0.10919565175900493	0.10273133792860199	-0.2777272723480528
0.4045461045940293	-0.11077452212237546	-0.3034096927220923
0.09792465857780772	0.8543186165751755	-0.1293204995307882
0.7256317818886828	-0.38153625509983524	0.5679784049777769
0.38516080496299315	-0.27217719418576547	0.1939053213830031
0.6057798457560073	-0.29453912163758955	0.47548556766672867
0.03787459609592381	0.10458580691079848	0.542221248187947
0.5612478685729222	-0.29723387986177996	-0.18774384180132161
0.043390416510114646	0.34679847917320483	0.25118375277894756
0.23016526674057353	0.6421633012561345	0.3278071729129581
0.5161821347340239	-0.3173325820598619	-0.11773155292440154
0.6920879641365618	-0.07197621821368354	-0.14702115423532952
-0.20648746068499277	0.8216733293378804	0.5280822518072784
0.02914170784742015	0.4226676302235684	0.17411710632953925
-0.1548820362704982	0.7617084095773822	0.5208976923272198
0.5844891096572955	0.5861731705556279	-0.5461347815593813
0.40102845457834807	0.3275696695478667	-0.2811196721628523
0.042389475614531685	0.7318789304569716	0.2091121071219908
-0.014035020830267792	0.6979969536083466	0.7138724072631547
-0.05926526568567918	0.6216451011259093	0.6344902065840217
-0.10395491508656578	0.6671276238369851	0.6303897659793881
0.09072853578262875	-0.30370198167237	-0.12913653378025614
-0.208531757937373	0.2381867193681638	0.18981633213799745
0.15169280382503372	-0.30788484674926364	-0.12185446245346743
-0.05149088027247131	0.28617679044587374	0.07724900779364442
0.2557102304519755	-0.22950126718760583	-0.16487774732773455
-0.24943907407145552	-0.32656699249037036	0.04387003801990631
0.4422304914204092	-0.19596771218976947	0.28918875231584207
-0.07509962220626784	0.6992900148320775	0.7091826011877871
-0.4564653913375192	-0.704520049979555	-0.5369405024034897
-0.03051568739901734	0.2157660778162204	-0.9329576251582642
-0.4458784666771013	-0.68779578735686	-0.5470563587806403
-0.2405607067352053	0.6732689146284129	0.22103298749352393
-0.010234303037452246	0.24257356220433493	-0.40075888610436006
0.17723735414861602	-0.3335314038261608	-0.1642485112192911
-0.26807398749585265	0.6263586326061954	0.7228662623504155
-0.1408827283572477	0.560430440806357	0.6068669142862346
-0.8779767026202341	-0.46547274528649735	0.05750412724080556
-0.24960232768905677	-0.30396819720610085	0.1305271962383367
-0.35410485545707765	0.18409832787975258	0.27576937631729304
-0.5554988417444455	-0.3372489107106366	0.08360481305215889
0.15026811465768616	0.16043907970816687	-0.9363056365933052
-0.2235015844655072	0.35983244784487123	0.09088507296745843
0.183131742054036	-0.21130340650800766	-0.14968697306781678
-0.3077590940126064	-0.2870519031688099	0.018393291418567524
-0.19856682034665957	0.2792929856875238	-0.6232396152726795
0.16541285497947752	-0.1758301468061338	-0.10605919550868288
-0.3519057168982767	-0.304061049707374	0.00977802799157164
0.2246034873950393	0.6456448382159298	0.7188649027589615
0.032011463977613584	0.5026188599348944	0.6085152679469483
0.3492206148246313	-0.26268359816973263	-0.25026270433794745
0.6530233122549999	0.07206609505338213	-0.21970471769971076
0.0723880828717543	0.6832776215312087	0.7239414530532717
0.07136420080883502	0.6623731185016032	0.6891996871097088
-0.11447012489217466	0.25022521334104597	0.41719824961460056
-0.4172950281837198	-0.2632678847312504	-0.05773387566086225
-0.14706090380471687	-0.24965541794291102	0.47692184920616504
0.09297304145109282	-0.24224087156598442	-0.07218462541150457
-0.2046276107650492	0.8942805161910686	-0.35635107915154207
0.1922709972951899	0.6268621653428955	0.024175544024549193
-0.08494880657296573	0.5887690611296128	0.05164669795345541
-0.1060879450658362	0.5567346838679083	-0.21848144262608346
0.1423011871453278	0.5854636733528218	0.6630769654592231
-0.5391436365721574	-0.7155960969859275	0.4333473935621869
-0.23615076381928568	-0.4631649950675916	0.2526847373458154
-0.1772733010650488	0.1810934868267051	0.3219902775748898
0.0884123694191896	-0.17976291227756014	-0.14753816877368034
-0.2841655914680696	-0.24244051576136952	-0.011107046091739509
-0.012998792751060799	-0.8520316365291146	-0.48520435105888926
0.14801524499913177	-0.40655506935201935	-0.08625300116766249
-0.3507251202967254	0.3741080231487863	0.19187525064870817
0.07442984216900166	0.610596941409934	0.7860755235276882
-0.20119659412959856	0.13510762845465255	0.5845953460970582
0.08939782161170812	0.5753898835980307	0.7340016743202158
0.0058221445619004684	0.5860301345305817	0.8078066360750442
0.02031523235290924	0.528650669491085	0.7811328098815362
-0.05047213765833458	0.559145427780101	0.6026765965355593
0.036076640081310604	0.1787507121164203	0.4677842061352559
0.07061985521758862	0.7500822380003636	0.6540295623674591
-0.02862504940741382	0.3735611228967821	0.2003024647623966
0.05091850261669385	0.4278379764821018	0.42053415877058536
-0.08906276300542394	0.3584771923632691	0.19238147401451497
0.4018573177641131	-0.2640829616392006	0.32391641084750594
-0.258818085327736	0.4377793597665318	-0.799214345305557
0.005413242297117486	-0.20191714451033071	-0.03419813528407087
0.38718741871659396	-0.1696739173893888	0.366655955595014
-0.1658704520109201	-0.6587233524925926	-0.7293135771577427
-0.1985291654615747	-0.6859581662714973	-0.6635042485466994
-0.7007634442366381	-0.6187224563172744	0.33480571923327324
-0.07245722417354593	-0.3532161084139726	0.16928167959463203
-0.634507625319554	-0.15095886393310215	0.679982112754761
0.37796220147344567	-0.02173565955015218	0.25715829791108813
-0.19652078422771838	-0.31083336118750027	0.00875753123093565
0.2914963551434772	-0.3057116648559546	-0.23255730756386697
-0.08614704601658735	0.45819348642677127	0.38880592554094767
-0.32330411444519647	-0.3892605749831949	-0.04322185505399962
0.1131303487541403	-0.3025370687393347	-0.06937927022365545
0.19941165071688224	0.7726178192148166	0.591381345417776
0.0944597830107177	0.6276565519105566	0.5407832302586719
0.1716843150941242	-0.7633693858830486	-0.6182795348381777
0.17969629712282553	-0.7125274514716182	-0.6413640259762633
0.685272740981085	-0.26843369695110453	-0.5769338792945655
0.10432922545964933	-0.7348902740361721	-0.6326368731456004
0.28469006034344585	-0.7162269796740335	-0.5937447903116148
0.6655732850666083	-0.5074038762535219	0.5015824321376703
0.13417429004269762	-0.8304551223673584	-0.48606072127501837
0.842134132406551	0.08763310805433164	-0.40819629027660026
0.16921868482141045	-0.3939467375028931	-0.18152312324903597
0.18109199340779664	-0.7734646937773221	-0.576095653107323
0.46195977276175365	-0.10876387098112716	-0.8317917147843132
-0.30194481905494513	-0.3655183759671891	0.004463236463913258
0.13066784464217268	-0.2666517128446007	-0.08825332558280548
-0.17104723584689532	0.3709208971774385	0.12516462781075016
-0.2709969141718082	-0.8865902939119276	-0.2834972699946327
0.14388299488012285	-0.3363960455256236	-0.06230962828060493
-0.2071702245655634	-0.4638591539807155	-0.0024358229229557837
0.16347501261915673	0.923102035405254	0.33424517936474135
-0.07442162498749948	0.27206281553467015	0.15511127074626974
0.16293927640307537	0.9207134494423901	0.33353228232964965
0.1556925982007805	0.8921003985780458	0.329091180434408
0.08665640766744312	0.3787489764483041	0.1981156911190706
0.1534128882693697	0.8908827236050052	0.32630777362903485
0.18335116953808767	0.33232230620078873	-0.05026463992053482
0.11500857167277763	0.8071349248460321	0.03156720163825717
-0.5095223377426401	0.2752881955445122	0.5111459913099571
0.47759296127954276	-0.7945548875200765	0.12479340577570508
-0.2120250762512598	-0.3982118152958709	0.027849727163689227
0.3464309903292125	-0.5474423826480552	0.0562265241876963
0.35788190170222495	-0.7483596816621026	0.4469708052519777
-0.21996180502616494	-0.37215496581169966	-0.029312044078247588
0.185367105260193	-0.39220225579670376	-0.1545860924530194
0.7476636791937131	0.6490396164054538	0.014319497129440032
-0.2440772241761545	-0.14497643985861258	0.7129150266615949
0.2901379616165529	0.4472420440082089	0.16032408900065953
0.6602391973898694	0.36610924743834067	-0.05638460389999497
0.47692503017879684	0.34818607879816127	0.007807345950122821
-0.7702847710754624	-0.6234072876707453	0.058367499594051395
-0.2938221931207049	0.2815168343409588	0.1837301711971225
0.051747936667393864	-0.3370001555981344	0.001845361005623969
0.031877242982096154	0.6078779542638498	0.7904268871654004
0.5888047979945195	-0.3257198273034052	0.4834537953809527
0.37840446849882947	-0.36195137954548634	0.23101375530748786
0.2618707733812016	-0.3700823735792929	0.2884545980701752
0.6302853696655413	-0.4506733597855564	0.4678060795810951
0.5705685253192196	-0.3161251812253996	0.4554975478418547
-0.024099223792433264	-0.9246412659533583	-0.3716162280959898
-0.026838182381502325	0.1872436733731989	0.2989427030873862
0.14647557310944162	-0.4546800285730987	-0.09229494556914478
0.5280750683181731	-0.7442900883050261	-0.39313911948256824
0.8119868052906402	-0.18939665733801753	-0.42769028584200824
0.18474159274218427	-0.3405955126569563	-0.06012493606480344
-0.9354486445118686	-0.3027389945180782	-0.15437537635761306
0.16574463589045604	-0.26540588398336656	-0.03650757467684971
0.006408420353292334	0.1107841351723551	-0.19059994163428545
-0.6344106252710521	-0.2558337299728898	-0.05432544874327607
-0.3624056995431606	0.21016845508351523	0.15303418207540478
0.16809351284418228	-0.3522348687462901	-0.09252130585547245
-0.2171710559785196	-0.1253312776206245	0.37272014052859304
0.13524446903466586	-0.2589339192929661	-0.16922587345300766
0.5931198533582073	-0.4562557992031463	0.6558436424304994
0.5735460692270805	-0.32257572970548337	0.51958372974528
0.34744321013893303	-0.31689690762402306	0.2740690913345677
0.5677996012371517	-0.3266093804417237	0.5223417167640642
0.5952964668800973	-0.3834998736380223	0.5164759776362107
-0.9449272681389452	-0.22818498118626274	0.19909880897629573
-0.49243910423441734	-0.14559530562199147	0.14933396840525626
-0.21545288045871677	0.23788218804873928	0.9344537967170011
-0.14401954621572566	-0.05771976334568347	0.588443730479075
0.9288546070030711	0.11578143472577121	0.31319713540740607
0.5035661170886497	0.011825947452396424	0.16108187656128162
0.6032211197681816	-0.11919212764395998	0.4773452909529747
0.6219224268173215	-0.19045448169703333	0.39953576256050066
-0.16915777569714024	0.5204661425913516	0.07922815256953925
-0.5693903317464032	-0.5330674602642954	-0.5715587573065204
0.1685521852846566	-0.2537693741360795	-0.05968966062723273
0.30780551842970955	-0.8648274789370688	-0.3152382373760768
0.25268327236922855	-0.5379268604921835	-0.13775902837554993
-0.49085225397030724	0.7684334553281786	0.381988261767532
-0.2932220749682561	0.3329047487274897	0.026957557946205676
-0.2881652663071756	-0.5555834473243633	-0.7334963827595918
-0.29429623349792566	-0.386853838842763	-0.03692372431070005
0.1679451979162076	-0.29711443589665654	-0.10115208894165473
-0.8041826133624234	-0.4588591674364785	-0.30002478787540626
0.039523263820520925	-0.2575724838893932	-0.07087477672759794
-0.5142614807554136	0.5333457673066551	0.2593813037544701
0.6273740506966199	-0.3402695020050325	0.6916685008073172
0.5810194183018603	-0.29494908001613246	0.571907544578104
0.17886132731978402	-0.26151757627213745	0.32638071261293183
0.35372228437655373	-0.2513670344482715	0.32497684030991875
-0.20520296148356978	0.7420755421628497	0.6359984361453617
-0.11769957227267816	0.7075613185867214	0.5351650509511824
0.5450268779827445	0.5394143619362579	0.6244826321437088
0.5595583666424319	0.187202851716145	-0.23862045166485232
0.3242590964693249	0.03422573893730626	-0.3280821588757882
0.11271539701926994	0.7357009010403575	0.6642659197407111
0.04055153241226619	0.3552025403611214	0.39185640522790605
0.21782680808045074	-0.9388424365100788	0.058024220269853176
0.20826378045914404	-0.6708805483196995	0.039598074798391024
-0.24136845662222436	-0.3143093734874567	-0.05622262384328071
0.17047833273124102	-0.2925063211070947	-0.20677617491402797
0.17834424644767652	-0.2319473762962702	-0.052707066951369674
-0.3388533934810558	-0.26089848914825636	-0.037807183389101016
0.5357440559647331	-0.2102444865648812	-0.22489684026635456
0.76158644192637	0.09786047290141231	-0.14336737249875556
0.16211909283577935	-0.28287125509389816	-0.1400058875791256
-0.02795728529257608	-0.04977668369843348	-0.24637250000415215
-0.2552173165200023	0.2731615875824918	0.14710997582083493
0.08275313335950615	-0.42240832799683853	-0.009249149193639339
-0.30387789944428384	-0.46509258452110563	0.8249560195948518
-0.2620067036373649	-0.3617720994999951	0.41328515561716833
-0.09030498175720857	-0.3167016400111753	0.42846583898703783
0.6619502253419635	0.525350514053244	-0.5207649658527969
0.44257829700827656	0.3057658843876614	-0.3113769916987608
0.5406604631796832	-0.5765009601675911	0.5998658788422573
0.017201838456251683	-0.16637325990910212	0.5902427270318568
0.3084678366612352	-0.3855120045855206	0.2733053697885486
0.5340399215855263	-0.44851765762747564	0.49427669516657563
0.515059911570687	-0.37812234934232525	0.5075385743106406
0.5286853145336771	-0.36129909851228587	0.4802875779270963
0.9464263615643329	0.2518470506027863	-0.18319919383195604
0.5101971805808101	0.0501102303473835	-0.10490628764980908
0.8379177813650701	0.19548206465741422	-0.17304182081705985
0.10518628982633016	-0.2533737451984506	-0.11828577429907533
-0.29075711964365486	-0.2846877649160185	-0.027251039512530627
0.17785284297374174	-0.2393752903656536	-0.10409136391225358
-0.38151437321507264	0.5263916567202533	0.04331913732171487
0.7401125975016151	-0.3926495204281222	0.5420107800880728
0.6143632749940076	-0.3059696726194053	0.4895966080578268
0.3772089889557731	-0.2812667982209666	0.1958287862848263
0.629066515044009	-0.3002061251060401	0.5018745441445799
0.6488300338444477	-0.38040403693491026	0.4836980018968629
-0.7233259386216678	0.42706433962739565	-0.5310339661074909
-0.443187938861132	0.29794401713052415	-0.26888872793697377
-0.5053935667484882	0.24087188751132205	-0.21523621637544932
-0.28788886041521555	-0.29737189388964336	0.9046944965112506
-0.09190776079417878	-0.17669605564538776	0.44706422998143014
-0.34674467081358307	0.531309166026533	0.4064624742524738
-0.2364725452748963	-0.23958685752290515	0.5347053157834315
0.5480597498238415	-0.4658872708601098	-0.629114099412677
0.3849332702162481	-0.35707694819220454	-0.3260558516623694
-0.22413745169215868	0.7673356173075963	0.10036288362458481
-0.4603134687602133	0.5383032662571374	-0.6599179538850838
-0.27202637812803404	-0.3801403609636272	0.035484665552581854
0.16522092477440076	-0.13190174588597722	-0.04877270596270624
-0.2771008935075373	-0.06167870241186646	-0.025846753326679038
-0.5422919481827617	-0.16503189977736593	-0.04178709874730409
0.8458212079376504	0.43652789552239785	-0.2824553957727716
0.7501482864746514	0.2761223346167629	-0.21297618878537447
0.49573618732731317	0.19220763997201082	-0.15376261581258996
-0.1589548731143329	0.6674298091191992	0.7257408073178829
-0.17473582270257682	0.6777230357206788	0.6472614492867848
-0.004179898550493755	0.7513504572609998	-0.6529999948517154
0.009346549375657764	0.7495982903362522	-0.6417047205729611
0.011360745894808452	0.750645421904386	-0.6412168202102286
0.054038222318945735	0.4293432014763321	-0.31840542714522313
0.4778010111890131	0.4955195634544905	0.7085755873906469
0.35947951607800827	0.1229411380411233	0.3615900741339755
-0.21256267227149367	-0.7135295400819351	0.6595421115724689
0.20367758643811087	-0.33526244651413384	0.45609785836132405
0.2192463377868309	-0.3363504951740781	0.45738653283860276
-0.04530221761518056	-0.43528116727969074	0.370525378705807
0.17381477591062922	-0.3697796976058081	0.4469564177818802
-0.2102530992889227	-0.06567140854297797	0.5787865779516372
0.23328687112576516	0.05302032909753909	-0.24090812608573706
-0.2669018525933939	-0.08064345698423107	0.4855285173448451
0.1750978502921293	-0.26966770393321254	-0.10119488575069957
-0.03993971994166117	0.7478267271546841	0.6604431191315306
-0.02974015186434401	0.4768801909947497	0.37692768991216363
-0.05151853620244746	0.7365545656661657	0.6196600015043942
-0.012921547524494006	0.6917007695507339	0.6465896002037027
0.10997513233894668	-0.28627884990302804	-0.14124756075406672
-0.2514477679829812	-0.3351930613141969	0.0261215223901492
0.24066169215604186	-0.38077511604740655	-0.14972352740583325
0.0568699835760509	0.3781311418744497	0.12342785306719785
0.594960669387037	0.42187286618996994	-0.6014883018461188
0.21835903985804728	0.5177811305541877	0.20578312422299647
0.40630245074044735	0.20748985617902857	-0.34028288931336254
-0.20209491461725124	-0.27397747611791	0.003988835082829242
-0.21547340434392853	-0.9610775363064668	-0.14820149986504746
-0.41697199601535273	-0.47175527919479954	-0.7688508948277402
-0.35220933241567515	0.2997921532195466	-0.8391994305541577
-0.2143412284544285	-0.11766894062326999	-0.9389393965828895
-0.2969805997118021	-0.33640317579690954	-0.872681918751819
-0.45579659549234935	-0.3071278703790984	-0.7851409774038469
-0.5831473510620503	-0.3406555897987882	-0.6873268759518841
-0.43221536942567423	-0.5883904735082793	-0.6433411328770724
-0.5505212625129381	-0.3916016014391101	-0.7099608534057241
0.12904010264920052	-0.18610920742419135	-0.0953423635992316
-0.28852474696626074	-0.2666195168832393	-0.07030793394166941
0.19337616532528357	-0.16800108714045617	-0.10792934736558205
-0.25855227580157586	0.7684589003678988	-0.11043740358361702
-0.26547937655846976	-0.14597368323990542	-0.0020686134718807658
-0.33216868374894065	0.6999462989722393	0.6287964761509435
0.44140551793048255	0.864096716966718	-0.21697372852383037
0.31212981118386235	0.5246268149636324	-0.14797926127695812
-0.23537061124087458	0.283749754543979	-0.8737909827852115
-0.2817128841613605	-0.27081709857821135	0.04547742671879371
0.1396497577646506	-0.2147602501813078	-0.1265986386149539
0.5288469514079941	-0.31018660830338163	0.7805873294263307
0.29293488850774774	-0.248471277772964	0.4288811150468063
0.306843826878015	-0.14535257379575786	-0.2884810085973155
-0.21765090925382471	-0.31235195960879997	0.01446355448349482
0.2556013904131498	-0.9581213277295516	-0.04694479715970502
0.21986395017456056	-0.6048029485671735	-0.018224219980974073
0.6503194755846387	-0.4543541592837757	0.6027106360297102
0.366003022370964	-0.3384085431999012	0.2844487368921474
0.6117760337303473	0.11419384497182393	-0.29307061004337964
0.2997886720984728	-0.20820358086261523	-0.28902625808477267
0.4472683873550744	-0.23491711261381074	-0.8553911156323754
0.31621493992588046	-0.23276489041446966	-0.24321991061332765
-0.2680901760579601	-0.35608576920682466	0.054894305847641545
-0.10909634926016196	-0.5444047799674426	0.8264125765134699
-0.05328339896614424	-0.05399514652657219	0.8103249580906159
-0.0036089981965951906	-0.3722196856129761	0.4839170266602107
-0.18509243836022762	-0.3398203607290988	0.44445897982787447
0.31124866716495597	-0.3130249735327493	-0.21038658682846836
-0.23446668976723378	-0.2589814696555772	-0.018143545841677558
-0.3256292789817177	-0.3350612533767143	0.04585883864904717
0.18944217421945225	-0.339108083941706	-0.04680930170609738
0.14445390907719544	-0.2692176165680997	-0.0774384747202281
-0.276371010822889	-0.2804568409200859	-0.05408703631324274
-0.36781793324482676	-0.3103103489088452	0.8693695601502041
-0.15973151686564435	-0.2010509812510591	0.48573875837474556
-0.20122819832934208	0.6125663724791411	0.7615673315030165
0.10866263254213201	0.3894672295234355	0.27622848703551023
-0.23256220155743318	0.5875818361053498	0.6962333296242403
0.18140258491796443	-0.6061026187671481	-0.7704255880724575
0.16052427884428686	-0.6008453802156141	-0.7579675435445916
0.12329954147219097	-0.34589385199301687	-0.05084161827176372
-0.02196162079390128	-0.8781533733026992	-0.47248286115879806
0.28646066540304	0.9122308067291711	-0.259508629376454
0.18333495677908668	0.842929970813823	-0.10808010171193813
0.2226957446295105	0.5801310366006145	-0.15410742120384194
-0.503922776743926	-0.7078187065295066	-0.44002816403080786
0.4659711187735492	0.523371091523246	0.6950448992018837
0.24401418382289386	-0.30790777971442507	-0.19889584674154462
-0.2599301878695802	-0.32988550700355174	-0.02124201240392965
0.9586232146658451	0.14192236320275614	-0.2268868109629365
0.8343844018274551	0.1517895243998871	-0.20193776619505582
0.5436654569882777	-0.011905125962956226	-0.10507827217228395
-0.562860351352078	-0.8227498748671439	-0.013466637041400447
0.061211592889532734	-0.36634067699385664	-0.017662725177881797
-0.3032737688574996	-0.4366743557586283	0.03393187988085276
-0.4609663785229218	0.5220043405067482	0.3308796523172516
-0.5545264290378729	-0.45895270187895915	0.6841924089821779
-0.20700007385875036	-0.2828329545292157	0.3520767668136502
0.020918773078251646	0.7753745959297158	0.18969797724153295
-0.40311888756335784	-0.11635718547216847	0.45754366074409397
-0.4650129415560935	0.01863979704739209	0.6929599581439432
-0.450027350442825	0.22793020093908445	-0.28623827470995106
-0.30482890997794154	-0.26244687891624663	-0.005054070948332092
-0.507838825956808	0.429044469095204	-0.054305884858710754
-0.38952455960659643	-0.17277650395992797	-0.04864502216834686
0.12282438412684571	-0.20629249406985967	-0.08656485485286647
-0.1685397531809066	-0.49485608049213103	0.8475456382267322
-0.02293981825922317	-0.31956789126452584	0.4645870570553653
-0.16238228806782348	-0.344224567755334	0.43931368444596675
-0.7189739671044842	-0.6627445711349258	0.1833468596717846
-0.13288693522437306	-0.3652447275486281	0.06367232372829276
-0.22450853248037533	0.21387620076812539	0.251743594930663
-0.14177925873763983	0.327173868562463	0.927338856984189
0.1243829267878951	-0.27762179616727406	-0.0799414971356892
0.047331010716113134	-0.07938285028486432	-0.970205163918247
0.09726008563632621	-0.22188619003704052	-0.12607848236597544
0.28742669253517683	-0.5744828196691635	-0.7624682528205832
0.21208059363053763	-0.37298732823818964	-0.10206121056467207
-0.5128525519520755	0.7026141506991227	0.47495615549360654
-0.26613096532513675	0.2482592478459877	0.21614072687776206
-0.34978180588893926	0.5518362357161383	0.7475212190435431
-0.24086152898317248	0.4799568877036821	0.6277368226319778
0.22807730887009242	-0.24054579451500702	-0.10012144354090866
-0.18927546170683496	-0.2822555715856472	-0.06175314771164198
-0.1300698156067329	0.522589227637284	0.8389260432630237
-0.1522321853029289	0.4840473064957535	0.7732700691232667
0.38954347354267976	0.7692015408606805	0.48180349938979666
-0.13439076594609664	0.5048188713810215	-0.3770301967935871
0.24876289264332038	-0.21156175765837482	0.3297888604272446
0.14797622924347448	-0.5187772285988441	0.2926919133290512
-0.24433642055728347	0.622183501701411	0.2939276899051129
0.1378313801917281	0.8154254286212652	-0.029255714895650854
-0.5569753603202425	-0.6926804102172164	-0.45026617237791383
0.09722763560942484	-0.9807722672230919	-0.1428124025371515
0.15976043599456116	-0.5442625054573472	-0.05927491887652177
-0.8628906051848186	-0.4703907350384934	0.15215572842371056
-0.4077427872877431	-0.25832146738275297	0.15167694537759796
-0.32548579968073943	0.17984398973083998	0.23928106227505286
0.5043613999618507	0.3296869630426668	0.23795004306504253
0.4570067936579886	-0.3579676696013857	-0.040735295385909365
-0.8879045941865528	-0.23563940084422955	0.37864779214810984
-0.2915289368169343	0.3805086113147641	0.2210273174120785
-0.1682163163593756	0.40322053632473215	0.1823838347911181
-0.4912400225276152	-0.13078694385613862	0.2589354111786113
-0.13057110222524668	0.8806052977083224	0.44631276312209617
-0.14975915520955282	0.7188921706787238	0.38520665280304306
-0.648303475548878	-0.7358560231397199	0.16918340546124447
-0.08400432176647413	-0.3238741275095745	0.07790318334470268
-0.2599117972683022	-0.5691950753181495	-0.7582085857406897
-0.2775997335163873	-0.3252732003889038	-0.0489251518010869
0.12101647465811885	-0.3079845456027139	-0.17611030423382149
0.15760966004760582	-0.3058955078594294	-0.08469003766290137
0.7069729167797852	-0.34903136065965573	0.6103988459168075
0.6283964777606075	-0.3043313342208599	0.5500485121465727
0.28830362832272594	-0.23123577421869593	0.35523932349919024
0.3765704588142709	-0.25222690629977257	0.24300521825101296
0.37269081893528994	0.001009995987097842	0.4558503725172353
-0.029629675142637157	0.7250476949020722	0.6866373442707719
0.18474612002078336	-0.23727953649039618	-0.10382960537727348
0.8415655696831564	-0.09744573690652734	0.5195846515409923
0.7833839547245313	0.1419651746309189	-0.14915722516001229
0.4802782735735336	-0.12574676409986887	0.25418542513703013
0.38913536020046496	0.14500675803269647	0.4125964567912624
-0.23506661054401498	0.661353634988177	0.6672323747520739
0.1301748533049538	-0.3101923007194553	-0.14847536401501873
0.32990699883510316	-0.2765858551914896	-0.2846837510205022
-0.18218305326032164	0.6300944723709335	0.696175436810682
0.4913167891481803	-0.3095914789173807	-0.20973693506097868
0.532942155206435	-0.29567740737115566	-0.25174562086427993
0.7541218858523944	-0.39499163436700085	-0.3735505179750233
-0.00970506964652593	-0.20614417651742495	-0.13267451490882648
-0.21500782981340202	0.45819052950734035	-0.02319732032326813
-0.38797613928570696	-0.3676652032140484	0.04256198921561702
0.2380319897976053	-0.18542997684372656	-0.1985319011921661
-0.2603832344408972	-0.3163043006434907	0.030390734471868935
0.629313519931613	0.14378811985619241	0.7521690818927278
0.2686866544171708	0.6845818074840039	0.3339412305561457
0.4352703156366942	0.04861144194941064	0.48152546462224066
0.34802408535851814	0.01865334564465021	0.4883838227662488
0.27450732541655104	0.693047722613383	0.6513769869172354
0.196927164692775	0.5670911395914502	0.504658986835094
-0.3200507862397726	-0.3150136558103077	-0.03712701198601388
0.11707174746921421	-0.2214924914855244	-0.11893407809131697
-0.36629060000902147	-0.9156695403447602	0.13901941456811553
-0.33992841492802844	-0.8949067824159569	0.15952434926060044
-0.0880665139626589	0.7873282047487575	0.6068176784020266
-0.15814481373482803	0.37794413350945455	0.27436522750993453
-0.04860371464889946	0.941311213170404	0.30143709982411687
0.004947383306553157	0.5959547244488376	0.10354226994626804
-0.5237753416880886	0.7065412617360141	0.45319752014280945
-0.3735561670438551	0.32852110672880774	0.21169717110153197
0.5045097013435739	-0.34850410504583706	-0.10372540186826824
0.20560000295927194	0.8723582979967162	0.4216886881586512
-0.22418849104599342	0.4154114681835035	-0.2291149281649971
-0.02727318079186898	0.8178220357012187	0.01858696355960844
-0.32842778548198914	0.4635138063599714	-0.23753993781714772
0.031098430778086644	0.6274723016363306	0.7334764279515751
0.4651318878021039	-0.3610777179473809	-0.1326536673787683
-0.2814947566390902	-0.5952006028887279	0.7463331325510908
-0.0837820594725507	-0.35799212948462	0.4211391320439782
-0.16179937346064616	-0.3323833452261218	0.4101265994525763
0.4180120986875186	0.36675568172993966	0.8163628864176666
0.09723671032461842	-0.24174141683436962	-0.14297776641075483
-0.041671369179390086	0.5999038825003674	0.7967179907746548
0.6639646280835896	-0.7341242737975897	-0.03628082764385335
-0.01693694456435053	0.372468194232122	0.2268928147454311
0.4463190260854324	-0.5223744097998593	-0.02936603943900542
0.29275807605631277	0.02786624916078691	0.4106436520618977
0.35378962269786446	0.38417447653234055	0.8404448689070914
-0.46652433700823104	0.571761676325251	-0.6699539250745843
0.931725624955527	0.23371373946509363	-0.26201742231217917
0.8281378232018543	0.16737856951699112	-0.20341635068640135
0.5503578043151502	0.06025200599738352	-0.14090426433436984
0.12776208702976866	-0.24733164822899892	-0.03894389611625599
-0.35083490313116694	-0.31601511341606203	-0.04632964536427251
-0.06358082252941037	-0.7866280920651316	-0.5586620891324114
-0.26829194372078446	-0.40490192289177956	-0.02505090810801132
0.18259071117871983	-0.35490153198770896	-0.1336535390748372
-0.24227470540597038	0.49991084867152524	0.8281909042489224
-0.12655696432951757	0.7054687335382401	0.6952249397606621
-0.11290393848562626	-0.8553401887963024	-0.4994286873297069
-0.08499805463337107	0.38158398377728253	0.10672464762550993
0.11527605542801464	-0.4280345783830494	-0.09318030183405954
0.14549887256182326	-0.24093684707285012	-0.11099122302214474
0.48201505322207155	0.5711623494986093	0.6481353272678807
-0.05226242388305898	0.6785388009812544	0.7302204685996372
-0.10604836373593676	0.635171442212792	0.5453345831172249
-0.1091301673193707	0.6624592955490151	0.526639843095807
-0.12476735597730151	0.03932047582117944	0.47321836189712735
-0.30371956885888723	0.6796190515428358	0.6636070532426332
-0.2458593174356029	0.19521565010209782	0.20343166229063142
-0.2845218453428444	0.6642816141303588	0.6195558585929416
0.04697764172235623	0.5224659608654013	0.8466415081356115
0.11636710837987997	0.26973091505955077	0.24592320383161986
-0.1894972152320843	0.573978751177265	0.6399820515391734
0.10720176809184699	0.9249791172598486	-0.3370402507348326
-0.033822720792876355	0.8036076222946684	-0.02275375499081488
0.09844176728490947	0.5834185219490422	-0.21584111854183666
-0.1344743802483073	0.7548802630579923	0.6371176901145289
0.14524326716504452	-0.35197073490277175	-0.0794508721436702
0.6694780957835708	-0.42617158282857615	0.3410610591790229
0.6246150134527811	-0.35362386355724024	0.3531404045671097
0.4898381652799366	-0.36237453207583636	0.14149442703584847
0.347376977571635	0.03272287181425484	0.44201986242266467
0.5661233873988298	0.3904103722244945	0.7098100449420681
0.19150512066363778	-0.354203264872952	-0.18658345129541531
-0.27534444812702596	-0.3432289351684925	-0.027899585372530507
-0.039200016602939355	0.5547239017223845	0.8278291768154528
-0.09600138626596992	0.4793467056086522	0.636527253268222
-0.38730968204863625	0.8429606367804537	0.34895439557058966
-0.3359924877465504	0.3473383600982022	0.13802911833583864
-0.19043412606524102	0.8618330197583072	0.4554492290852205
-0.17364820525693936	0.6699633897150157	0.44189566599818614
-0.12909624452615714	0.7199375854398523	0.6794828242279343
-0.13218561485088123	0.7157608834735844	0.6329771733218399
-0.2321608828527706	0.8673859659845632	0.4227579095661343
-0.9656890672506683	0.1708945857381044	0.13980561812792294
-0.6290589438915448	0.13795301857606512	0.0976519049889453
-0.27395925715993624	0.3751702293138204	0.2574485578141861
0.5579152276311379	0.7113983004117882	-0.4099748811611176
0.3699338722840819	0.4538870686441685	-0.24576893940509265
0.3917738497483694	0.4297771558685029	-0.226382611242741
0.2150079735441286	0.7236889400997704	0.1661124560769072
-0.30738553683394065	-0.3615060720892023	-0.032203893081294156
0.1243216032202334	-0.31411379236577697	-0.02662023441575393
-0.3229517616337844	-0.9422208019217706	-0.02493809737862774
-0.4904340395528888	0.5381855923808433	0.6685093625825242
0.9683477837761363	0.18956083996634088	-0.13234505699494145
0.548709229782792	0.04693003737021255	-0.09965079067830565
-0.19925483768906097	0.3747409278790596	0.8949650137372526
-0.1603243287442895	0.07056632628456773	0.37495891179286867
0.15021808986578394	-0.6634406750205386	0.7261708816921283
0.2810356168466744	-0.38963961488832766	0.5219336747551295
0.1456092596411843	-0.4611770369383415	0.4091593210951651
0.2421496872197939	-0.14842457034401518	-0.19106330419371267
-0.49954937607697625	-0.8319294098494876	0.2208587807323234
0.007627925635204966	-0.40400488826307723	0.10957459287659274
-0.29723993558800577	0.2446327464958844	0.21278309739906617
-0.1314720668706154	0.8241725203602973	0.5477123691218697
-0.03095283256640722	0.9539006112775895	0.2567347795532409
-0.17918504187472276	0.5188524080131763	0.8280946385592725
-0.31451001885655816	-0.3712469439258706	-0.04773122317871538
0.20505622354809747	-0.3494574219016577	-0.04979613289203496
-0.8600237176657685	0.08286430722455468	0.29315024594162487
-0.07132165083277772	0.7812692865612203	0.14114981150782668
-0.6551743023609029	0.02117408192045537	0.24822210629577637
-0.5596139859989502	0.051074214956867425	0.2086483985075113
-0.8273673281172894	-0.47754394895264324	-0.2847772899252598
0.22844869737783757	-0.2952055966820446	-0.20730255982545598
-0.25395286339661116	-0.32342340875727776	1.0266618378590399e-05
0.11519985125918306	-0.25803941222011956	-0.09264642518932666
-0.25395556223615684	0.5529877436187396	0.7898611750730182
-0.2619607291982859	0.5260215489237746	0.7300351324449944
0.023719081631099165	0.76135949692652	0.6447937911638519
0.024047863336061327	0.7362684190204637	0.618128833570603
-0.09407771263216586	0.3912235129352713	0.06947544699829368
0.18846442171946956	-0.2707433762397698	-0.1476958296630924
-0.27534403518354006	-0.3326849058643191	-0.035497358286398675
-0.3295243529173837	0.7562681374221568	0.552654846675717
-0.199269045972268	0.6378943047628156	0.5239785973552303
-0.06324459561427842	0.8196835899369284	0.5653120617744373
-0.06648812952553461	0.7873673054741259	0.5404986169812201
0.9025743446260638	0.19905366334806066	-0.370653393838724
0.5433898487782459	0.05421833696143447	-0.1684033951332362
0.1599200496730719	-0.3649780860645803	-0.07801060569407066
-0.10791789442311511	-0.2931564377006981	0.4524135076480024
-0.09705458284760743	-0.30289688824620875	-0.3979173353643124
0.6776509295031293	0.0381747807839865	-0.2498245730708354
0.46712268631941145	-0.26848391667548493	-0.30375205342625894
0.047818071257788815	0.8283004533652166	0.5531629885446254
-0.051915067633487605	0.33480386019083513	0.1799257837511353
0.026607667867156366	0.7154403736371112	0.4668298458082205
0.12366322020218896	-0.3305052204771645	-0.05276702917079864
-0.35385717590713517	-0.29959131923226834	-0.024655616060512774
0.19248501290957584	0.16252677777154395	0.41314422021086583
0.4081657161623216	0.46535851289570085	0.7686145636813448
0.24932556531619865	0.7975100243845102	0.5328668253663472
0.16651813839282809	0.6518895996522714	0.43581705652593344
-0.13116120104659235	-0.27975333663932717	0.490419852580914
0.06398692406067377	-0.27270588411475044	-0.05117783104591794
-0.5067892538776209	-0.2961229219900087	-0.06760250680889224
0.5815842000084191	0.000988131036554101	-0.27070779704492653
0.7759020995310048	0.115617458339083	-0.2920727506104295
-0.19236258461039885	0.6884607448913758	0.6970689017024296
-0.20446104401234746	0.6781710390805832	0.6432782578689556
0.7467042091279955	-0.45113020557389394	0.4788451717476408
0.3616084654579243	-0.30663842898651733	0.15714235650177477
0.2803030689499091	-0.2866814709475423	0.26634449004588184
0.007399225701695041	0.2569768129845261	0.2863465942708963
0.17062284953919252	-0.6708237721389858	0.05150267037525823
0.17543168956586316	-0.9336716038072551	-0.09633481903845112
-0.13778726901268626	-0.3297128146726669	0.27120481694554743
-0.42634976972559224	-0.46731109773535123	0.30496063596037276
0.12870472608505362	0.5227956296993538	0.7493023966807023
-0.31076249298179254	0.6634453561141067	0.18713678631547875
0.18731944819318533	-0.2889277645723003	-0.1420973910027069
0.07204061897613455	0.8190141444291034	0.5648123046178399
0.19136726907211019	0.3811506120600656	0.15268475676645374
0.9193312895693029	-0.1519666220562534	0.01810658369613969
0.6319611605431229	-0.1567586845819782	-0.024768144309118032
0.7834864918518101	-0.0015485556838851213	-0.0854980887462222
0.39633672142605075	-0.7381883394996621	-0.5321449332610598
0.30254066084855064	-0.49420160738322216	-0.24268374585380495
-0.846519445830704	0.3383918026775319	-0.3947040640329493
-0.5553900481159862	0.4465168502485034	-0.19317374049534608
-0.5295576725160805	0.24598736814943187	-0.22603969684153288
0.4180968194801356	-0.8569648526545194	-0.2841845866874413
-0.16104358438125044	0.33445622573337885	0.25305092824010866
0.3024175736384156	-0.569335077616745	-0.1603906563333028
-0.29099393695659515	-0.4256454636386097	0.040390620993229855
0.13226693192506742	-0.28432194133963107	-0.14175578616462226
-0.14069906987064995	-0.39763536815163075	-0.6059732714143338
-0.08556557913906505	0.9027112821247372	0.404245687693133
-0.046803258744753745	0.609518231564572	0.46544374369919167
0.694947649928098	-0.31012316353677294	0.6437790738372526
0.36980703427693157	-0.21727103402998946	0.29496525714259725
0.09357452741354345	0.6373267985837685	0.6384738429034429
-0.3759930210442463	0.45426221487096813	0.7947850906114721
0.14158738967957893	-0.21778703701733737	-0.08503563802680791
0.06551276951910019	0.6342036497136121	0.02631107976106683
-0.14165476579224043	-0.25159953843376914	0.9485802871389878
-0.038731033852119304	-0.2008821168664897	0.6160822628839425
0.10695662403068282	-0.3988743359472132	0.024164219682845364
-0.946563953316672	-0.30381621635617	-0.018059905830071415
-0.1662803224029643	-0.17923977457215481	0.05627000322225914
-0.3768548978792053	0.280182258643082	0.18920310537744248
0.21307201585979477	-0.1228894060091904	-0.19302917248466955
0.18237782065276859	-0.36052548910478316	-0.06744622421747884
-0.3172417163414436	-0.369147627042349	-0.02563240600211799
0.12252663396884131	-0.35790687756165435	-0.06874258148497496
-0.043327949577618534	-0.5407186123557091	0.018299197225616626
0.19598625444126305	-0.500476610634124	-0.042496502512831213
-0.5386029842934603	0.6728089697226114	0.4841714850151598
-0.021946708621003067	0.5976441723469068	-0.7927878075903942
-0.239790290397749	-0.30200366034302684	-0.01735780482574511
0.022925686329596056	0.40131141732812314	-0.4716195025665278
-0.879504944505748	-0.3992497338944837	0.24057032604396414
-0.33554332853317176	0.19378171228216715	0.2456865050622093
-0.3637673124136245	-0.2492901729295461	0.1979625830254341
-0.00559022683281542	-0.9585808413187503	-0.2706999787500325
-0.5569894009939997	-0.1617940487876544	0.8041597463488621
-0.3468770291499626	-0.14062897344205996	0.5172217784755893
0.4095916413855543	0.4558193806511875	-0.7434706492898553
0.3089948529589944	0.2488462927394753	-0.43219136662697594
0.9828243615360539	0.13121397795290418	-0.09465683512615827
0.8572798661671132	0.13289510991577852	-0.1318838477100268
0.5536896773806114	-0.00020617859854096002	-0.05918755801626903
-0.14602379969118262	0.9534238382757052	0.22332320080976303
0.15738291043139388	-0.36063967056905494	-0.15341601077051506
0.5727001984747788	-0.34748073145175584	0.7377667571578548
0.549468543588093	-0.27604140622432083	0.5499797459861824
0.31967407919512775	-0.2662190187850968	0.31588396591220297
0.5346678236549111	-0.33240991272490084	0.5549241412242261
0.545890035132936	-0.27662713366233693	0.5772304526692106
-0.5343987891731071	0.601658110711753	0.5767545184073454
-0.8234215079288764	-0.507146006022461	0.23499421221357317
-0.18650210061927588	0.11887335363973221	0.3150986603127683
-0.1829134909328013	-0.3155999725775399	0.15139994204404383
-0.07779569296964034	-0.737846894493527	0.6641929420393259
0.009256859166472528	-0.4799639338145677	0.39359917647627385
-0.3470269449729055	-0.8594184917047051	-0.367434901049214
-0.019078489415283516	-0.0021645454507044862	-0.25563668413890467
-0.32448189670799943	-0.8615519454951691	-0.3200731240538615
-0.3804056389008488	-0.8345926676863402	-0.3362237126811394
0.054005034305640374	-0.37298184716040034	-0.09053109191679669
-0.8559042840302192	-0.5029039713683345	-0.08280590446005524
0.02792142337593905	-0.3187723844048858	-0.04074486480245757
-0.5615468706670212	-0.39534490149288254	0.004267079191809873
-0.5786577171955815	-0.8077849157957403	-0.07355858970156798
0.05397169850834298	-0.3948446335103292	0.02004324282522254
-0.40263189355661894	-0.4899153788780499	-0.007463744660224747
0.15740062025797763	-0.2862891326678908	-0.09404752791253572
-0.2990192265743107	-0.3503232297245452	-0.032545966214259515
-0.621246893209797	0.5416303008288881	-0.5489072708619723
-0.019560280802592207	-0.044161096964357764	-0.06508627644870099
-0.35467543640793453	0.5672547336951494	0.26607990078049515
-0.35117544270379236	-0.7262035587352967	0.5820906014555044
-0.09674532937244776	-0.4327110732377863	0.2860996479266519
-0.16516089248938642	0.7826142936099455	0.594309166322787
0.7827509970652332	-0.3816738220381125	0.481055500529476
0.41292517452448746	-0.2772684950518661	0.1974768832598231
0.644489855583124	-0.2992967519090845	0.4668701437536444
0.6538296621383302	-0.37493399245386044	0.4487544899356415
0.643074206653653	-0.29762517388032544	0.46986571382687836
-0.3214135038724285	0.6090540417786404	0.6451482582686558
0.11909579523770289	-0.4343050394427084	-0.04005092627826573
0.12153299295950873	-0.23355435264312394	-0.12375908500736157
-0.35176330606925893	0.8439199790546885	0.3801700442081023
0.2251947723264275	-0.3121485396834806	-0.11990646335347632
-0.6315717197156745	0.29827719915486123	0.36988007340889073
-0.0024728226272244763	0.7793088356363533	0.62365300761681
-0.2596306801144512	0.7448584030037187	0.543842622979991
0.1648451397500408	-0.29420924102353896	-0.09836166415319816
-0.9304725845523353	0.30879322335679676	-0.15515177181413423
-0.6219399037652432	0.1472174784433309	-0.06318633293703858
-0.5840728977102265	0.20261384771300353	-0.08673030302789465
-0.14790103228761817	-0.601003017764847	0.7801285645516414
-0.0214132032161359	-0.3925133160302842	0.4355661146310136
-0.15217307816010767	-0.38866445830363144	0.42776596257488764
-0.3308994969674531	0.9088892276715461	0.20075382178419654
0.015768038680086235	0.4165112492657336	0.12398012501575134
0.2808406884879705	0.32656023936437717	-0.39381122578310596
0.4880557795357357	0.2940922544560052	-0.3025861100384822
0.9548607531375035	0.23924224095196436	-0.156707467254732
0.8423910559172032	0.1757124472388733	-0.17030538643009943
0.5566656736273254	0.0845783028980195	-0.08982366754146695
0.12861468020892583	0.6745701466790155	0.7225519917565572
0.09067937088642478	0.5897974067546702	0.5399158988600019
-0.9479957930886511	-0.2794696631119834	0.11613986846495807
-0.46325867190738834	-0.15148874792613254	0.1316488958420598
-0.3410181859681271	0.37495215629184714	0.8509021461398457
-0.25629569874672337	0.16501601447874978	0.3202772713644735
0.9459228721084456	0.20775536752586224	-0.2354208264703883
0.8448832909613389	0.17346301566861688	-0.19131091031355338
0.5386132600066519	0.05463901788769672	-0.12879932400949587
-0.12377460907397461	0.6649900582772267	0.7347535773742273
-0.04137445061909359	0.5630439297759058	0.6436258927568059
0.33224261633498725	-0.8801038492150219	-0.32501747652159874
0.2594452174501458	-0.5787094484806967	-0.1328687307837301
-0.19285748599340505	-0.3939135234498892	0.040374784711096255
0.801171981677603	-0.28852362648556573	0.4515753347914809
0.6651926536953601	0.009106985648130976	0.05544772591643886
0.43648730882920617	-0.23225333618114138	0.1740241240339902
0.09778762841017799	-0.3413439774624909	-0.11324568265896635
-0.09170030573721571	0.3066223774884281	-0.9170818875697426
-0.2616994221057224	-0.29725218482390675	0.015032781366153441
0.1619950923878243	-0.21705143699654492	-0.15416467975190587
0.555407582687753	0.8205621889234164	-0.046573878731985575
0.526088902718198	0.805265581698548	-0.01653323849477364
0.5111051756447619	0.7887555942801651	-0.009593663667201081
0.32455488808976707	0.49521971677593385	-0.012349250657999182
0.3823592449991143	0.49359005384671684	-0.022359283284418642
-0.23286108755005802	0.6747040974347797	0.6975905335906512
-0.15960883425148972	0.6094620709577223	0.6633423621399593
0.9507285852678403	0.2933162472328691	0.012280024462849874
0.5124914710753112	0.07891746599948439	0.01677843485429457
0.808377770947787	0.19993752963710432	-0.08887570509913954
-0.43974479021529506	-0.777611383429782	0.43827841323826267
-0.1151080799358197	-0.44401561217304886	0.2171684277973639
-0.8017551832761415	-0.5770883952464341	0.11795884881499358
-0.18833519984874342	-0.3114879455675329	0.11018268747336171
-0.4118317537035859	0.5897979099059659	0.25286409186745046
0.13294589959399766	-0.361149514727109	-0.03926502719437517
0.5471243835297792	-0.8262933216588736	-0.08158098967080411
0.023016187872130073	-0.42855876863038833	0.10391773577115361
0.41615554541290106	-0.5473486884534831	-0.06302311079426093
0.04294575870673499	0.5706782936039763	0.8139757777004105
-0.10679076057058672	0.33752312899940734	-0.9319046575878062
0.17182538946958276	-0.196680529466346	-0.13981230023672056
-0.42631814071943097	0.8457247706113318	0.2818102028467293
-0.347550905558674	-0.4725420648476841	0.014327535784547759
0.1511012648618567	-0.36178317173847346	-0.1010221434559904
0.9713665985739831	-0.037578078733909184	0.20695079729503998
0.6086567108939226	-0.03245602123766738	0.1543554352009266
0.5695290749203983	-0.07978705218701124	0.10506212441469014
-0.09106693666596992	-0.8510788435201984	0.505192248944745
0.001284480043950837	-0.5306606863452765	0.28838747523982816
0.10496304558321279	-0.2883731360212811	-0.09114233690849281
0.8242805862716267	0.28593432887045617	-0.4732821754679915
0.7600780648429262	0.20851912319907873	-0.28200566270851385
0.46216016754376266	0.09526690830321431	-0.22984744407253718
0.16673188496152686	-0.33580149138931337	-0.14022362144408623
0.058391248068476995	-0.05867868372317425	-0.3166229853126816
-0.24323375450820828	-0.32606619374067264	-0.06059587062279678
-0.7386822107902528	-0.5030125804438274	0.4371339109162253
-0.2922667560686625	-0.2749126415923397	0.22025515259907572
0.4335291792401539	0.4646312030288486	-0.7678230141487165
-0.9572566463448464	-0.013093235017786989	0.2591897536996687
-0.6071731180058931	-0.01057695628179253	0.18291246845436077
-0.6583050346117156	-0.0699290907596867	0.19488606304855977
0.07548035048969058	0.9497616384323584	0.2650036869707895
0.715960114702672	0.29406660724261036	-0.27157413313920614
-0.008797473583189747	0.44557463595634256	0.14573964007600543
0.4472865966930923	0.1851688841833107	-0.2008687617766573
0.19407010277826336	-0.25042787304411684	-0.13163600708187695
-0.23977940895932298	-0.28899780583697826	-0.022930740765367233
-0.07610508784156277	0.2614769169397044	0.9513361703047954
0.03422749573268649	0.64616843862216	0.7591856125888296
-0.17224336989312386	0.6379780544493274	0.7484452507618823
-0.16746612292598015	0.6140342218079656	0.7301890250023225
0.5327355467478437	-0.05071174632885621	-0.2799578479474243
0.7403288797705513	0.08495990888523254	-0.30492061896106615
-0.19121783941626186	0.7305307423793236	0.6532586906479098
0.1664749684725406	-0.25505836051017783	-0.11817825958528026
-0.3269179637769011	-0.2829544664318225	-0.04269413714793319
0.12821638929870244	-0.2959041644854252	-0.08713405029295923
0.08118372703685393	-0.31674273235301004	-0.10612977356459743
-0.22312947873540642	0.6007215468916519	0.7642129653995618
-0.0908696956849447	-0.9784862639832853	-0.15471834011605662
0.11392845889484744	-0.5205522195259682	-0.04373295007714619
0.4027408640523555	0.30061854505356944	0.8507577178966348
-0.22795401351369615	0.8205348870836437	0.5196871617889749
-0.22130478327114333	0.771028509462366	0.4873625769619032
-0.3635055954337247	-0.5523128211550495	0.7442374387610416
-0.17825730533087059	-0.0028761241722687955	0.5413312875696837
-0.11037973677511814	-0.3516268279792982	0.3697535055898631
0.973640715933581	0.073203437288481	0.1822652512626876
0.5903373431002867	-0.009757709235384562	0.10820959693351814
0.7764886455288627	0.10650206925475802	-0.007857357362634433
-0.030213041702869512	0.4608558278986544	0.8095009923570143
-0.3350135057241951	0.644219779805891	0.682725043969654
0.9200653126467934	0.37535701252538234	0.004920986051499148
0.7832180139101987	0.2418620875665737	-0.07481033471316031
0.4996773320196153	0.14583675907408325	-0.013155025661996623
0.49332304119181974	-0.6894692460767508	0.5190421801166094
-0.1299513131290051	-0.4126364964649704	0.1424053097279274
-0.295598494137412	0.25867645408806145	0.4004021253256807
0.2102084871339412	-0.4434440668062098	-0.13457222200885638
-0.08331140840871679	0.1965409843904748	0.418563309512371
-0.22940399307028736	-0.3852350672205859	0.001962909611445369
-0.22461253496090272	-0.6476719563594395	0.7241578861015344
-0.22380323767134835	-0.4231919440463001	0.2941541951092922
-0.009553949861798859	-0.4088077363582533	0.338457712349864
0.9923985672237743	0.01264858650377744	-0.052171469251597
0.8423981169554314	0.07365323518296894	-0.1127033094956395
0.20839992574766816	-0.13648763895503938	0.31873534248500607
0.6236036444712768	-0.05901680610931009	-0.057528025318066556
-0.26722257954276296	-0.3569948938696507	-0.030572975301053122
0.19833657536206747	-0.3620802273295933	-0.17883468254774412
-0.12661463908658152	0.9530583283235452	0.23156883095955869
0.8306105017383827	0.5434940470577142	0.0005745374657116542
0.7195240300307626	0.329167852099505	-0.058409270745138325
0.47379081529201805	0.24420185844578093	-0.006415701380505248
-0.10785708521374138	0.7190586122985825	0.6401352157681409
-0.48692147238552247	0.7578818011523214	0.41422729277124004
0.2629218690462417	0.40144663383539075	0.8662376765678198
0.06874452763205494	-0.28298496014863267	-0.05816213018814387
-0.4028334531925703	-0.4212722743212285	-0.020086418508122515
-0.581502441451664	0.6149267561173346	0.5104459201130321
0.9780831362636442	-0.10458533082831033	0.15153386976908292
0.005054547063322402	-0.3794776020512024	0.012894247788727095
0.10639839998579567	-0.28724446508027435	-0.09684002292168746
0.11777774231747751	-0.20855282227842772	-0.09540314163007826
-0.28887664248884165	0.15469295356544613	-0.1839248831062713
-0.028722472983063324	0.5018737858621558	0.8604842417443466
0.3114652774460135	0.4260073837679564	0.8351261672899858
0.0937366975183103	0.8494635454091486	0.5048336837951107
0.09015975110108826	-0.99163796651583	0.018924482201536204
0.15763717746232847	-0.5502226617258167	-0.01213492780527274
0.4357889240960795	-0.889504879044361	0.08020451924020316
0.14067239520460564	-0.5783539619025273	0.08683672728001238
0.3311118123728668	-0.5997766037794736	0.04526573471363262
0.5781945033465481	0.3604415493914057	-0.7241682891056564
0.3928071775455253	0.12020405818836807	-0.3283010592865482
-0.2817339619108504	-0.2957402049010553	0.012387207986687462
-0.11342888217963683	0.6219099265904865	0.7729434054449137
0.12105540950017712	0.5698133133612145	0.8095751534907968
-0.4213321855020206	-0.10497599984879866	-0.011376729713692262
0.7373159617334949	0.34327957910762424	-0.5725415216100641
0.6882933909729083	0.2171405963025944	-0.29428588044253573
0.4806280035982177	0.16643105397227204	-0.32294353209099086
-0.4053260590519663	0.36287053549435205	0.8267094293518704
-0.35546065885991124	0.3086952839030353	0.8664138909493097
-0.09433184258750647	0.7150320847204977	0.6912743325860788
0.22023329958962856	-0.21417716426014718	-0.13749380680532464
-0.21931829451881799	0.7673003879428926	0.5988753523790775
0.8980735343671614	0.4126902615033381	0.09399944305864895
0.7527981654612396	0.2590969523419133	-0.02377414285472496
0.499066557541723	0.15246677029784714	0.05237606237609606
0.31224300960207424	0.7089589507890588	0.6179378196922143
0.19178572724028228	0.5549925809714732	0.46089831308408064
-0.26282124272542673	0.7811162716226344	0.5621792711702679
0.9496069523526828	0.20463684450365988	0.20961787906887386
0.7744400230036882	0.16361152194212433	0.03378531854103703
0.5810781611962638	0.09002588959131558	0.11709918232699071
0.32580470764242664	-0.9066077336817749	0.24442097558401224
0.11502950558011112	-0.6244676002662796	0.157408265683145
0.2528726478467477	-0.5808459084371932	0.12199797688990872
0.0038239620771989284	0.8859420886823958	0.4449340432882265
-0.01387646364135893	0.7071837969870146	0.3720911025054016
0.03203759749033122	0.9003934410908103	0.4164199181000427
0.009705485321025862	0.7449039575832901	0.36250430435384623
-0.5238316583258937	0.43131980368601813	0.7194690623186576
0.9558004085827386	0.16918113444304797	-0.22674386303078214
0.5764961320166644	5.871907630345622e-06	-0.11401453749066329
0.8437246598569712	0.14644815311439924	-0.1826177992251496
-0.5792446575267186	0.6696416041943575	0.43673498595132293
-0.0019870730479217206	0.22478009505112814	0.9635821687196476
-0.06885665977134785	0.5505597363571996	0.82638258548566
0.31431159606960757	0.897552802144432	0.27091317900751033
0.2031689849757374	0.7448107892219008	0.6205154497061998
-0.4350996195864416	0.7586001747632246	0.46484587871819233
