0.4800114114442693	-0.7968700637134645	-0.1750805672160592
0.022219490385907162	0.1682412271015734	0.09697701875221922
0.11326014140970751	0.2216080560682531	0.1148350787952235
-0.31754614693466576	0.012695754109327216	0.2864928527999192
0.31197018185059067	-0.5726310328610159	-0.051075980973847884
-0.7446436450311683	-0.5261853259415541	0.1279678188118382
-0.20077377716912398	-0.3158421440613972	0.21048331219470745
0.35672639679870544	0.024613049513804993	-0.13039214258683382
0.39032616442831264	0.027733528596154404	-0.16649699526851405
-0.11351144746986243	0.14015583512939325	-0.17910331413677866
0.36083687445248086	-0.5655419051935032	-0.12255171373866922
0.007240393629365066	-0.2951054323620824	-0.0006717214886634402
0.015894894942087227	-0.18673052481289953	0.009389216940830647
-0.666286967984245	0.5228317716267828	0.47175960164116065
0.19532246259940544	0.0997629247556422	0.06616770657252488
-0.482454042551767	0.36308136518889794	0.33350825366887726
-0.4473828178331907	0.2612532743748978	0.38112299198749666
0.17839419947410895	0.20655100691663458	0.13419826513607272
-0.21298261880361752	-0.8108459529338256	0.5359511715622949
-0.14007495671671374	-0.5049626404087154	0.3709112235437592
-0.18605774471707903	-0.5800639967647666	0.4074489892460278
-0.13953549168313636	-0.2133122131134672	0.07683069255892436
0.013692740305524441	-0.5759464544070677	0.5136912245884666
-0.11677326750878324	-0.7802323231912653	0.2592548764283131
-0.14234030325096492	-0.5632085109741789	0.35940521018397503
-0.8336444660487125	-0.48232622693850435	0.009200194160941793
-0.5528794813977823	-0.3220019236008814	0.030055824160610953
-0.2402398933541166	-0.041070129428994316	0.288537084673263
-0.7408216577874622	-0.5095902127156454	0.12734778786131798
-0.29800670984894856	-0.6947462845342603	0.11683600400131847
0.0720511843627621	0.140386513601296	0.9819575882312419
-0.13107535101355924	-0.008324541048574512	0.3211130612743415
-0.057903362241709624	-0.6415794799094217	0.04722222148754064
0.006165128276344425	0.30323414703792767	0.7754170960637026
0.042839522491288216	0.20380862042597694	0.8294977573555121
0.03442431487448367	0.1345736175504261	0.6031406451664026
-0.14963874592489768	0.7214985172706551	0.6179677384719018
-0.11997439123758909	0.4976557613501002	0.39771141389241554
0.4778403664333054	0.05747294730055222	-0.1531124107718631
0.08425426202160363	0.1656889406604519	0.25265490385059036
-0.17149112133842767	0.3572812360444358	0.4347962168592445
0.5268754283841938	-0.5986696870384413	-0.5227123224304143
0.16544009947438915	0.1940082666686282	0.0650535922281027
-0.1517912939812863	-0.3482536097933483	0.7685119719104128
-0.14454587310712969	-0.3524802188515688	0.8445314709710823
0.3096508092233327	-0.4178316146569587	-0.17846521171499355
0.47721127394585283	0.053031264804186316	-0.17016783898177926
0.4021872608195517	-0.46805089375154335	-0.3832689856936189
-0.15737009200590601	-0.016947806805015668	-0.3321211959832175
0.39732481207759124	-0.4629878021728322	-0.42537699931526146
-0.5247122437882419	-0.27272921109163206	-0.7801420336760431
-0.16421523841683658	-0.5230266162148509	0.22982449430552035
-0.15138952403142397	-0.879616230184806	0.04991789497629129
-0.19606304027427987	-0.053802602386113355	0.21747827763477162
-0.1437498184471766	-0.8879542567417842	0.05037997646017806
-0.1588872973320189	0.06295881225721167	-0.11752394975320553
0.3508014691589764	0.016712910825191094	-0.1464900301619147
-0.13484877127304312	0.33564712812920733	-0.8742366497568802
0.5010142402351534	-0.0812449132965966	0.6038384819484338
0.4473774663468281	-0.0516904007844821	0.4774554163453515
-0.13921369474449533	0.24180003472559647	-0.6063312046702111
0.00013009685537419694	0.2569650938140944	-0.2832598235515517
-0.1606364785329442	-0.028931701289658752	0.2995848388213891
-0.1629583273069333	-0.33869169223676937	0.8374802880662927
-0.16486219644826233	-0.1815950974082167	0.5944599418847865
-0.13383921394228376	-0.23256769015551773	0.606726360591424
-0.15747088570036286	-0.08338477862265258	-0.938598091431907
-0.14767896345101483	-0.2651673178133481	0.560728762699521
-0.836462414579338	-0.5202305463642425	0.15364912875736475
-0.5258417799137236	-0.3619291653909163	0.1272610582050401
0.045171722946361625	0.1125437579681133	0.16904408807478818
0.7879264767029762	0.28226337142570557	0.4677566532667441
0.524342967417642	-0.058467174334900014	0.5797119017929875
0.09593506409468898	0.1755298298902521	0.001804813689946856
-0.13100585151918004	0.00458548554366207	0.31183445530774917
0.11118276466721003	0.22016174593224755	0.12699307452498812
0.39775251126926525	0.09033953440160117	0.3392460486500471
0.0890883024759141	0.1651627860572668	0.1212109850980613
0.5566844772230034	0.1995919700501216	0.29552298950957057
0.8352671501150326	0.4760851333167039	-0.11944934308363728
0.800696419577259	0.4180233362864711	-0.008057801181134541
0.8058541364745813	0.42517658955581156	-0.04138649573330317
0.4711449184962266	0.026172532010233823	-0.18961972763815274
0.45552949715474433	0.37863774729040706	-0.07995431918812022
0.5871910914608574	0.34879815512699947	-0.06626960940618294
-0.9856604236286886	-0.1325150152314792	-0.06842680037308574
-0.4607706304887736	-0.09237537140000081	0.1896080330596414
-0.7035744370164424	-0.0968404043028087	-0.09996755044051175
-0.602054644861209	-0.024037104723543624	-0.017986333963607097
-0.5180448715712793	-0.20003689416804404	-0.04478633337361812
-0.1781778840186407	0.9730033187508987	0.11618202058733215
-0.17047873014248782	0.37551183707558194	0.1850485584366704
0.02037478484660397	0.12259473448532718	0.09630144681771081
0.12893158309257077	0.23279412052840115	0.20478854029121535
-0.15778268784783628	0.5878792064106451	0.019766606805194376
-0.3359929630843549	0.7072916950611953	0.5171035808318706
-0.2272626940589001	0.49261381233192575	0.3563864871743936
-0.07611667104863724	-0.7767963669455431	0.09976156697694477
-0.24895168451367217	0.2741133948645805	0.400456427103398
-0.8429783978994719	-0.4328681711501259	0.30704192768867494
-0.5483576844464939	-0.25944516641913984	0.27946039517167104
-0.5707023432632321	-0.2765752239755135	0.22414980829929115
0.2501143337879927	-0.3072435053742189	0.8698972409298863
0.15547390531063296	-0.21719337338575	0.5360090365058147
0.13294444240582654	-0.2047903406913483	0.6388280790747151
0.057402055790437605	-0.37268644809212004	0.849991947456913
0.18721676309592863	-0.1814630842177396	0.609009235388387
0.46643214306375	-0.09930564202583192	0.5354331781466821
-0.742017256593206	0.528007559176957	-0.3537821135307095
-0.2638216407688761	0.27278066956726105	-0.13175998402040454
-0.2640757723902991	-0.01177616801219938	0.28393353515331327
-0.5295885942236094	0.36220138695470583	-0.2904716377087081
-0.8920606930024535	-0.05263637365937738	0.43861386446601053
-0.6893242647996589	-0.08144845392240435	0.49274753532706295
-0.7576917461459283	-0.0682048711960095	0.47176259955972005
-0.5722315848876155	0.008615212658211722	0.2562537846587033
-0.24695223803716673	-0.004752332860795777	0.29381018503885686
-0.6317586736577652	-0.015311736902544355	0.25106085809697143
-0.5129987101444722	0.7478959807693977	0.29182818885003226
-0.33446028423962665	0.29524405363582323	0.2434342429352435
-0.16791083784140112	0.2915481797922884	0.12260923649292263
0.1523139947206021	0.24107522991818675	0.17432518635802802
0.4263956134174624	0.0012966537155675746	-0.2121359347173587
0.3868172112976451	-0.19767604580955475	0.645937776428672
-0.2797571132234894	-0.04611218571102732	0.9514488299860413
-0.2279823976191527	-0.37306554008884807	0.8666195882652428
-0.03756810835861625	0.13760644280185125	0.7162429155875454
-0.26620096802990184	-0.12823693957943968	0.3918439777255443
-0.21720599586379596	-0.014434305595549238	0.653329580905026
0.3139615976980823	-0.8433712804415335	0.04812720188159316
0.2347988307362775	-0.6309043263069015	0.05415530918533106
0.17184030550956766	-0.570548110938783	0.09085085284017033
0.27956512838358355	-0.8841869557827743	0.3578873859137585
0.1860112574378168	-0.5453774083041549	0.23846662904724367
-0.0001535129414666951	-0.4441772426920667	-0.009394700523361154
-0.22625114852213776	-0.023585379719840104	0.26763416848529425
0.25524778047001384	-0.6929718077500532	0.31592065659230445
0.2599142735770897	-0.7480421013433999	0.3169593475424742
-0.24379341128796536	-0.2848935634353784	0.8487147707976166
-0.19718549039551303	-0.062497869352000454	0.3939619696139355
-0.14170027549714098	-0.09249177226880444	0.9151163300923427
-0.19573802340644225	-0.14957741809216518	0.5865890997166607
0.04983292907806471	-0.535869495318813	0.49965371088538685
-0.2139077095300442	0.971138551444025	0.029450838669147446
0.5254809898190813	0.607004900977826	-0.5026027285603424
-0.059562020562694114	0.20885831604029506	-0.07731871210181437
-0.29157680432465083	0.13261490698583306	0.2714175421813045
0.6469972081277725	-0.04336945911544872	0.7017612522782181
0.5679716722175977	-0.05013438027037847	0.5746832679152768
0.4471160426572016	-0.01991491617866145	0.4319465825067716
0.5414864709917315	-0.046838984920045734	0.564640076296793
0.2051474301933921	0.0927112954408057	0.2144381574078527
0.3766565092915867	-0.03880475734596691	0.5181011045128043
-0.15886362659652745	0.42475675212890945	0.8401335105941401
-0.14969055369863482	0.07114157136711809	0.38480339939812463
-0.10310953352231325	0.27748659539536324	0.5616391607070574
0.0035122158884517045	0.2789640296412298	0.7248599955303647
0.17602948229154483	0.903826276533839	0.2508540656750151
-0.02668054395929756	0.35969745739180314	0.24925476966314133
0.1395159955246574	0.648720427393355	0.15889884196772905
0.4921588827271366	0.8003815934248187	-0.16365017445100097
-0.0165315535806126	-0.10489353813847144	0.0077384463745079745
0.33772385949650285	0.6107580025661812	-0.1044550269783469
0.5118238921185513	0.6170195185362598	0.2223477316739477
0.4748738555246788	0.6462954400378014	0.044653344292174
0.13425371576764475	0.22265303055011063	-0.12420415397897505
0.365341664645245	0.04920151347850532	-0.17672399435747912
-0.5173140609803931	0.8516569425428004	0.05148677106845261
-0.4940673438573284	0.8383142853485666	0.0433924257891063
-0.3384183885168831	0.3502408022893851	0.16547537722212818
-0.27400644800088975	0.5379606129061273	-0.003683863807824734
-0.637626388410026	0.6799734262986233	0.2710998710495061
-0.053924321175063177	0.290350866652009	0.6410875007886008
-0.642861985952775	0.6842710159748931	0.26827681066968145
-0.6342346523415838	0.665660527992031	0.24905472023245054
-0.34981960810079704	0.4341731885777733	0.15020067752190608
-0.7643590441818412	0.544082346570987	-0.33217295009993714
-0.41352704961304576	0.37920096047027246	-0.16544439724583787
-0.2646493927452131	0.05494197185360481	0.23364024108777756
0.8241916042351178	0.5095011030240223	-0.22392060572575362
-0.2932005438318002	-0.10449413652070613	0.33187531679586957
0.052884526467121204	0.15830627672782277	-0.13098211378788616
0.49884986437665824	0.8025833159227731	-0.18682460234177387
-0.5424824240694904	-0.02086313795199839	-0.8189467522526203
-0.1501497752183007	0.13872323413223367	-0.1692552827897339
-0.2392828369118461	0.025211551864095252	0.23727048959565544
-0.3150918099124598	-0.05044191302505631	-0.5087108408699489
-0.22090087502138714	0.8425825745622946	0.4105627687338545
-0.432738576879504	0.21021646434253777	0.41099831057148156
-0.20717873066647358	0.058005921260084616	0.2633620765465224
-0.1228006063940992	-0.8722248259317236	0.07140970092204249
-0.17624743569108348	0.525386185313667	0.22752398468150073
-0.78918548559068	-0.44467846853756227	-0.4158660679966218
-0.7568612298802465	-0.48228755674988877	-0.36749152354484477
-0.7502040474194657	-0.2920282778567267	-0.5426091903031258
-0.6112597652365434	-0.6711619497113354	-0.1395715695375659
-0.17235420186800574	0.1501066486166282	0.06788724490226583
0.9831216773052303	-0.05228731540857956	0.12457432447613422
0.6913190864453581	-0.05314034100622091	0.11677111786959535
-0.12679644006359547	-0.8735058797686139	0.12980198623519673
0.7076486402361969	-0.018553479694653003	0.08292423991874769
-0.4835282515560722	-0.563872237395575	-0.07549030896024597
-0.30510106651334157	-0.0747033730366229	0.2960318477235744
0.4830587674761082	0.05282595612839728	-0.15959025125276707
0.21223014315543404	-0.8129413780621876	-0.5227874436397366
0.6158276343538441	-0.47309639297827194	-0.5194669220909301
-0.739685621426329	-0.1699693023751848	0.5737255889860741
0.5852125768606324	-0.3737684301053614	0.5113678017214264
0.4878082855998436	-0.5400438472389374	-0.6053985704843521
-0.19741482640726463	-0.02743326015068838	0.16666033388783769
0.7848883733808518	-0.3843831055457148	-0.16972314927970983
0.47211823255634955	-0.4373826242568406	-0.7070359557047854
0.7028826486857459	0.38765271404457596	-0.4980519859435455
0.6616848309339494	0.3376324483718354	-0.5870717144198717
0.1580971336649718	-0.8256837158935795	-0.47780126791757516
-0.12786836582831904	-0.8547545821001352	0.41372189263569276
0.872142682216295	-0.22726451554976176	-0.28572647764292347
-0.06160719272942002	0.20390782333036506	-0.1710882412969774
0.7850066786115361	-0.3961757438764889	-0.23601495040873582
-0.04236312692648989	-0.012251102084640033	0.983643404312622
-0.06756441476868505	0.005492572733673383	0.7080250481995939
-0.02629244118941632	-0.012937830948437732	0.7046400285320922
-0.04442119002260615	-0.05473454067669857	0.9283509566708505
0.004306921684759751	-0.03696582688050542	0.9756985444553448
-0.3768532732702835	0.6212461117066579	0.5794830798196257
-0.29153278286546946	0.43331528289197785	0.42982358823098404
-0.3109713249662958	0.3746762036755777	0.4827944591780586
-0.9593891138880705	0.0013071875961665153	-0.26385563790668
-0.15267773522399294	0.2253925211044533	-0.06040930480963902
-0.2491963708689399	-0.047283570948640226	-0.43976129456817453
-0.1383512057816615	-0.8731305867478343	0.11566796719770168
-0.12850440296256374	-0.8696794667963222	0.07924561863513611
-0.06993491890906012	-0.46403637969454137	0.058292332519510694
-0.4812159836996381	0.7227041562269886	-0.41127120785812044
-0.3488344671361933	0.47512252544808037	-0.3146312250631882
-0.3178287072165708	0.4988127839026577	-0.20757825778236358
-0.25384306537707485	0.02623706560751749	0.2644498170520643
0.14865849756919602	0.17198527285086498	0.09359042523447281
-0.5130842667344568	-0.4398719838766199	0.7306387710730581
0.6480019142834866	-0.19650439089089408	0.6739228659785914
-0.22943987960768608	0.5472436488943193	-0.7970071684755835
0.3131861362004779	0.23153524675972287	-0.8535176076081398
-0.06132857821097395	0.31290378740889163	-0.28382050552692395
-0.3968747871459616	0.2407874324217923	-0.8622247399815122
0.3412524740408803	0.5572358749224501	-0.6818917176419452
-0.913190730628509	0.22211066804913165	-0.22738227966144026
0.7926567412918539	-0.03807967597936774	0.5177468226966615
0.8988431014144007	0.08441024328307484	0.29611132023429193
0.6334399070636645	0.1893477073242414	0.6752191957988756
0.1927452169095317	0.8597101528222977	-0.3556200478023245
-0.587698327182156	-0.00026918973434572786	0.7521713569441306
0.8482309156922901	-0.0020600551302739035	0.40441046300348565
0.1375845137408328	-0.40256453800367575	-0.8546615180070657
0.4732829825917449	-0.7747047674927895	0.2775583726567254
0.6912260489097187	0.01943961839188063	0.6510206454290247
0.026619448005544884	0.5419785984105417	-0.7934563882952904
-0.705882524698491	0.4124341969838663	-0.5127859911832979
0.15058615416009152	0.18935409415733778	0.0788421329680749
-0.22860245399578874	-0.03726975954763051	0.22138641292125694
-0.5000863849085201	0.30281006942002686	-0.4048606360362265
-0.3333028862953625	0.2900447770317055	-0.12632504264086697
0.4014340303403688	-0.5269468814640649	0.7421513775944534
0.10005972779626389	-0.4579965115291874	0.3346742531765432
0.26708431304652397	-0.3653688395991215	0.49554958485261885
0.23069929617699877	-0.3470507185412272	0.5332417052767425
0.4324372784599415	-0.22917213993419608	0.5719865519399591
0.6508904300880302	0.6901934466072862	0.1373608953511694
0.04031808115358439	0.21390344408979214	0.6792130032928568
0.598327743240371	0.7063210642292117	0.12350347594097938
-0.07124521010590026	0.06867594792166459	0.29387341688522983
0.4324190479336219	0.28746942144983645	0.05805003513384618
0.722136309844022	-0.5698828216894785	-0.25153966755170687
0.15386230277089288	-0.45574575866342193	0.49051391398534727
0.48041926257550066	-0.36740493177056316	-0.16355992511562537
0.4116332371858079	-0.38262003317192256	-0.22299693053903538
0.6763723683378089	-0.5738370562910134	-0.19020038166995118
-0.16492350048878252	0.021253167977583844	0.28599120659884014
-0.022514187335635812	0.19291519798043938	0.2956044993539737
0.2600703787304786	0.10090761183785713	0.20262318449837696
0.4967517873755374	-0.7512107174977737	-0.30859322369442327
0.3212977488020207	-0.559403129987107	-0.1744208121151805
0.4548937896127586	-0.5031099597038294	-0.26177837909734153
0.37098214332832746	-0.5617874846203359	-0.22149483717187557
0.13434297393603636	-0.48402195175763474	0.20196279530341937
0.22169334338307928	0.19109352589981454	0.0720240907530867
0.3520878740001988	-0.5089483578910924	-0.2527906174686982
-0.22561789880897443	0.9144771862464003	-0.10984248529192411
-0.1641095543967205	0.6373849014984935	-0.07994284271561794
-0.20532125717859734	0.10942463700887377	0.2775037396479485
-0.6371629817918417	0.6535108557475232	-0.32328731315498815
-0.28738501645474496	0.012649607234655491	0.20990517108272994
-0.37391026122659643	0.4761728332845154	-0.19117095576544416
-0.5386716487504392	0.49436593197355294	-0.28285387667445144
-0.5016571908424629	0.48026991794587776	-0.2954658476068525
0.036176216347398905	0.2608370626876466	0.08525788145067477
-0.4926034590114957	0.4841384318023305	-0.28906002629521066
0.43360920935054686	-0.03836119848939049	0.4933899882437442
0.24012961919329323	-0.8242967472094046	0.49703559642629813
-0.0538173822723135	-0.16853744465706705	0.304107799866023
0.1772805496382001	-0.5667870683350955	0.33136993451335367
-0.2990229169667001	0.43296380377144733	-0.8167620463719469
-0.07266780056421936	0.27787656261922816	-0.19801295171148076
-0.27986060092293835	0.48710272048748776	-0.7663878715052259
-0.26938554601658243	0.452520443969577	-0.7924279761603457
-0.22173558780578134	0.013299591098992038	0.1828233940844349
0.4499180438718748	-0.0711466421467463	0.4657711921846679
-0.3828019200456507	-0.4949173269689698	-0.7526292591503093
0.28138694795913616	-0.9003539383273493	0.12420670499514866
-0.32684692282579947	-0.6085392543052118	-0.6764895405143284
0.8354886307736729	-0.07060550025072362	-0.4078650314985821
-0.1665427522396709	-0.4783694719000982	-0.8218426626206597
-0.42777493556631346	-0.3998477110448268	-0.7628892820723486
-0.2791100298699946	-0.555766233740512	-0.7241658451499958
0.7157212682806149	-0.504369658410571	0.36146205558583666
-0.1862353149027815	-0.7053623478819561	-0.5949691617859861
0.8795920811268424	-0.3336037836579439	-0.029552374618432548
0.26587923832495397	-0.12915824500005146	-0.865938482857695
0.5612204494211246	-0.13579966473744012	-0.7661254970463408
-0.9436684727583351	0.04431690067887845	0.19581421955897768
-0.781836531187067	-0.015208775295219764	0.5557390767692727
-0.41322759099628464	-0.687401556867733	0.49798246029720655
-0.4453843316259519	-0.5497910272809174	-0.6611381511716838
0.7367667771385894	-0.279084903819901	0.5290905942611687
-0.29438483041797947	-0.4475993032532418	-0.813298685139197
-0.19407518095640186	-0.3348259166490059	-0.8900763320516113
-0.4355733041907229	-0.44061901586770247	-0.7590163545623716
-0.053160297951822144	-0.6726827842651524	-0.6844748676994232
-0.38651708775754445	-0.6495516760740025	-0.5929896259924878
-0.3044306582819054	-0.5406628684247196	-0.7537656277548392
0.5838342394490521	0.20878481231428395	-0.7224248974279812
-0.15229341539570826	-0.6099154257118671	-0.7241704100196801
-0.1571915704576934	0.1921627169204941	-0.063488326758335
0.6620962301117969	-0.6310596953496935	0.2811844173568819
-0.5347344607323578	-0.49342665021183385	-0.6487156757095192
0.3651415704769961	-0.6752575141592896	-0.5278482898421595
0.2239274552312209	-0.24701872389033272	-0.906097964570658
-0.3938353471734493	0.7129016304812203	-0.5141156571662379
0.5977462914319446	-0.49526872779129644	0.5235467109836642
-0.4408248289499771	-0.5557488572877197	-0.6076135023458101
-0.5958222447462416	-0.4164210122905833	-0.6422173972909508
-0.2993347107579144	-0.3590601254966581	-0.8526638156290844
0.5566825971688091	0.7051389809727071	0.428298919131087
0.3539584457330592	0.47104974526310206	0.3281855085457772
0.41384402064851766	0.5190080067405851	0.3330957440001058
0.5481757481147613	-0.15737171971456082	0.7459949691878704
-0.022636460042279243	-0.16563809414048247	0.4426679657501902
-0.07005247986533279	-0.9507096610891441	-0.2869371914070578
0.09185235506218525	-0.9503247916794717	-0.11340428291085557
0.0798682218093717	0.9444703342166587	0.14470987607471972
-0.08260685735878362	0.311258968610562	0.2458768815361075
-0.1799152706090398	-0.8700678446076726	0.05129339292711515
-0.9031289038242342	-0.15599800178386034	0.15308977779567726
-0.2346178517666489	0.04665440309533757	-0.27755953306572806
-0.2502994136246107	0.007955053329307368	0.30199816565821563
-0.6717074801897798	-0.11530870341805649	0.1263443064436946
-0.6710607610125626	-0.5112980197693541	0.5267181333002752
-0.1472761912095425	-0.8834180018197574	0.07497013483142098
-0.46194298360506714	-0.30892081527981696	0.42277833109179574
-0.18532298639193223	0.1922922198391754	-0.033373108029634474
-0.7247514995561806	-0.055617973104939954	0.4185031361635789
-0.35898527535869773	-0.041787743455330005	0.3237968739542931
-0.6374309728374281	-0.0573162134643208	-0.7635425318104975
-0.650146759548425	-0.01800726933192003	-0.7369564026788475
0.7755254443918906	-0.055958617001313514	-0.5576672615389605
-0.6815382020957998	-0.11679298900236527	-0.6935776371231474
-0.3967804308181587	-0.2679791600368678	-0.8490568329764749
0.8199064097162656	0.2572778830773147	-0.43738904991118405
0.5011197611461354	-0.0224707039724556	-0.8054080484585631
0.8759847674584383	0.33488715992380574	-0.16927532388401761
-0.6058194789058182	-0.04979094566391066	-0.7781542367756342
0.30333036684504994	-0.6475979595107232	0.6204537784568722
0.5661384214694059	-0.3594793523232804	0.6753663538401506
0.42690244493829443	-0.2486748590640828	0.47231310162679685
0.5144737179145834	-0.17876557928033995	0.5845594082402623
0.3447701008005952	-0.2483686764876778	0.5036680758605994
0.9623669698793049	0.19946774837326567	-0.1470110288650875
0.5422215025943757	0.5044769167966792	-0.5228574015533787
0.603693379193799	0.3206555067144131	-0.33093664234639947
0.662034796659792	0.13871713769707453	-0.09365254159439848
-0.8303696112597253	-0.3997837164250022	-0.38068732622929013
-0.25431886649679714	0.012182488019533005	-0.05146505560590577
-0.27211326813288395	-0.1023698380374796	-0.48764536062299846
-0.30580188391616897	-0.1647936154235006	0.1905563084620387
-0.6092653145836903	-0.04154633281534428	0.5968846561912525
-0.42712943293309646	-0.012534253739685976	0.549009268778804
-0.10184276406986287	0.06723789912738083	-0.18200358260146104
-0.034593751075249826	0.09237513283883551	-0.02664917989236988
-0.20280587801499653	-0.03351441498308082	0.4135598060443107
-0.33613296452219854	-0.16004431589932505	-0.11479228177440745
0.16959559635690938	-0.5516500188969176	0.10201678000102446
0.0815516450568192	0.7734025949159006	-0.5647620918988668
0.07110774413658208	0.6130948594391653	-0.38415735631213427
0.12452544267796403	0.425691397083028	-0.17349919198169536
0.03933988504897614	0.5840851834597447	-0.4764192846879532
-0.21180802024818995	0.04111880495187863	0.2518984214390825
-0.8477932808322252	0.09148662637529116	-0.48969219682234477
-0.9093941410709686	0.08987665197810492	-0.3359528296533861
-0.5478713276579227	-0.18213677445873225	0.7081477629069763
-0.8747442077885111	0.0969759996342672	-0.4234045509410293
-0.2335139775289386	-0.8349566190478912	-0.3691662287408015
-0.4846417012989682	0.2548293170593472	0.7813010250941197
-0.8058979893885294	0.07558136111122102	-0.550844409279184
0.5536232555332476	0.5419812589453185	-0.5284634904296043
-0.9047118453909725	0.09181547537061327	-0.14563777470163877
-0.7415358288755636	0.4066927097282103	0.4708233752051456
0.24650196538487015	0.576746393610687	0.7165215162344526
-0.3156842239114347	0.8095507584599649	-0.39364711486371673
-0.053538055402743846	0.6397032472650083	-0.7214177104537517
-0.35058108407833816	0.28445260926800064	0.8359525209983205
-0.08734678488591512	0.9404706168676458	-0.10457282621976485
-0.2303226782074011	0.8575465495655626	-0.3325415687325267
-0.8609491943647939	0.33300005015890916	-0.255561981074647
0.4796602026203827	0.5705460658685976	-0.6019651974384544
-0.8498589967850243	0.13472473882248356	-0.41958160440667536
-0.6597171979498317	0.06390753911268965	0.6986867712623581
-0.4925959221253334	0.7806442197802782	-0.26783125325874596
0.42546062730248646	0.6697953746616134	0.5498707226321353
-0.8429206913237153	-0.02995722903104299	-0.44717761425948344
0.6022863216608412	0.4949993993520954	-0.5521638253005929
0.29210481748400136	0.9079047702192032	0.011647628534683761
-0.8146785968817243	0.20513397117395024	-0.4915189263722907
-0.07346640232311503	0.5997673993381868	-0.14369775190329573
-0.20792221293768653	0.09707401458252925	0.2727670802663081
-0.7972321415518641	-0.12105539577875345	0.5850873693948472
0.09359572680045004	0.00834161038733614	-0.02277193546494311
-0.4944183009039829	-0.07096140056136427	0.41268330529486114
-0.5796238342308577	-0.09416896639366566	0.45270191059640613
-0.741243262574503	-0.09408515383060236	0.5310375835885954
-0.9469198453390417	-0.307617561893466	-0.018425251918769675
-0.04182268263313935	0.222661351847154	0.6691606950170689
-0.5998456996658857	-0.18618764483582878	0.007219510319767752
-0.47586784168319296	-0.12744496336179914	0.1920729466520033
-0.6698015355019726	-0.22327899011985297	-0.09646961812236511
0.6072196970574394	0.4173599080851115	-0.49339677085341355
0.49728053250008986	0.2931896081247417	-0.33681315865233835
-0.4334600747905441	0.3345526220456446	0.27139203687879276
-0.49754757960172064	0.417879439066219	0.09092259481711534
-0.4026302480685429	0.48931066440682475	0.16185498401985557
-0.22971966961093723	0.28143960884366775	-0.8736110087717314
-0.10499210562728425	-0.6615576842553398	-0.07099403925529578
-0.20135582021625686	0.017000979319227224	0.20362895643336568
-0.0921390163293202	0.2572173585907002	-0.20277736349099648
0.33936036890216686	-0.14825471917662114	0.4558074033119868
0.5670645738989112	-0.1217238655180795	0.6130341635689069
0.41005437422979024	-0.09832449214783844	0.43597418747636774
-0.9504653729773836	-0.24834918911860082	-0.17219037373735513
-0.4770854647857455	-0.06288786685585596	-0.0574741414515143
-0.4047690181102829	-0.07868512279298885	0.1822281870748038
0.8809869191668289	0.4549775893656046	0.08420442262537159
0.5797247212206912	0.2800991351307091	0.10243450395384164
0.6462099905032723	0.3282719894095358	0.07828866101567004
0.5751649417758445	0.31327035897154093	0.035610957033581296
-0.9219489588356568	-0.1162136691169664	-0.23341134049889106
0.1955073847239284	-0.5221983789657806	0.7274938610420159
-0.14236829142052498	-0.8943348032758842	0.08446319549418493
-0.2581184908690505	0.16930669605321064	-0.05451420740018928
-0.12726086242515208	-0.09052743628159636	-0.23974966223943725
-0.17323064300053073	-0.7882068374533079	0.0036841636835755203
-0.28482618425329	0.18440466569268704	-0.10004968505706521
-0.6260995074035527	0.03299993115979928	-0.26155174592858016
-0.27799166763519567	0.007397309375809234	0.18522141122842084
-0.03695677473893578	0.6505814107732574	0.7126454432624959
0.37621257521214063	0.013586931564634693	0.5466775761201965
-0.2583123558376693	0.01765120217500081	0.2734291775743313
-0.015431834152517745	0.4158306598037653	0.4573337930722743
-0.25420748175295166	0.7910778333253846	0.5024171841491908
0.774342272617099	0.5541140721898156	0.02004843062518029
0.22008816785015886	-0.5248904125822497	0.7632534591063876
0.8058536110223538	0.38315975902035837	0.26009913929675593
0.5378261569156186	0.3495248640629492	0.6980594005750583
-0.2077211171374221	0.6567757135277217	0.6795412338989495
0.41714024422428764	-0.6761194241120844	0.48721752098481996
0.5891492350530918	-0.7210469502654526	-0.02884270888915886
-0.09990241082440252	0.7972849277991721	0.5265652435959192
-0.19874137996270727	0.5037771730846691	0.3371932657562849
0.31727248972407496	0.03268024158515366	0.8956782934205445
0.26009785513567685	0.3767969836313839	-0.853087825353414
-0.7040903516033783	-0.3229471569185835	0.553205872193417
0.11715636592222613	0.9185070295685005	-0.17571259676041429
0.5047334371856234	0.7672661572982288	0.27054227728687696
-0.29499740143233993	0.8009303573353207	0.45879225180707145
-0.39265147874364037	0.8367707661151177	-0.0931846337290527
-0.3546356219130234	0.6483244701063994	-0.6260156407175711
0.39070080649143185	0.8128324997073445	0.3472890475140716
-0.06839608566445289	0.9303803757984276	0.13685717959003862
0.9021261956292935	-0.2403622863156986	-0.0014589187439148078
0.5210374451405164	-0.2758277656027287	0.735077989056763
-0.39012144581671226	0.8775674016456995	-0.08066358002053438
-0.7107475147800683	-0.6388036168998097	0.03444645922553058
-0.42406075738463467	-0.8064628615148566	-0.09120763773697484
0.6208158906420252	0.5274143993073898	-0.4839452365083456
0.3345981658689193	0.888161690808326	0.18022815939047387
-0.17318217580913783	0.7957423528285166	0.5103566664452636
-0.6690607737854385	-0.6899960172967101	0.25389564149523813
0.610100364452229	0.07463714809731263	-0.7237622471216171
0.7027480539395001	-0.09753185019058346	0.6475261949601847
0.1730908947540717	0.04373771206503508	0.36916824772361023
0.43219470855572373	-0.06843803671749824	0.4733155765125251
-0.09270005352070934	-0.8687303353848905	0.07850998229707293
-0.30140662499904647	-0.24696683752960938	-0.917337807141382
-0.0989520991623867	0.1277574971746366	-0.17669105058825654
0.260574818494014	0.14884192324034434	0.1346244236982878
-0.22610012384828906	-0.11667929466623747	-0.5931826613411351
-0.25264032916317286	-0.007152226671594306	0.19639150630651847
-0.17964818234014324	0.052432177797124495	0.26102306436989925
0.35193965626427876	0.5593304679839144	0.17730157905624952
-0.7322444115426383	0.667361295879893	0.10706631511984996
-0.6410010693799867	0.719502917450908	0.06524851739901731
-0.2920168006423589	0.02390946327469221	0.21450891134330968
-0.4790042499357973	0.2690482068704926	0.034912036038897226
-0.7625990763941047	0.5376140691402691	0.23674675543232504
0.34216846638378096	-0.5224444784460788	-0.6968324349284094
0.2446789372449061	-0.36528475593094517	-0.4880428911006594
-0.23651348539533387	-0.019852892105240483	0.25593750986269287
0.20213221435871043	0.6531973924341653	-0.0008883810409836009
-0.20806083353192	0.015066809712618895	0.27036753855741597
-0.09136015357428899	-0.8188885737207338	0.5581066732196183
-0.0056148429757980935	-0.6684670869551161	0.5023484648965352
-0.12603419987407466	-0.8837703439989579	0.13187205784494474
-0.0812431717306739	-0.5598045442031091	0.3721037392762604
-0.11150178259783058	-0.5212951443515712	0.42877644555665984
-0.1732641782022777	-0.46158340503362644	0.8433553671027524
-0.16354450120421435	-0.2960845456322887	0.575260414628086
-0.15474655751555916	-0.4909371909536073	0.8278797965037235
-0.018708272482921635	-0.5618764290843893	0.5147108461533608
-0.11492284020221694	-0.2952854096403557	0.5565065143059713
-0.2215370559948719	-0.7667855145312684	0.014482102318101053
0.4173054783414024	0.30022567113001863	-0.5268887428248907
-0.05698824336472819	-0.4654081504109276	-0.19940913996597284
0.21592008373087548	-0.06132383053881318	-0.6062979569968934
0.3477749595405838	0.3611882170909124	0.8149099612662348
0.26369109571836286	0.2926880804086908	0.5630431070548385
0.41347267489994294	0.11800261407072618	0.6213662240554776
0.26711257354899925	0.2737843553954379	0.5503787072175989
0.16377927039446266	0.19067442837515775	0.5917327353212329
0.008421636659321198	0.2874090526206112	0.7752100917517305
-0.2759063715676437	-0.011602496927918692	0.2434491805367054
-0.21088215375652355	0.1677042939271967	-0.06327506731952715
0.336719085367542	-0.014633498477886715	0.48551228463960294
0.467802273402635	-0.4036402897395585	-0.106440799319761
0.5076906503840848	-0.3702272123426385	-0.11970561583817294
0.2403159510502027	-0.30943913355772384	0.30859653251092584
0.8870849273760423	-0.31903840463045224	0.18685017499240403
-0.5159972213136087	0.06294101023437682	0.22500590136353463
0.6077669726423301	-0.1626972414593998	0.14233660387013924
0.5935752562765138	-0.21903575619455623	0.17604583874516508
0.6222207049355202	-0.17643261869130014	0.11310914321564006
-0.10235193571962428	0.8966452269314873	-0.311119295117663
-0.08102736186782789	0.6718534631643084	-0.27961675919949225
-0.2701999642686661	0.06871504094806502	0.24111128031377288
-0.13249327739503733	-0.10418400708576908	-0.9743580996560198
0.4699307891963176	-0.8164030548688805	0.06222462544869513
0.7240701578112776	-0.2926593108243596	-0.5446961129324841
0.3380055255274156	0.7707237863038042	-0.4705903701446583
-0.3114035134951188	0.1532965574169878	-0.9116794641389181
0.730413505434138	-0.4600157748229655	-0.3865931062212683
-0.1695105493875541	0.19743421874226968	-0.12917487434807037
0.1184165533868118	-0.6556952012135192	-0.611471886936298
0.5473465422502344	-0.02470667888624451	0.7848916572383381
0.7777130082017187	0.11340239475737286	-0.5505939743434526
0.14192093221957133	0.8630139073549636	0.38092092589577375
0.8950260680195532	0.3297673060870396	0.01068208796472943
0.10701181811441904	-0.6675463960460839	-0.6275985508083087
-0.055130933361520286	-0.07801008279989853	-0.974060954001287
-0.09978176392800786	-0.058286109935680425	-0.7109787328527521
-0.12870407849317853	-0.08488255556558048	0.9225180235359981
-0.19574782997556284	0.011826719764354218	0.3338056912443628
-0.05285468589061461	0.14643383553586356	0.7626592224518078
-0.08782454468476725	-0.03247112873401577	0.634478924184363
0.16984536368319644	0.4273420626727062	0.46931073877975843
0.1284411092806811	0.40400072432482115	0.6919500511008759
-0.13641407256601268	0.09099885030784892	0.3300483004491348
-0.29689042944812005	0.3854965152989877	-0.8672997154202503
0.7131836618393613	0.5860911261926764	-0.24463970603516502
-0.08848849738601618	0.39685591754806265	-0.8502201583927261
0.7317201369412741	-0.17064855613833677	-0.4829423869376517
-0.2659645187762214	0.3301949764738207	-0.863433470224687
0.44247983472584007	0.5359713626178212	-0.6430108473740788
0.15724329395165934	0.6388006678157431	-0.6843136639925403
-0.21546512973752852	0.38408281515165293	-0.8835338934511808
0.03906871742625481	0.3801439912729139	-0.8451704481314186
-0.05349021238364084	0.8188822148565393	-0.49823496101449316
-0.3720376010499192	0.3581153600496035	-0.8358952957939956
-0.21594290163345536	0.43490356283908116	-0.8326435398633785
-0.058662377273513575	0.31218707224796	-0.2689352950259501
0.640480940764815	-0.3896509554072982	-0.4614617059383832
-0.1275063057788202	-0.8941850287628562	0.07072483060149044
0.517606637816457	-0.2985732993689544	-0.347933711589732
0.4792189018199182	-0.28594312440852854	-0.30292888198415785
-0.14895936486390468	0.5619139521067182	0.8080761516926143
-0.2681830814679278	-0.046437482135877395	0.26403547521267356
-0.10930886418040339	0.42353183406381123	0.5665729475903946
-0.04560212473792435	0.37713204490907476	0.5045704602956171
0.15454740123950017	-0.5651439633291546	-0.774088586679873
-0.014104206529139025	-0.8190958439220962	0.12504060889746343
0.1410107311401708	-0.3530883323831144	-0.43393753594894113
-0.15959439799930542	-0.07177556305809958	0.2127757680382936
0.19691288788979774	-0.5704679613287573	-0.6947906489618537
-0.7696510952338503	-0.622044327990904	0.1118552316745924
0.45942938368487674	0.4049386449453555	-0.44304717796794507
-0.4941830352750105	-0.40058573832564437	0.09588941849485744
0.11004585367030387	0.10678048809780726	0.13616049408318134
-0.743223241183584	-0.5633332770190335	0.12311040364192795
0.25088618424122056	-0.46171788913699413	-0.2734325433821429
0.275813263126623	-0.48384808878388874	-0.359784151317949
0.09690958112614627	-0.7076135733125153	0.05532188429708467
0.5511227726137451	0.49098778825895206	-0.5128830809396527
0.4431946490995059	0.41153798932529967	-0.3783171899547078
-0.2752917375361435	-0.05765101956289023	0.26639353740923566
0.07951161472122337	-0.5027425994760563	-0.4156604171442945
0.060989807544727034	-0.5226128173472135	-0.519486151436036
-0.7465032761477853	-0.052064634950140194	0.5307053192105382
-0.5589754411694897	0.01685841026383158	0.39520947784274746
-0.7085042684611345	-0.60696909949626	-0.3484590175150603
-0.32092355736161926	-0.2842470832731327	-0.10948686845059102
-0.4973483482669462	-0.41527807443889053	-0.27588066633315955
-0.5449691495943165	-0.4135014769806798	-0.28694302380451653
-0.29526099115970905	-0.17684886683629397	0.17251102664102394
0.014339003014607856	0.15123228214895676	0.09163092882681713
-0.3827754792788225	-0.013893172696392899	-0.22253512503960227
-0.33956581211487985	0.25386819755653933	-0.0022958401380178376
-0.49713930676178775	0.023260046723017916	-0.2505500898237129
-0.5670052179880276	-0.21745786647100301	-0.44277869527154967
-0.23803721446053258	0.07140859747720663	-0.08398053338635819
-0.42703723341814614	-0.13493826197786368	-0.3758122557059038
-0.29603505635023564	-0.015382637474943284	0.19266027890943146
0.07621929299314631	0.34076297914709774	0.8921966815117561
0.04611059351790864	0.30010229261729693	0.8146735998699417
-0.20617599643848405	-0.03051286117862786	0.4112711945319112
0.042529427430390114	0.2389339057928284	0.6052255065475289
-0.0033634225852557844	-0.42671635024501803	-0.8727287391253912
-0.8821529722505088	-0.2423962186458083	0.39029061640896967
0.6160357583805911	-0.7058256680672267	0.12670371681608977
-0.8339731672427706	0.4245441749856517	0.16503974848802294
0.3933858330890219	0.04951120264722359	-0.11088523596136704
-0.38476888299100603	-0.02196600989660544	-0.2417718218306738
-0.5692746721794577	0.34438506764584853	0.11244988075343643
0.16335159238648092	0.6295839482206623	0.7535161430790779
-0.04074406408739753	-0.7138402879222778	0.12890441894956722
0.11534816972098595	0.46987034048436543	0.5022977904618883
0.008428784325271034	0.2932560731099571	0.5065342729343267
0.13262612497659787	0.4036382408098972	0.4443415745747132
0.7742071122106479	0.10300034318077628	0.5472017812649174
0.45393458615623644	0.04566466480723533	0.3927660110601225
0.5717960646077885	0.04720331350642852	0.34443630601951725
0.7560841605453096	0.13231518652487648	0.4762638344903551
0.5792179586878538	0.05590090727061963	0.21424223683632257
0.6124940201843451	0.08111956031487977	0.20495870556055587
-0.19734221771794674	-0.0018601006798014577	-0.3520250711433247
-0.27383599286641647	0.024551855818472145	0.21073042950569243
-0.027360958431720664	-0.32240582393554723	-0.9393350971923486
0.0008915397626953771	-0.3045771232249468	-0.930938681492731
0.7429280016758735	-0.48558527870031937	0.14206019362343542
-0.14748857005372693	-0.7865629280573238	-0.41808505555117237
0.7994921301032437	-0.48378323350172425	0.11917363856192152
0.10590048151914734	-0.19443905891105212	-0.9050494324161955
0.1074070651027389	-0.1813456985316057	-0.9277355363585865
0.11626904635986468	-0.16046654568496813	-0.9504642825783887
0.08625299383134406	0.09844331567337991	-0.17787128957801765
-0.16942337239641167	-0.03519517440901109	0.21794323022453113
0.07966993531889341	0.08593053878330616	-0.9524542614071175
0.06962765720017755	0.1484657390497458	-0.256769760925186
-0.13953392481841334	0.24085462991387757	0.9548065038500629
-0.07149592090571898	0.17850404586676594	0.6285173895327929
-0.10049245794929719	0.18151321488667266	0.6158463680231131
-0.06890761251627138	0.24380705778474096	0.8328174032884024
-0.14582293519335102	0.1453450399692836	0.6618815455897974
-0.24535735380491222	-0.3970549544465841	-0.5023398208071782
-0.1752599068383718	-0.36869316144238395	-0.33110153470108716
-0.5194756012820092	-0.7490647434306479	-0.39833072792024454
-0.5424039129443398	-0.6833434218834233	-0.4205432809388254
-0.3911129347988343	-0.12346833453385347	0.9050238718166164
-0.4977527043872702	-0.0922934811588723	0.6132357270076205
-0.1972355868278682	-0.06780201917208904	0.40592643626460584
-0.26871815015022577	-0.04556545089334281	0.6236011062794116
-0.8034886021207663	-0.5552440052934092	0.2032679165856175
-0.5616349054483308	-0.37932689786837454	0.19984753777714395
-0.5856453239267382	-0.41983358399365245	0.1480845537375225
0.4184818253807167	0.5186808963249816	0.06664666720249765
-0.19493558039771838	0.04648226816753119	0.2559407279701781
-0.5036465619483135	0.18278134032107093	-0.802704521350663
-0.171655988113219	0.19502674353381938	-0.1394259650504924
-0.26509856371755575	0.003562393140781677	0.18800432217485075
0.3550694936950621	0.05472659300159202	-0.18799078885543216
-0.6084685042623819	-0.1934470665708908	-0.7413224493687699
-0.2246207475120462	-0.01942421896027268	0.2449386553114709
-0.1368013564293055	0.07867386125253818	-0.127235689777487
-0.4089867299003341	-0.10584681568386105	-0.5374148305857558
-0.7870882815200468	0.5991446617342536	0.12085035319365911
-0.2678930502992701	0.024296712308011358	0.26858755303609294
-0.49598857271773616	0.36207329676869743	0.01942858799958373
-0.5170060045479512	0.42916590978691577	0.0639445600803033
0.4902316253309137	-0.15695006907776096	0.3393621496547345
0.5249436932947519	-0.19817881686436006	0.3659952387700795
0.597945319867384	-0.16102097061533266	0.5225167343043273
-0.10976145255317211	0.14293953272234924	-0.053634322915622666
0.18185548508244534	-0.6180618018387891	0.04436450843589287
0.19299922305359293	-0.6498102825217176	0.09441556611224625
0.14118289409128232	0.7054779323698893	0.6875528817845713
0.10578910197438875	0.5113916737551301	0.45938009160629206
-0.000582948758442191	0.37160047468896634	0.49741753255641197
-0.004856605089965275	0.161275752697405	-0.07979319131021674
0.502875588522932	0.8189998671434011	-0.16874441839400525
-0.8485487322548261	-0.4700114893823228	-0.22300532796875894
-0.37151382635282054	-0.14051037283562023	0.1914147689724598
-0.5286669813698923	-0.2604588477288283	-0.06712134182927716
-0.6306501383962115	-0.359784400513522	-0.21655973586578167
-0.03063234632193053	-0.9037496050210125	0.0046234796794469525
0.01659790814060444	-0.8500343572598704	0.035048467758453786
0.20564612254586845	0.19084685085091568	0.06129250057680087
0.06949990858006652	-0.7459667884990779	-0.07807002668563945
-0.0081862148061091	-0.9128803332786716	-0.01909599204680609
0.06035748977782848	-0.682081921839989	-0.03187694984685206
-0.6761977328525005	0.7309193731855828	-0.02945807014243161
-0.4011397545177633	0.4923919723222532	-0.03434289535623434
0.4524260201572989	0.6195881696794449	-0.5654898196977922
0.9068282915124718	0.20445505757795693	-0.2604096728197153
0.7775443096409799	0.30283679843031475	-0.10510851787218223
0.6303204435866365	0.1504983128496457	-0.19992530284883991
0.5236479207759396	0.1321514366703279	-0.06654130818781634
0.9037659972472448	0.2394404990599361	-0.2953401160052481
0.893009623176352	0.18451069153445468	-0.2629120117680607
-0.06006105369655893	-0.061734826331981706	0.9675697678293937
-0.11374471773082859	-0.05370389016768833	0.6202879423809228
-0.05247252748654362	-0.01617058720058853	0.66505957285032
-0.01828732030716025	-0.5017713146898374	0.5408271675414016
-0.06335692842005712	-0.02825967950995731	0.9793069426854603
-0.06010317078975007	0.0919176242974958	-0.10345412250689345
-0.11372836285993865	-0.26793617061458036	-0.5828553051890618
-0.1577067357620864	-0.04960839985985492	0.20341071300626232
-0.7238990319337143	-0.6617664196748285	-0.17462363435404105
-0.5522707081392487	-0.48737922724400473	-0.17439644361085788
-0.46330562561464145	-0.4272822596159282	-0.053048206711562476
-0.3981902948912945	-0.31474417452493353	0.09948737394828584
-0.02334406100444226	0.4585200377319942	0.8826102576974842
-0.012562960127508724	0.35255666659764223	0.5808111768944332
-0.09415583362737882	0.22443607407331786	0.5592508474883738
0.03403886824558733	0.3177387165732504	0.5711642534776178
0.4385477988340133	0.503069947347251	-0.5667321220040507
0.26223180674929214	0.4571904236886087	-0.49771437705113075
-0.09590217941910398	-0.979237635032906	0.1357520381498357
-0.009134310741356703	-0.5382137475026281	0.09060778628688558
-0.9409167603488877	-0.12752379528892918	0.2958355649348474
-0.5605629997250188	-0.0647545164333284	0.3165413708599799
-0.6306535157695201	-0.08576724624944336	0.1904686157990584
-0.6672415394335438	-0.09192052717886878	0.16942682792811106
0.3989712525306723	0.38385550678453584	-0.3526762463567477
-0.12607318969323475	-0.7343226807800171	0.09176161387907421
-0.13710240491455777	-0.8214132879711044	0.07426773998105309
0.8110097502501555	-0.36684992228683017	0.3518813243189145
-0.16253613232559821	0.03875653793424351	0.30423281907871236
0.30949360811316723	-0.4287947146499192	0.37186676493134263
0.10707584296674702	-0.5830745537623517	0.17307441684679925
0.5612272088866888	-0.22588612068796227	0.2370473334085198
0.6706990733292741	0.6520899234286502	-0.33406395867213234
0.41666509504345633	0.4723247221747267	-0.21400614987611533
0.11848295599797415	-0.6196620609265394	-0.32615934157872245
-0.1115785750329918	-0.891390949063985	0.007856560711792538
-0.17020599914241158	-0.0575448132446663	0.24447088872972758
-0.8283069624416612	-0.19571477957874528	-0.5144270459419521
-0.171924535821924	0.03725892746812852	-0.06046640996113961
-0.16733670947797843	-0.07199483078763048	-0.3718975311702041
-0.2348516116110024	-0.07049973338939863	0.1881713638392652
-0.2059562653080564	-0.9630178020924508	0.1336934213064865
-0.17733292948284574	-0.7038396856787478	0.10452152722483303
-0.31949865199728245	-0.7703466164703751	-0.5434288439718733
-0.23392407829039297	-0.5784841122742795	-0.3383534059035975
0.11981822843488332	0.13223875964907986	0.10106466110682215
0.08929958709211777	-0.2234559026057044	0.33164349986849534
0.43819913678187783	-0.5082808382752111	-0.015622921926101003
-0.0046414231420741445	-0.9532415653031648	0.27420844550999646
0.013649952153096653	-0.6315726925467186	0.1713965750745938
-0.024883042185597243	-0.6638259261221872	0.1950121197726677
-0.21189620938723808	0.5731640224804169	0.2659208508478111
-0.30437524321485104	0.3460730723791631	0.8828818381784951
-0.13504334432868761	0.26064984910618716	0.5786606400881923
-0.22868695208565554	0.26138198825562264	0.6912148805553129
-0.14338700093712167	-0.5097402981963663	0.8167738250790517
-0.10864265455596114	-0.2691789861707426	0.48033518395361235
-0.11058006679277758	-0.12087412556855077	0.27169568197493627
-0.25086599452350317	0.18511414792402406	0.6697926564939559
-0.3085791918916525	0.20482438328072258	0.5578312165431951
-0.34519004785462926	0.2009318780630111	0.5474938576300505
-0.7699723894996819	0.13390830050952174	-0.6172254085525776
0.8177894859019031	0.4983510238454925	0.05161822477406554
-0.3450276927438816	0.8666331519390867	0.25042500474042834
-0.9669378433189796	0.007205999407177045	-0.025876596351554516
0.17379139280814607	0.9369200997351955	-0.005625845537994913
-0.4121809374095683	0.07335166288589651	-0.4439544201049733
-0.5229137495770846	0.3605657184198664	-0.7284664403593152
-0.22875257126999235	0.017086368987247656	0.20322692197889913
-0.16779201591189025	0.225448686864406	-0.1227722463276999
0.13558914444457712	-0.028861382916831945	0.9630457036046182
0.20806411510385012	-0.3362969037832607	0.45518557730518633
0.1828557836017234	-0.019917319228281258	0.7257416987277951
0.9018465559017571	-0.3202252083162579	0.2533926133382566
0.6147351146627306	-0.16537894896921188	0.36696097834548747
0.6761094513633112	0.15941540341724578	-0.6547145351611025
0.517870148186101	0.283606865926611	-0.7533655698278987
0.5936345475227539	-0.1991975506247519	0.1458879069770096
0.9370901553471053	-0.11351486635634887	-0.02222101232514065
0.8957030093467104	-0.23486873460625887	0.26079840721293973
0.5387714111629327	-0.19915795777548348	0.21148100809907155
-0.03898281304363732	-0.9657680016209108	0.21512488590963794
0.14691137425670825	-0.7227799842517351	0.5850114724843999
0.10779191440382076	-0.5099649588092687	0.4291037483935557
0.10926826779256332	-0.6624350078175453	0.5428332763095252
0.5574539087671297	0.4968599497824301	-0.6001594246958736
0.37991484344018306	0.3300226194562778	-0.29862123907208665
0.39307586535212574	0.3923311752367765	-0.43822170537811445
0.5434889022750435	0.4966540947199996	-0.5686469228926232
-0.28505267624141745	-0.005118422656765835	0.18070508310104458
-0.1835302667267738	0.18169182417510793	-0.07606714830269862
-0.4759934741021016	-0.005822267457547995	-0.39728914761634493
0.16157769663386343	0.2759040077196876	-0.6843567017782503
0.186710588467714	0.2759698389057896	-0.6731731692682366
0.16899956286896467	0.2630204127075964	-0.6656623041358495
-0.22357589496007926	0.0035709400256240744	0.21417233479629505
0.2069336910402141	0.28488600768971456	-0.46715619279441645
-0.31448456923101953	-0.02192307609221356	-0.9201998213165293
-0.12035779931846859	0.16651924246447053	-0.14014312428551662
-0.18868131386430195	-0.037684536297379646	0.16849098512510322
-0.5184977222600515	0.7454549984370009	0.2955856306447308
-0.5096824366628107	0.7440948995403687	0.28953015706151436
-0.27324313403915784	-0.01281563427669202	0.3151690260221081
-0.35030699911052054	0.5092108525240068	0.1690469892788632
-0.5855731756914219	0.14373308010742036	-0.7779404815844835
-0.6141383698813233	0.25262660916774793	-0.7073600676386275
-0.34404509350709817	0.042895891091304775	-0.5277244173544883
0.35628411104993896	0.09204765349626973	-0.8863728864653259
-0.5166786252249577	-0.11081972618655146	-0.8275855321658173
0.2769384693646524	-0.847925447706778	-0.2865970672574389
0.6036273491110994	0.4826065054610064	0.5253496673215567
-0.6606579504006534	0.15057408667430705	-0.709325725531143
-0.5122007625525854	0.20000630861919957	-0.808282233562744
-0.47827826955468583	-0.09428236872233776	-0.8376818272279238
-0.6881211863372815	0.32904534226714094	-0.6048029593804681
-0.43384416400563514	-0.08938553913598735	-0.8481258200042371
0.7441600531197836	-0.5792761258910258	-0.01119621204036852
-0.4655066353645414	-0.6073616937879782	0.5691586087809598
0.11580114966963173	0.7927617937485326	-0.4733262674643585
0.6218298403630117	0.44188519701370793	-0.5689229320656506
-0.5776521806417337	0.20692225843376658	-0.7640464251245954
-0.6859384626459254	0.06763301919078779	-0.6822773169809708
-0.25746736649590996	0.052132679800160966	0.14599759492370465
-0.11753134971792017	0.19514449704154466	-0.1369443317096425
0.008462906335958822	-0.625595252258526	0.7768561158688062
0.017013966927977107	-0.586249248817007	0.7725559115886556
0.002679183032154057	-0.3864715154950863	0.4840426287900772
-0.8460199150683605	-0.5229516682985458	0.05189809551617097
-0.5554086304603164	-0.3079230776687657	-0.06782850466741049
-0.5381667231888477	-0.31934971893946623	0.06738020223694927
-0.4736429909598168	-0.22261751347269182	0.14509167187057168
0.5515617832382017	0.5171507793113606	-0.5287477172020868
0.3813799063576678	0.42433951944023257	-0.3767882005318187
0.006902077424807872	-0.4689628646625334	-0.42196593316988634
0.4415819600968886	0.44758756703491986	-0.7060376173317704
0.3471160617408555	0.3490026669555303	-0.534168814958516
0.4879847015036948	0.4672340516665113	-0.5709146051251957
0.10300813284041703	0.26806767661297104	-0.3218657050668946
-0.18264965353026597	0.020000604921811632	0.20877458989466005
-0.15844602451361042	0.2195994975528847	-0.18481359079585566
-0.1748028865166155	-0.9756145038099767	0.062135690400939865
-0.1336612159753392	-0.7543803618670287	0.05239595767820194
0.4870896180630208	0.5417351482227966	-0.5317747129515146
0.2909204071542702	0.4761385783284916	-0.39630474671894855
0.4357285273319148	0.3623278964532193	-0.3658851107626956
0.20516670321320835	0.20096120282766275	-0.030120836618859177
0.31563727480410675	0.7389769624846181	0.505633943154709
0.5635155263387989	0.40799288370247455	0.11084561175721637
0.6202634911287352	0.3887317456029314	0.07920094146756151
-0.119975079032318	-0.8863459905760855	0.08615531207647552
0.15110254943813972	0.4692696921029842	0.40847571815992195
0.3394668846159162	-0.5805986083991576	0.05677979995470728
-0.5054718947634833	-0.20732415501808535	-0.8350472388586682
0.4496082264214319	0.4043973438179428	-0.4773041554439942
-0.09136446408893535	0.15060433021759237	-0.12496412856734378
-0.7618860907839896	-0.5631045640470405	0.1207026057973481
0.06230648276876921	0.10936260779091707	0.06419819532499706
0.5008244891685066	-0.17539056995261335	0.39217989086842125
0.5649143334889242	-0.43035823559058267	-0.01412207537325028
-0.28204041783935657	-0.02662461181166079	0.17414862572064585
-0.22308077999779394	0.21991177302093556	-0.106506674784017
-0.08264040937428732	-0.7051391569454788	0.10928337277497964
-0.8973662129512109	-0.33527611051153816	0.2703602968234953
-0.6815416633315662	-0.09621763251825986	0.46000586260458254
-0.1979001517930195	0.12164176405862276	-0.08023478512408844
-0.3429368107927786	-0.04996301479478184	0.3265853718420858
-0.20493656129832943	-0.7915089667628185	0.023038235809936407
-0.37887465679549825	0.5799091499426132	0.7151237577854439
-0.2471216296764254	0.04131910426344375	0.2881500300068162
-0.27157748085045824	0.3922401372562392	0.48742840762177964
-0.08742681853347982	0.3355098328141808	0.7058342297315419
0.05956273783691819	0.4391452095116038	-0.48550714286007046
-0.0038921378842370993	0.40471150165020137	-0.6137859208184414
-0.20786894075087062	0.011966403502002645	0.21262878459508505
-0.24525461663670492	0.006303870750596767	0.19596973958102068
-0.32809913962114856	0.5659867287011902	-0.43482556486688223
-0.22362488683180232	0.4773324524627724	-0.23653077689045218
-0.24431582001670843	-0.12716158051714088	0.19399962300109272
0.019685420003027764	0.236613754887917	0.686653763971417
0.3902295873129502	0.01486775351117488	-0.18866191404645355
-0.14333174564856144	-0.0033273837207214428	-0.1707471596648148
-0.949642534264608	-0.2864312370315609	0.08817354825480066
-0.5404826743915212	-0.11126915638718575	0.09101079927542964
0.9070547362415416	0.2717950539349844	-0.30642527336125513
0.5521725747380967	0.1446242447961076	-0.10398426342814543
0.6254776825530353	0.1770016814755316	-0.21483781669840613
0.6691187885533519	0.22156716296619713	-0.22337750373820595
0.9071751938851774	0.24884760575963905	-0.3049705778959564
0.34845509080152387	-0.8296648340082705	-0.4228475575073343
0.23712504379184884	-0.5576840657345548	-0.2909934969294528
0.2724548757679862	-0.2578682478137611	-0.06589626390763853
0.13365551403837708	-0.435189838775692	0.030289107935108726
-0.09350796620722666	-0.9024977730807278	0.017705277259523394
-0.9298087198864006	-0.35099641702304335	-0.06335221927846259
-0.4513273433657802	-0.12297862017609863	0.17319961140787565
-0.4833172373387655	-0.11809252527754259	0.029076039042750565
0.28940879042718143	0.4968629437125494	0.38052167909377227
-0.8871994537839607	0.09057630984812882	0.444990435542947
-0.8624395035900826	0.1009116280695815	0.43878236552188843
0.9624113944276347	0.18170953599198664	0.15714331994162947
0.13878963873173616	0.23257959044688598	0.6970909149082402
-0.739140318313079	0.5984655546794769	-0.06238245280552745
0.06285317043001613	0.20783848734551943	0.13470932509605174
-0.5015434889867733	0.43872783340801963	-0.015446861516906827
-0.32004717327129595	0.1314662676982966	0.23393824756823445
0.27202152721233747	-0.40089282973357476	0.8696421912593019
0.24411361777228324	-0.5010848883542365	0.43902151945227874
0.19129745507879206	-0.25967323027032124	0.6247619432654632
0.262763905415653	-0.19853498529254873	0.9014718562442652
-0.04713042050492753	0.02126893802706583	0.6685057384354827
-0.1739562998860478	0.9228808438920544	0.3310463252815104
-0.11787835758399301	0.5034554110803413	0.10167342990045926
-0.171536261925723	-0.04843621764535831	0.21070200040080236
-0.5870385074825726	-0.4544924401949999	0.06364961180900724
-0.044992977220149374	0.1258592297648416	-0.15532602951022123
0.5656764015844845	0.49358728531971113	-0.5438182766482977
0.3881065968350129	0.3625480879314222	-0.39848581171417885
-0.1834916775335871	-0.9748829367052538	0.05760929868930392
-0.244513294627476	0.10483113587832765	-0.9596672457455052
0.5116683923132882	0.4280962630283626	-0.669573276390618
-0.15638579256038684	0.0799025125769768	-0.9583737596492323
0.1295015990088887	0.1814423854027904	-0.9324941298288898
0.19974805042232543	0.2451474398119348	-0.8995668624677625
0.3303153608931067	0.8635098753495132	-0.22422287555117087
-0.7224146228274596	-0.6116873285528589	-0.16023818133664763
0.5494313715859476	0.4064193005537509	-0.6422352031871287
0.7513440483351649	-0.1254798392613243	0.5391807491772548
0.1656098864350397	-0.051325732559388965	0.9523955147027066
0.30020615186341093	0.03597186390635034	0.47120669611156796
0.31087567998482885	-0.09190773818740829	0.7490755350664238
0.09278059743590204	-0.03313447972023432	0.620575237977651
0.10368159585014745	0.11229407065786033	0.5818146969385645
-0.31379875478222996	0.010513969346028933	-0.9470045662526575
-0.3252053551555412	-0.011728383749652063	-0.9318382392294722
0.6644239580564286	-0.07973502804211352	-0.6628665540657609
0.3141161754027819	-0.43332251224636575	-0.7946742666722937
-0.07242514103656822	0.1454875493380449	-0.9576789069184238
-0.43678230391754075	-0.05512467836026861	0.17808772337545115
0.0450999480445518	-0.6021311282065538	0.46070304013417684
-0.4079478839428931	0.10258044591055263	0.011466385253350421
0.6951465789526945	0.6030189175465732	0.3196030999947137
0.4518098385301032	0.41321961602710483	0.21631110769425718
0.33010131358973843	0.2625350670455773	0.29296074677998385
-0.5217870705826712	0.45314034637755685	0.7110870513171488
-0.4066871874881742	0.29831541416047974	0.5404045496659174
-0.3764516226119961	0.3309490764654891	0.4657393830468136
0.3579089299276645	-0.1887552518246921	0.5331067250176084
-0.1426746487043836	-0.6033716636767344	0.33724537722157605
-0.0748287111019514	-0.5804203768514757	0.29752880463323494
0.3901097795225154	0.4765842914781677	-0.372442249392644
0.5258332501036022	0.5318208750168812	-0.51480883792514
-0.14237747474221152	-0.10520165262379877	0.25036399005844384
-0.09742824881676936	-0.8295448561213149	0.050582122992914924
0.48372920242283024	-0.3377783825408711	0.24219939146027739
0.5424132798103585	-0.22916594203719684	0.3961834564826246
-0.4776720784564413	-0.8602949529486333	0.13458750519529422
-0.27215754947815296	-0.8561589545429922	0.0996897686862905
-0.3497311619306218	-0.5987200581397158	0.10786401319335225
-0.6179083619130965	-0.6524616966494744	0.42941772401279416
-0.4097654815219487	-0.39177006444180046	0.3257090000095392
-0.4288986435024206	-0.4546304132042332	0.29834513991128914
0.49472216485832926	-0.24711340350213482	0.4114093969602593
0.4949689948745567	-0.45308002618181653	0.20301213917345
0.6632987150827961	-0.6376394692474279	0.27995222561003236
0.43253867722288164	-0.44478406588646396	0.24788623352109102
-0.4235249787554026	0.513003794915349	0.020873785695262097
-0.38073146799000057	0.35187815959850355	0.17535447647756916
0.4559991614398418	0.4384234451686629	-0.19119614062785623
-0.362377576939296	0.26769325350986944	-0.08380834980695359
-0.3734774960432044	0.04972618935986935	0.1756812066640947
0.5643719821797081	0.16345142458192494	0.7613795741427377
0.5398543261901945	0.20874994199532176	0.7535267907775225
0.5506328453869529	0.18776406186761985	0.7526130430651181
0.5262302874301169	0.05137179742406999	0.6482807780250873
0.5168604137419323	-0.029849341325613152	0.6343729501499303
0.3965780641200764	0.12279493026223082	0.4911394660477166
-0.16395999622469085	0.15147815301677334	-0.1652244462272754
-0.2472430026268469	0.0033635090985904073	0.22732617969381186
-0.3941641773311906	0.07862277913295235	-0.527089208790576
0.57962173025716	-0.18014530115200947	0.18707372061579494
0.5599343819958658	-0.1586505058202873	0.2342854980050938
0.6599665265474645	-0.15107650819470475	0.17461632464836474
0.3692064270405681	0.623435856935867	-0.1261220567151081
0.4538702558431992	0.653820330990581	0.035299368452220745
0.4702826982163275	0.7908825236907983	-0.1702738053937017
0.7350796296137946	0.5856752744571404	0.3273720758984655
0.583081625548492	0.5740635180254234	0.24869886281400647
0.5202411352160238	0.39575058491715925	0.23794745197311115
0.48898643494462796	0.3978422403324556	0.2744122276024147
-0.22081361206171923	0.6722943698092332	-0.6481099231831148
-0.22960057682161658	0.6914306636166724	-0.5753831537942883
-0.17600908551764416	0.37548742992037265	-0.2737879682985191
-0.11836486665474043	-0.9779526730946165	0.138131746508639
-0.03439507784250923	-0.705401429028671	0.1174456926935917
0.58917372891779	-0.3137346239970102	-0.09061756719219431
0.5973550350915755	-0.2600273514086541	-0.12813236529274488
-0.9278562976348237	0.3528046708332462	0.06592514537956932
-0.7251663800250855	0.2729665642153611	-0.5831653660377443
-0.8259179875616945	0.4800938535351269	-0.20963893403663697
-0.5932148949922791	0.32943559846391135	-0.19386957353590067
0.433796632460969	0.05766229717609688	-0.16810236802458922
-0.39119548183168623	0.30155033309658896	-0.06250507113200908
0.5639740776290499	-0.002247049579608962	0.29569890908891194
-0.11958174897523359	-0.9009034121832685	0.08608980270671249
0.22859775479740976	0.6388190232180856	-0.18400432639698233
-0.13614198394040558	0.037832620145166154	0.20918782104515327
0.5314710205011236	-0.11686782085728957	-0.36177303512823034
-0.14822869469949496	0.15674582393958456	-0.12652192816901672
0.1722203479177713	0.20170878786774496	-0.4259475306728139
-0.2343594948719733	0.005121691168571177	0.19502960093627814
-0.173922269435079	-0.8735742008192479	0.006555454406856347
-0.9430286721449598	0.21577504195704025	0.06908389548535875
-0.5287740456784449	0.09436469300729376	0.20576576450752748
-0.5128277310639144	0.22762525898964542	0.03681545392884927
0.12623766158611657	-0.2875900110874577	0.9429480375590861
0.1060061639742695	-0.18311332253956913	0.6157019754233625
0.0067089474868402815	-0.16143456193406658	0.5953939295304755
0.5449424444447767	-0.23590470495188942	-0.7312143511078241
0.41972179642199486	-0.13310338162245322	-0.5308777577236421
0.20898093842515578	0.1253065791906048	-0.006192622102548942
0.3783157651402842	-0.16857045814338398	-0.41265384817911654
-0.8556283284687385	0.4836825055903326	-0.16282847082630714
-0.48570564481265593	0.3353620512294489	-0.07099745032395205
0.3129291105661527	-0.4094006831992054	0.12867041988225994
0.516333312573352	-0.30393437504482174	-0.26885511463069595
0.5365265667792732	-0.3480087559508031	-0.24970973165118207
0.2886778585343502	0.6101160213253759	0.21691153983192565
0.462879000399448	0.022308799922722666	0.5033197316498771
-0.14227317720257543	-0.8893336970813108	0.0711801525004031
0.09167696543913334	0.6235714699929746	-0.3653289034299944
-0.6980050002505307	-0.3209832691966907	-0.6356187565908114
-0.12388447102866523	0.1676900917296055	-0.08680100833769443
-0.6786275827536118	-0.2934144073198539	-0.6502892144351661
0.5590053565776603	0.47856320619865933	-0.4943529713930966
-0.32174986800734207	-0.013456885879393211	0.17139158540020127
0.20813651269343664	0.5450073167298234	-0.38689169207266894
0.2630079705821567	0.5926592960604362	-0.3542491597044276
-0.05354020590995759	-0.9884343346491369	0.07917708058920218
-0.025805926373101716	-0.6859323372429845	0.07763914856297713
0.3582524603113809	0.054129594858159914	-0.5218604981699263
0.4714754605271811	0.08243114377393923	-0.5248882564050608
0.030725266199981775	0.32256551334139283	0.6667477253386466
0.06872369248102306	0.5597653047653919	0.31406287747184564
0.08071717400760156	0.5852999557225409	0.24007956722268203
-0.2541468756781554	0.25004295415103295	0.6172629083778913
-0.14020686761505158	-0.8856628248943883	0.09387525698440338
-0.1238444137173638	-0.8811684027733158	0.08112499155540775
0.4996502641655106	-0.3284175621210771	-0.38076882058075884
0.38359010463640997	-0.3568097447884637	-0.2233116232738399
0.1878346938322206	-0.6105442267521538	0.2981284954822933
-0.15757987117915667	-0.8770391318958125	0.13763210405327708
-0.5230849730531496	-0.22821480243905354	0.38317803689612756
0.3595313941295953	-0.2997786000788853	-0.49727814668337506
0.4756811008417707	-0.015580767929704547	0.3582982105841084
0.5350333099537382	-0.013896860127012207	0.36949095750892746
-0.18576716022784845	-0.42744631424349583	0.8636188640450557
-0.14265656528686493	-0.25736187971338387	0.5573457764124127
-0.38361073539929347	-0.10682429386055223	0.5453164102258254
-0.6234568928374011	-0.12066197492591159	0.5705243556066787
-0.37156056460192105	0.5623985821363928	-0.7333053600797012
-0.2930137111163081	0.33698624197479965	-0.526539530708664
-0.19500947125450085	0.6615396843616133	-0.6822345969205051
0.8363447008281154	0.3454551027340343	0.002017425480256215
0.5802871840112491	0.20361645404684336	0.0786878621148324
0.633669910141702	0.2578580762243559	0.03637771520359082
0.6514441323407077	0.25660646898346096	0.010610828477756627
0.8319308296348713	0.35640103411557716	0.0076972922655197075
0.3796742076527509	0.35522662715793774	-0.4548661394644336
0.5162582839214624	0.4545106057999988	-0.5854425999601087
0.12801159632895687	-0.2478884755183639	0.6479815062555313
-0.024663664382884542	-0.24699638229020107	0.5666725236555576
0.057296013171242305	-0.483453189320814	0.6031563850783842
0.5228566915395455	0.3653057672621287	0.07509056713850543
0.782606844854248	0.4502548226900783	0.012975529507616268
0.5743506462322162	0.42994964860543816	0.014476906069862917
0.42916455275832127	0.34141077545766757	-0.40958218060075696
0.5686752500230489	0.45922352917070663	-0.540181210151887
-0.8316667462051232	-0.13470233666114964	0.531775370169852
-0.5733302568473444	-0.05960298016206144	0.3352563277793998
-0.6017353730808531	-0.09414012044020047	0.2848751952771626
-0.7527828510276671	-0.100186164906135	0.5205134705069216
0.05180724249201211	0.9498390141649928	0.2923398022506964
0.016397291678926933	0.6034034951014412	0.2788855645142367
0.007119441369750907	0.5727740466021497	0.10491776619105689
0.4781571207955626	0.501751377189806	-0.5755389631342082
0.28587807514838215	0.42428653425803586	-0.47536632547292096
-0.07181989600235686	0.5312091101538924	0.27296021218139077
-0.1385820697218237	0.3648717851635619	0.37172202377286734
-0.13297816651532168	0.0900514993863826	-0.17862786623549076
-0.14278120148343498	-0.88284020433233	0.06153449125947147
0.05808264682043551	0.845377503974369	0.5146320528035703
0.030387318217793977	0.5106055388895328	0.24355283174940362
0.42436628948570454	0.014650719237199569	0.5291091802628548
0.05787030615421653	0.55434551136132	0.2961906594997566
-0.8875391435923751	0.3643687243711344	0.26627349580985865
-0.21856391403607556	0.047656016762791624	0.23976049165830074
-0.46033525803064834	0.21114449590318626	-0.04001093362563469
0.4139408806686051	-0.21634171690960904	-0.8791739540575779
0.3710908966825505	-0.07658385672309675	-0.8887774059897016
0.4309229068186376	-0.2302062754464375	-0.8424362215333637
0.392786124089858	-0.29370458694442103	-0.8067060009436251
0.40405021672722136	0.10606645926195878	0.864442324987121
0.20809881799615468	0.3122147584006615	0.91968976789854
-0.12001057974443395	0.027143419332938606	0.5659492029830469
-0.24259908445946238	0.9325825298347535	-0.2449337234077021
-0.1613437874001434	0.6520053999358629	-0.15567559567955053
-0.2774470444894627	-0.0028649425684468327	0.2222996439926339
0.15910807110895586	0.18941309552092755	0.07239393221786489
-0.22559622770091853	0.20967693396916662	-0.12954972698541523
-0.10657840956864441	0.1080487386438161	-0.17174907980254014
0.47399853532357505	0.23788926633503135	0.8372604678314705
0.49768899105312925	0.22223163321462186	0.772214747795165
0.47822464598375364	0.047654743079717204	0.6492475402652711
0.3123890353815929	0.18485378077213543	0.5753387157365302
0.46439774057907984	0.068678186967247	0.6505518537801552
0.24215339073761097	0.020975895703493203	-0.5556195780321017
0.10843159190929978	0.897851473289649	-0.41774016383133505
0.06193432046865949	0.5989071245012648	-0.2749817369852104
-0.21161354798093499	0.050302429273393304	0.2473396108759088
-0.12714173204286666	-0.030983445705859668	0.24558962930052688
0.5054550924312474	0.14329217099247823	-0.4694669101936344
0.36964456489515907	0.1217327569086735	-0.5416102949048265
0.472383537563267	-0.18132522675801635	-0.24514476722723727
0.5319591109107688	-0.17765330917014727	-0.39634796961760854
0.42355092554291557	0.1935332904183867	-0.5300340260641907
0.5231897317090732	0.3538656780087557	-0.5734510125413331
0.3923484895933286	0.19516095588558416	-0.2596664060591783
-0.09316936485917837	-0.8633059844270219	0.21285660218225677
-0.04494709527908418	0.35036173368429596	0.7043185675314724
-0.17532503811110323	0.3607230402642381	0.49595311234731126
-0.02102864134707118	-0.709563005856239	0.700058530616659
-0.06244838633284256	-0.4149212130593591	0.4686260308634152
-0.00190933422946496	-0.4765312861105774	0.4630171786500131
0.05380424795826449	-0.3986879979273851	0.4535078008134431
-0.5601882750385311	0.6409625454868826	0.5125654241537786
-0.3573791954952098	0.4397547780884112	0.3602002296794353
-0.230987788665485	-0.7276431269122444	0.6386018912409922
-0.14512369096144478	-0.5051161630747405	0.41691084678035006
-0.825779252285524	-0.42490623748891726	0.3549908527103357
-0.5409767679500166	-0.26665173239951745	0.18803361674227578
-0.5792843740664279	-0.2782799728022011	0.2389990099095657
-0.043570372130716635	-0.00812879654062584	0.29549048831260316
0.3927549790217054	0.2914337690668227	0.4984545975880544
0.35987208031324264	-0.5438182824161862	0.19761558465041984
-0.024087443048422478	-0.8918816063481896	0.12578605305443905
0.670964279780738	0.7314228569385408	-0.05949332544659554
0.4753322999085293	0.5513176405474131	-0.050754166179868644
0.5193925808246418	0.5161354721598225	-0.25335399969359834
0.45902116082791233	0.5128997365216983	-0.0041076391029340785
0.6348799893093251	-0.15890513013982374	-0.20726572794926032
0.5606299672218974	-0.1039795253503067	-0.010098676278194729
-0.7588415803828165	0.642732939827342	0.023198250493750346
-0.3950239892334867	0.399654744054778	-0.010332886447465512
0.5430657540259333	-0.35471445504856025	0.12737739704495987
-0.043830339320411596	-0.04460781763752314	-0.17291568774260682
-0.08904384916520759	0.17538913071694326	-0.19219770396910987
-0.13406806614923247	0.03456659635462491	-0.657686540492735
-0.1991225045681891	-0.017211256375855098	0.2541077797782005
0.10108852698642902	0.1353836689598982	0.03265957951710572
-0.23613329040491626	-0.859437210571906	0.007273024700691211
-0.027027425422229346	-0.7639845560480067	0.6386518212123874
-0.017384961796749688	-0.4964428218271319	0.42099980559988015
-0.5394719144762496	-0.8271659481414856	0.12229405139014994
-0.2845875992886096	-0.8643801324259613	0.0699002945235688
-0.37119332888541834	-0.5958820064950296	0.09801879455880513
0.4466677990868641	-0.4627328235857589	0.12418270517299108
0.41912698273407295	-0.5238011701701194	0.130079102022366
0.44095845450953586	-0.5022914137786864	0.06315322023298828
0.024743533602621708	-0.7354065313181077	0.6681548089323143
-0.02852482524117285	-0.5020444792904794	0.5057515319697092
0.42193644381449624	-0.05085018441397332	0.5244487604478248
-0.6114508838652657	0.11455467227674684	0.3081185299137457
0.05532483377719285	0.11910616306286792	-0.25928230867935187
0.32697266965286864	0.42924131325888687	-0.4221600637168059
0.510956319531114	0.5223336277878838	-0.5564535883652914
-0.9172183920917735	-0.3677878782588413	0.12616794681320243
-0.6140723117860418	-0.1953425098664579	0.0934626019663229
-0.10319624810526501	-0.8879230080025918	0.07413886592451922
0.465699796893202	0.050032400309311456	0.4001248268284724
0.39120515790026733	-0.009960068650824104	0.47071278824885926
-0.02717070834050023	0.12407513365914778	0.987574513053557
-0.12479271927374086	-0.8742116171167578	0.010509784041522526
-0.4096632388698375	-0.045471374527958464	-0.5220993770287644
-0.22540868657635388	-0.018293197021437838	0.21806295059821484
-0.16969996066457607	0.13692380785697356	-0.14617078936846573
-0.1409493592189116	-0.023529191800902	0.24919828736123723
0.25205964883016585	0.12622738234834435	-0.5106937578358305
-0.19175544966106473	0.16648961321347222	0.24882143659324757
-0.07465503740227454	0.734895283328545	-0.10662834125262156
0.34441390957809415	-0.21180253565748106	-0.5184716940140786
0.27499758180321204	-0.16007002932775496	-0.4652378741911186
-0.3361279277491348	-0.33506590392559815	0.4269522043357393
-0.32239166349916104	-0.41837835367505355	0.3788431953760062
-0.15410955508095966	0.13525082468716096	-0.18650259816475076
-0.21766358259754648	0.005103642907442517	0.24713147676004932
0.5370837515319167	-0.7354637342171397	-0.3539353428993236
0.5310463561472126	-0.6885258456265732	-0.3474709456957582
0.35903255813550905	-0.5014975831030306	-0.20994313180101884
-0.07461423260142569	0.144747614118478	-0.15318309718118303
-0.2456405254770097	-0.052071003268712245	-0.6440274082103762
-0.2157070072178504	-0.04905540644648906	0.23162016399353597
-0.6323706530170814	-0.4899777000986208	0.5927538579802207
-0.614826571359348	-0.423997575166878	0.6113785838128867
-0.4695121547846221	-0.36456677965146644	0.44173646047421844
-0.26031438246435734	0.025050608216841786	0.2422844605792496
-0.25788885100080394	0.4282554442972716	-0.5062476212274931
-0.17538696668459594	0.40932392405510915	-0.271126803977907
-0.18994240044214888	-0.022762783961395746	0.28272090431711083
-0.16477886014458396	-0.7363997839131697	0.024582431209398802
-0.037846042722614534	0.29801962082586164	-0.2927686080713254
-0.2107202144766834	0.9146956581458133	0.22373372074841869
-0.1502964359541774	0.6138546734414592	0.13887706461058463
-0.20190652141753848	0.4851676526789169	0.22212243747706872
0.016140695054515725	0.30438599571915254	0.6715740090388288
0.36796675302286513	-0.48575569835127536	-0.23182662254466857
0.46487339907029385	-0.3682798241881151	-0.26165100873498387
0.3722998862980394	0.24153063773025765	-0.477641431121088
-0.2077893035543494	0.3483566718235739	0.40763650087283226
-0.12455191127460315	0.5512746577454107	0.27857958067607086
-0.19424629746710328	0.1388244911625389	0.24989948187436137
-0.05098400009540971	0.6749428480102646	0.06820091728510022
0.6163045109090168	0.2984592231022048	0.17732832029776566
0.5776373192645519	0.2651345439822884	0.21610436744840608
0.16424638625684257	0.19925221859549458	0.1483632654611534
0.5340007328331897	0.4340730487264935	-0.5762721578746516
0.35099685368019445	0.31344252369073744	-0.42411364144849045
-0.35018933287429027	-0.05951998042939815	-0.47442850572226586
-0.37711945492323024	-0.04692187709229883	-0.5284403334824711
-0.4020342217937127	-0.021480113474043838	-0.5338540973842651
-0.0994875529016258	0.23268199437909629	-0.12357619667290533
-0.050962241334475016	0.2079005600647012	-0.2771872125919094
-0.22143817645960873	0.054890961748596444	0.2084510877761289
-0.19855610375124136	-0.031722201423219416	0.16919048948477486
-0.06329193026947942	0.0791477784364868	-0.6341286063477453
-0.0027025407943173842	0.16554286300676946	-0.22990154082641673
0.041905991273593096	-0.8386725237781194	0.5331409330453767
-0.017924531104715664	-0.49366466721039626	0.3822737879363064
0.02434175104496208	-0.5809642156967586	0.36120607835233587
-0.045505370044291366	0.194579316343737	-0.22097512029147287
-0.176600448534698	-0.025340322428981807	-0.5819331996279299
0.410471295750636	-0.33381603424922524	0.39314910930217883
0.5236654114692689	-0.27602027844770854	0.5113006826335414
0.3885185501324005	-0.34252565134830654	0.42351563175289714
0.4708839867978486	-0.3097191567945232	0.27081517454624043
-0.5092242255116383	0.301526049945243	0.3327142918488267
-0.524144144756056	0.24600689582647894	0.4055708986107107
-0.9715047864431497	-0.211785957631676	-0.046042641168923926
-0.4375417399982681	-0.08810730055710805	0.19261038445876352
-0.4557398779117951	-0.020669856807472072	0.017864790941421602
-0.6032380466817583	-0.12347875856197801	-0.1539201585989169
-0.957332691908957	0.25599014304142603	-0.09697500986842741
0.3120114735663109	-0.0019560832671757437	0.4626196427939781
-0.15005136380262812	0.12987446830357208	-0.11436046688803389
-0.39073559263507757	-0.1940481296935751	-0.4466765774636855
0.24515073089440131	-0.3041574592556456	-0.42881903830929696
0.25711586470135084	-0.2621604263022895	-0.5130968816369027
0.4458968061784233	-0.09918019213032848	0.4192312404148069
-0.05795874334103488	0.09870318304917343	-0.10377692357087803
-0.2362990555062852	-0.06780688362424026	0.19464965065753717
-0.32654005624654264	-0.5840127885267035	0.7358594824003181
-0.22513169353130694	-0.3741872996311295	0.4979967631258846
0.08591308651185789	-0.49547430751888516	0.2985316829146323
-0.25775969430265605	-0.35800567158701785	0.5112959920268458
0.15330175411827296	-0.3780637043817144	0.5614907082126259
-0.27657726541470884	-0.10455586845750436	0.1874131718040101
-0.08200731001001725	0.013486464278294632	-0.09317992757276652
-0.18845176545259187	-0.24884735721580586	0.6155732624326008
-0.19610074622716944	-0.22311703100120503	0.5396760850524132
0.07104973960543529	-0.1319135531860513	-0.11218001133640185
-0.16484710023414878	-0.060738150807910736	0.1885674904467978
0.5093405294722596	0.1308375262691837	0.3236447064021401
0.6336512916253458	0.7111737380187879	0.28784041404149524
0.4324134225759426	0.5152213601468927	0.20365157123567698
0.027371625287450307	-0.9847938296053621	-0.15060942643870517
0.017345923758993128	-0.725246078721481	-0.11075942678885299
0.007398547637929679	-0.6823644590506005	-0.14761806306659625
-0.5220542589421416	-0.3988413564785993	0.09533659572190378
0.2564388827464772	-0.16139070271715605	-0.2494852051060805
0.3172392638186853	-0.09954646008114072	-0.5567894161286285
-0.9703193819727213	0.21889106264379446	0.049963728656370235
-0.5574269794278818	0.17673635335936144	0.0664656891962746
0.6077256901085891	0.259578548549839	-0.13093904151145355
0.5829253784967294	0.20529249394856328	-0.03931735936885475
0.6233010795804786	0.21278823061709315	-0.08063774051078325
-0.04948858205637618	0.341257657087412	0.6432675313443701
-0.19410194859423885	0.5864618072710662	0.129881455575549
0.6227065958262764	0.35797789121343027	0.036924150155193375
0.5372722839660581	-0.764421932896978	-0.34850971420951543
0.362294670900385	-0.5243728013611225	-0.23186172611720127
0.30602626060211513	-0.5091542630231563	-0.13131540913429207
-0.2358913334995752	0.25841965096030095	0.9318899839519107
-0.1470947796259355	0.19002473294626626	0.5880741553046477
-0.057318636661339344	0.2579792432822	0.7843026507499182
-0.09480935359102736	0.16018986170431873	0.5820771197670761
0.4318147526976905	0.3533392033608283	0.36442847277380924
0.4399059042445185	0.32787286697893653	0.4258532991378464
0.04509599876585003	0.0869285989174604	0.614513182512835
-0.23439299027739138	-0.13015872681565355	0.18232179712165283
-0.10499410417633269	0.038264346965441724	-0.06218370226380159
-0.28318118666857667	-0.3933039672062962	-0.3957777927217727
-0.25710399931620775	-0.0617409518004315	0.34181693267003677
-0.4406741369082477	0.06779013336482868	0.4729102665664654
-0.17589653520308263	0.22055768696226916	-0.18679752104141797
-0.2225653377877327	-0.004208834429836895	0.18129825905775523
-0.8008195280879012	-0.568369356517519	0.1731489051024389
-0.8864474134640576	0.4501078559298424	0.05950982342319128
-0.43942342178371496	0.161579281261743	0.1894555452651221
-0.4560103295222696	0.33453062568716535	0.058719825538179074
-0.627969445128814	0.2668809474208587	-0.03022318551036678
-0.5023391691177299	0.31052631727231694	0.23158156485553466
-0.6392979122387963	0.05897404548631632	0.4114849935407151
-0.4886200725901448	0.3998048143951791	0.16295081075237766
0.02983743935389386	-0.3525234768843495	0.47507943232590666
0.6379069616981791	0.341813163462115	-0.03450830886267104
-0.13468426710990405	0.0684724637163175	0.1614482265850169
0.034665816078203134	0.26558016017648356	-0.3102145764678428
0.04968686201870035	-0.26315937987518817	-0.61057671257449
-0.24602319344055631	-0.0854972917672308	0.21130857453460428
0.1401953979606188	-0.18805152979987205	-0.38563748928200453
-0.12915509945768897	-0.8863132788640837	0.09649944427070904
0.11351017124024655	-0.5893704709294485	0.27848204429139856
0.21283080819511968	-0.6076985026463898	-0.2034138942165229
0.06407287171758173	-0.4060948355252454	0.030299986410443028
0.3591639953501008	-0.3327118360996113	-0.3746341052899611
-0.11662223294809318	-0.8902766697210533	0.06055339294439571
-0.01009321102270249	0.5052646552700872	-0.38612748268150415
-0.18524653607682626	0.17181880438205485	-0.13192040566337776
-0.5332737329173112	0.1776193854296418	-0.45411205692753176
0.018369473676242126	0.3130796931650215	0.945303878590253
0.01619733232692034	0.2283971304266545	0.5550159195347805
-0.4725176983047247	-0.410592032397523	0.7737972125489962
-0.361239725398386	-0.2547119547393716	0.5288358034921357
-0.37828236830220396	-0.2606187232541365	0.5026605693116201
-0.2605789598690754	-0.23497232447155633	0.5299709288782055
-0.8639975564766764	0.251470555119272	0.4210537788716856
-0.5527526612555373	0.174500233792778	0.296989992993261
-0.6304192319153057	0.1521149932754807	0.35577105117794827
-0.5819968085661006	0.17139165002908244	0.2199857032223746
0.4644159065053473	-0.07985873162324074	0.48033490102662996
0.4969701079305666	0.0864548962754997	-0.42248659680444933
0.5746908132415678	0.08288004480873928	-0.4130598221517484
-0.2748061603408561	-0.32506484979328915	0.17503065428197973
-0.11596256908337299	0.3362610978315641	0.9294715966984994
-0.13075004809825108	0.1847578010960558	0.6276826512951874
-0.09756228080126798	0.2574996459815282	0.6358558360919278
-0.1081734537121564	0.2917593350537009	-0.23121460476284078
-0.331950604782992	-0.6843593099194785	0.6405526840024605
-0.256678852791464	-0.4928023835006231	0.4542559804460505
-0.2577339256761324	-0.45176648209394943	0.475343438352492
0.47342912346607896	0.24839511543068118	-0.4305946711214231
0.5758905556832776	0.39496733085861535	-0.5305853548439204
0.571199831432382	-0.24478845370104707	-0.1476603053193232
0.5132760586149201	-0.290800636143183	-0.08311808022640553
-0.15686033721536005	-0.01896127818530404	0.20977835377997767
0.6220289236239492	-0.019106255324973346	-0.28966181367252464
-0.14258082453046944	-0.8223344942254475	0.5440106312364729
-0.12665885808431324	-0.5468445770004686	0.3851190960177443
-0.12614041034775428	-0.8619698251929315	0.23790385134548944
-0.09680605679790552	-0.549221437827183	0.3673768393743071
0.03028674427324249	0.975417914217727	-0.06212803458867285
0.007815496819584756	0.7119557222620982	-0.07227269329732616
-0.0017581296285115308	0.6905676257228793	-0.016754946802871616
0.2258731512033989	0.04353719683368922	0.6647701428673015
0.40052405732668317	-0.022115658962169583	0.6989892286514777
0.1541382803724282	0.011214741967501728	0.6212316982666057
0.647875792842449	0.19694515169255455	-0.23551475639802721
-0.01765352038013123	-0.37615021465216153	-0.4139488442714395
-0.26046464649298234	-0.07207017893990585	0.18585648603407426
-0.9934821001258247	-0.055523771705409015	0.02680401664823236
-0.4421856010558499	-0.03533289640999073	0.18110790766544604
-0.6867125708009093	-0.041900062410211936	-0.0647990282856655
0.07990163805253549	0.1748830608012403	0.1216721996994039
-0.5779279988020901	0.0032238730339568546	0.08926280379433325
0.1726797428553763	-0.40555879410351386	-0.4843904750040963
0.5828299368666622	-0.08341312742503162	0.5652323932748999
0.48187794209397056	-0.0787071655475037	0.40968759602813726
0.5004290210960352	-0.06382740364576886	0.34153931867447457
0.3933853766922524	0.07972870616765013	-0.1456243077290262
-0.3250191216600495	0.5981039841341294	0.024471718309515226
-0.2587559947381533	0.1403838871583696	0.25237766812992585
-0.14123434641096252	-0.8816605813674401	0.06948861551472074
-0.6490363818279896	-0.21629109488536089	0.7207485496929662
-0.4854545380475851	-0.1514597251539384	0.5263482383556988
-0.4612425822807792	-0.12842662547909642	0.549565460273962
0.1413710582280791	-0.10080573311254033	-0.583377678678323
0.6565458969324703	-0.24330634553481317	0.022317288786371504
0.6453161829224644	-0.22576517052153103	-0.013090650321876524
0.4771096864659076	-0.12485457118978217	0.8638791047055618
0.4891749021753402	-0.07747343399166155	0.6818265764487224
0.2934866019284483	-0.09155985391152867	0.548749049619127
-0.5239550195925599	-0.8186168510629538	-0.2085763593179981
-0.3988444974840274	-0.6251887455795051	-0.17878928778603317
-0.36908346803202646	-0.6117103114227521	-0.12664487843055253
0.5423245489422477	0.7624566182846425	-0.3314505835988342
0.3736174816650888	0.48461001471452597	-0.15850222245646264
0.49634293312743133	0.5968820032027016	-0.37299037438976756
0.37715077020516774	0.563542079200928	-0.2441385507051817
-0.5403768643618693	-0.5198906363544473	0.5808136840115071
-0.39247901949334246	-0.3959053794264015	0.41623642575492276
-0.4347205090556443	-0.3885158281418726	0.40463995335797615
-0.38346951727935474	-0.308504679221362	0.4364986827569422
0.8221358597627595	0.2593596534560497	-0.43670964764938397
0.5971814784055262	0.195100375096223	-0.3078358664999916
0.8505141977047123	0.4826300236291916	-0.19200054064032196
0.6001352000722646	0.42735594754665807	-0.3134570287736321
0.5987953552776333	0.35925330135223127	-0.1139516600195266
-0.6756185520058975	-0.5904510145903059	0.43133303903362535
-0.4367807008675396	-0.2562658820327257	0.26191090867874206
-0.4586268085639619	-0.40571236019072715	0.29952841973816896
-0.22684286221638972	-0.07817875931603448	0.18574591167497745
0.3739013782798737	-0.017010462188249798	-0.17410266875594407
0.003915765034477171	0.05473426612795109	-0.12408451393902574
-0.07154014967911874	-0.12348455790107606	-0.5709279617662707
0.1637279664109237	0.12973535940309003	0.08597396920912277
0.03409003558951486	0.0020320246142081153	-0.26012656291022207
0.323078119336357	-0.5053570178623722	0.3528452509421796
0.24966134826962497	-0.6141720914065172	0.4700023194724239
0.1331424673445848	0.24745276171638905	0.03549750523600699
-0.22017134568254823	0.05529154205638029	0.16400048652159632
-0.07335898693313353	0.4042090152965848	-0.3396456588641292
-0.5206288207684181	-0.10189665711459564	0.43156365820570647
-0.5352313145189164	-0.08533871154940614	0.40334970237226947
-0.2815408247116922	0.048435422451777475	0.24097044019507988
0.5285039407218695	0.841928346997817	0.038308283417963766
0.3667008396576107	0.5978197078703521	0.005528571465786231
0.45625259414325936	0.5503184590163255	-0.22751051268125008
0.039405857563618724	0.47061481109615494	0.8762682717210958
-0.025344614421140027	0.2805881904144719	0.6174077043458156
0.03835856057968225	0.33987364405746123	0.5678056810141894
0.02995057154349075	0.3531986978682431	0.7971321394374441
0.4379735692240182	0.8831078362069009	-0.14329270826849783
0.3113529711157126	0.6520792858013398	-0.10464151571185693
0.4359057272823416	0.5815045085469772	-0.3039861282032145
0.6422290026080782	0.6932625457535077	-0.3129043168862776
0.41091510813897913	0.48788773474749797	-0.21094922642642286
0.5466679944793692	0.5524377146415407	-0.3799049304561535
0.491040986588253	0.6439232476969253	-0.46978007682182943
0.5052608471834068	0.5502104943922583	-0.4893651639079705
0.36509284227173244	0.5142026380233046	-0.34748418297752487
-0.528946564497011	0.5877709572951865	-0.6077415772795833
-0.5080149527177311	0.5936559014389224	-0.5937883628330021
-0.3752023395620571	0.34097868404295417	-0.4562212998774238
-0.23973977112890224	0.34243868952732825	-0.22103766370657904
-0.22783168558580907	-0.005259349824449328	0.19400978990657164
-0.7803151597604568	0.2990462292003511	0.5380547803389238
-0.1397173572800632	-0.8855345037841231	0.0783486620778575
0.12237740019321446	0.6502344128302007	-0.26184523923341774
-0.18594815064670375	0.032966772110767616	0.2303646391856375
-0.10921676438512783	-0.027532155850209704	0.25339544709946626
0.517509925850648	-0.040486611601612384	-0.49192662284997624
-0.7695359505427943	0.6007121282216019	0.20158970140579408
-0.40703685375595655	0.1745191674119587	0.23875973150767008
-0.4504807906415339	0.3510586293481919	0.09993915209497628
0.9091789418863998	0.40616009058032654	-0.009000663184243815
0.593352637596936	0.2818390510063283	-0.013487386689522101
0.6135106066899837	0.26499722388267016	0.0690479538041447
0.6232066891617329	0.28161808745883576	0.01395222477971289
-0.43910796905175753	-0.21677281154201555	0.8656476887651576
-0.3411859201521113	-0.12486606645993249	0.5818989324293637
-0.3006420428894976	-0.12253656501509315	0.5804035220398233
-0.012992698516832426	0.7623984284785825	0.6377064497662377
-0.005159069632928418	0.5222286642441519	0.4179092883428747
-0.5315683575752033	-0.4843158859494221	0.052064975302630156
-0.514615580395482	-0.44390416997006105	0.10185875313455611
-0.6979204236654878	-0.5792509736187864	0.06801398344460344
-0.19796317236658126	-0.6932619561840303	-0.2829555649504356
0.2340690649381145	-0.47121072642823	0.46069137092734347
0.19991404821030218	-0.45063417978822384	0.46567293203687704
-0.3603977595386817	-0.22484755862422726	0.18212056481328726
-0.415156515374835	-0.3348388914980443	-0.05580456761065185
-0.3235440968797416	-0.251191942030708	-0.5553877193651141
-0.08123049522894725	0.013474925660109612	-0.1229317415417769
-0.25134976776722756	-0.041918915490701585	0.22775889266636246
0.3829658419465075	-0.01119321417515777	-0.22976313919103464
-0.22021646771917577	0.014093971967306565	0.21630964733723826
-0.5146588728807949	0.7560145577001233	0.3911399053549099
-0.3246782814469445	0.44296472974851986	0.19302693752110275
-0.29284912287065534	0.47206841724844734	0.2612518269890178
-0.33133073811781083	0.12695184565303536	0.2399500451584492
0.0962214241394371	0.6931274350382003	-0.021649477375660933
0.003681934596209622	0.4599031793089161	0.13543045665104453
0.274614722240001	-0.1461810592945588	0.699700067479326
0.13303395238109197	-0.12723119239644334	0.6623046447720015
0.38970876310687336	-0.8352596807497935	0.37809544847090815
0.3891319139478797	-0.8285582298164195	0.3809615225045501
0.38925835790603497	-0.8282893875645663	0.3813886718390786
0.28900334704863184	-0.5761334778619427	0.2649082926403995
0.2227419793353529	-0.5560041483885485	0.2827961176477576
-0.17420825251939595	0.14469093382168483	-0.12354454303675204
-0.30355691703765086	-0.0444668706236048	0.17994887962437298
0.14590802231899405	-0.6814423520104974	0.7096857613667977
0.1117172340812355	-0.4619921305886491	0.5081717768617043
0.06760799091027252	-0.44327936613021357	0.48313299014693417
-0.11298352168744075	0.4402419297595461	-0.26239292686211424
-0.8157300106252438	0.5728954444789441	-0.017607277916096682
-0.5557535439476371	0.34341518258276726	-0.09744046929826825
-0.41884207481929475	0.22366127590654036	0.187200014506176
-0.5585711561661743	0.40154521786848524	-0.018368735689113534
-0.23005646533344884	0.04457024568710891	0.20591125143722944
-0.03975733280668925	0.6012228219561896	-0.3431150246799781
-0.08624185474574105	-0.3523612865337328	0.5639829645167854
-0.10153356298429395	-0.3378505738748567	0.5628106117863624
0.3687612308510863	0.5346002771805407	0.7535230889255096
0.1605227011020514	0.3008741915122619	0.5188475245701378
0.23238671352983364	0.18366803704791682	0.16414120085278827
0.2548239095148212	0.39472287680424706	0.5282498093110249
0.1412206997493695	0.35508126208385743	0.6959937072076203
0.6696160480441866	0.3517851600264859	0.644718542218036
0.46826868301807906	0.23884633649755985	0.48190465255372317
0.442626169311783	0.2724062174129714	0.39612254753284487
0.5505685789732162	0.12946477702553694	0.5630762263891385
0.5682970431786304	0.27266536735327257	0.6529582925885458
0.5184669298059444	0.09547553123897856	0.5548171378712266
-0.09984757786245584	-0.04368400616212418	0.639953740751464
0.9430836701456551	-0.06948418778868379	-0.3047298112203084
0.656677264886794	-0.028775628049462106	-0.19737018209644192
0.6595523005379215	-0.050032119267573456	-0.16657471674195481
0.5891746902105203	-0.08024999435504686	-0.23471006971975605
-0.6936693571877441	0.5120795736783419	0.5003125236381715
0.6407662617966461	0.3269453545339244	0.018991491820904434
-0.40490801646930774	-0.2497514779128831	0.4391268251110301
-0.7908887759545105	0.4926240300799138	0.3533984436786051
-0.5345659588895956	0.2738808928742651	0.3413794841956464
0.8036156926581327	0.43890640057362823	0.017152800420998805
0.5301596441182641	0.3439986764907758	0.040114328984605735
-0.800017225890995	-0.29948591199589536	-0.5150178225341858
-0.5161442447533365	-0.142445852439943	-0.3883795389521065
-0.1580052614321239	0.15036952984230367	-0.0758809906660811
-0.49991124835365963	-0.1841741558432876	-0.40599165259387077
0.5327660884064361	-0.3026832362108185	0.4786098619308059
-0.282274254161573	0.639257988461108	-0.06408500537173091
-0.2476793919079909	0.03235060469872745	0.2227518307264279
0.6569960414556741	0.7144454658869402	-0.21828784005176702
0.3854385597892981	0.49432761606887876	-0.1488403229206188
0.5328343205662327	0.5376964185606367	-0.3468311640396903
-0.3958439677371102	-0.04598860759909042	0.9118943380400585
-0.30533741458257074	-0.03681418328201264	0.6344614070401026
-0.2895645361102265	0.004499408385246051	0.6350502517929377
-0.9505765021441988	-0.05070167790789128	0.290302602713801
-0.6934329310751495	-0.0344612451841391	0.22010007320917804
-0.5884438751718092	-0.02711483356220221	0.2537961978600634
-0.6451988894638315	-0.04658842370824669	0.12425025362014824
0.6304598159298203	-0.0985908373800379	-0.060385304880065445
0.6644173749364812	-0.057393171614446535	0.0007504218443343109
-0.14133544189138017	-0.9818733964062054	0.07811608402684408
-0.1372126437129703	-0.9270139593350022	0.0768448596316914
0.22684134828619312	-0.5152525377135463	0.29362429186298195
0.29138138678236647	-0.6059914536297959	0.27873195971705234
0.11346785386922713	0.19310903893328807	-0.4559535924598963
-0.25031305649480246	0.02951267841114145	0.2590165861466773
-0.30870965354607743	-0.49002963697146196	0.37213636249177323
-0.4133889012678057	-0.5929417323498812	0.682138797700994
-0.22118308609682996	-0.3785479100356275	0.45684062659868907
-0.3041358534411141	-0.37965505944225114	0.49825263730750663
-0.27840731344086656	-0.4513040399748339	0.47003802544358897
0.5784634171768519	-0.031164513563731813	-0.4107038309499616
0.5496497737186274	-0.08555154786555066	-0.36791883045285945
0.6099727741635276	0.1511645534517013	-0.19850045309478176
0.6809696272614559	0.10802043929091906	-0.16039820522524395
0.6316698984369181	0.14872496800809273	-0.0956536981105659
-0.9558203103419809	-0.23176025227652977	-0.1607678262527793
-0.3231096219246608	0.020888440125569136	0.010063258589312464
-0.37263360734004364	-0.12933232968072736	0.15848130078577444
-0.6147847462782329	-0.15395450881294437	-0.1641023113487454
-0.5945354818527128	0.7957120049305322	-0.07215262721936247
-0.8314460107084718	0.5342044390984321	-0.12258407438379414
-0.4858189051089196	0.3812741510172137	-0.09039589076869364
-0.5092642772279471	0.29023387314432053	-0.17328904863047087
-0.41305091590766624	0.0665978411922443	-0.36269029591882895
-0.2764224745138824	-0.0200901077004969	0.2837081035105138
-0.24810436421788196	0.11587319471150792	-0.10109357908687007
-0.23053034024152463	0.0678604265908012	0.23018987810155653
-0.19390680087577097	0.5794647965678785	-0.24212040619999675
-0.29883146713489683	0.5624386875214272	-0.12398560648009761
-0.30185718922266863	0.6746826373848214	-0.0898234244928954
-0.2560434370993417	0.23343052483950583	0.1938617785694104
0.3781213064116192	0.07791089161620529	-0.15808869045363183
0.018873846525554898	0.9938648902554812	-0.05484572519519733
0.40286916091198627	-0.8822972382952328	0.21738790850780926
0.310305397922687	-0.6099699972497981	0.14389771549842056
-0.8903539122227161	-0.4288085296590364	0.13224567311677501
-0.6256900737606105	-0.2909448656894677	0.10481181727917108
-0.6439321770508345	0.15179989260195234	0.7422792691822515
-0.4675811015907204	0.10256483932815877	0.551779077289162
-0.4715896661519265	0.12953875953446037	0.5040850823413037
-0.04403029914695206	-0.9702667966175893	0.20003699996392313
-0.12875202033260252	-0.8630085725566085	0.0762953176008313
0.36924128797119443	-4.610033471550051e-05	-0.4403166533259717
-0.09710550199487339	-0.973733087212328	0.17014102374858053
