-0.6871445214735729	0.33404932361391965	0.5928230367373731
-0.7840816344153905	-0.33036485697899115	-0.13863771743768008
-0.6335748092975535	0.36300441561570984	0.6231102283652408
0.1632584781556824	0.025476798183889968	-0.06605085197200863
0.019128642089091926	0.14564937812832654	0.08807843791271948
-0.21045785549457793	-0.3317168261134656	0.7930456195504444
-0.0800851165645378	-0.15694291506699215	0.41160683419772126
0.1930596034840853	-0.39054272796519635	0.22868419151321426
0.07548376488906933	-0.36344004508023553	0.28200931895359516
-0.3417928824018716	0.07213973651189236	0.2055136641288878
-0.2293699074371386	0.2219872046072533	0.10454182574681613
-0.48281629992480934	-0.08305723490408648	-0.007402148778177219
-0.32294274414282814	-0.13038413793178869	-0.023172446804702963
-0.5519901683570112	0.36807501786197294	0.3758633921019107
-0.3083450403366928	0.11970653495632996	0.09515207589150046
-0.15112190991753702	-0.35411112246534315	0.6168723279542856
-0.034459490458695834	-0.12581096944547018	0.5153062798812653
-0.07507293258001566	0.3984456179885911	-0.7083176547099157
0.024970098163810968	0.40655861717717134	-0.5636320592848195
-0.17200263064226567	-0.4525099631762255	-0.5576327184143655
-0.02214587179298443	-0.22147805795954006	-0.41701221639064867
-0.19387624500214123	-0.7762964672175996	-0.5971965371832371
-0.09258536877138186	-0.0801678199961434	0.36357092209176817
0.12038285325231096	-0.028697789242804667	-0.07506122308267277
-0.16045989202545563	-0.44358378312068464	-0.543068082789906
-0.3519083993877064	-0.4583046111337703	-0.5389374857256267
-0.1840079001278803	-0.6395622671344775	-0.45740155933904286
-0.28509163533555737	-0.3776156959048094	-0.13020125745382405
-0.08107112002607958	0.2989451104860135	0.04490197017957649
-0.8520723260468068	0.12135928353535624	-0.5033108160157742
-0.8346322372813628	0.11019609944545422	-0.4352824842867115
0.03595988824830951	-0.30383203270516645	0.18649084739974997
-0.4061180281788396	0.32591982488773424	-0.26078404213735207
-0.2633104135643508	0.24826362279763597	-0.2816500340634248
-0.3604644257819087	-0.1467179501091303	-0.20612199859437377
0.3434653110649306	-0.361065703555118	-0.8274972165813147
0.2572221506482611	-0.11686835098676245	0.11687091289964745
0.3035439910683942	-0.35352541496818923	-0.8039079695369296
0.04996431525846823	-0.7580580714669868	0.5690197781841927
0.44086007651948955	0.2588487129843072	-0.030046199909774828
0.33204705818446173	-0.37208564241293474	-0.8480362852263061
0.2068286927091383	-0.2677697360540434	-0.5445857835013956
0.0028618921854332052	0.11319228240871256	-0.06353636338848417
-0.07697262411107966	0.11198929327827732	0.029400441610099987
-0.6675475755567141	-0.510154997597004	-0.5190104374479779
-0.6284433366053535	-0.5264000309163224	-0.5458295411745171
-0.3531266153562535	-0.456768127017945	-0.539326640294821
0.7390080673772755	-0.0870537903029965	0.09250489470670444
0.08547518746651123	-0.6055428848161145	0.7866604843745514
0.15611172672187898	-0.44036598455994874	0.3002970860652642
0.09605782355786126	-0.5823721473944375	0.7889560227503449
0.06864401091133962	-0.13370141231736787	0.573789595465074
0.011493557063536702	-0.40304845827059255	0.45771811236519977
-0.14894414800791547	-0.3562843499012667	0.664297215707624
-0.33812378409946237	0.28787184152909767	0.8898219635600436
-0.2358776217388973	0.18471185290938674	0.5826469268608724
0.5719692225225216	-0.3899305970387402	0.22868498841374102
-0.0956707550118171	-0.12357545564827377	0.6427383421344138
-0.2859044131713299	0.08753978655632817	0.12930353517336232
0.4925910292748799	-0.5688738380637592	-0.32678267551363255
0.7245934324014063	-0.3987442614793221	-0.435194387893804
0.9085533777339957	0.18316721573358455	0.18492836703075302
0.21827067291131047	-0.004843720407636913	-0.08467295271510068
0.4849942113807974	0.30581991888071436	-0.09608314599741306
-0.8553402627578178	-0.42031587471716336	-0.22310729238644733
0.09132993334973394	-0.32141408670759597	0.18818767098815753
-0.8764977336303661	-0.4075274656668771	-0.20389847058701643
-0.46188920818042456	-0.3057338863068281	-0.10554906433082907
0.14630593857646287	-0.04691629601992615	-0.8800540322504576
0.6111905605216453	-0.6695111339281644	-0.3608696490320708
0.018290876969030867	-0.29105702765862623	0.1664678786552282
0.61352955560593	-0.619030157888512	-0.37924725489333655
0.38408281345312734	-0.4919573681463778	-0.23012849199632063
0.6392975291733899	-0.6165886050143827	-0.35065197482831684
0.3489233962502796	-0.7441974438617245	0.4302727157407463
0.5629736263693453	0.058418715149375945	-0.0007280370312845691
0.5244238911196951	0.7623497803863838	0.3749010475041502
0.293582944882263	0.20001420384995114	0.20430865919818117
0.42696990504186577	0.7532838971254737	0.1872743196396362
0.5819177420791883	0.6577917236925805	0.14557829743783232
0.4059320894458288	0.7080132353483886	0.1968925510111954
0.29524352041264357	0.3176894380117699	0.033577647066575005
0.47357661408250723	-0.7068219803395321	-0.4588971315373117
0.6358443802672158	-0.4599828835293927	0.20140928714872622
-0.28247604051533043	0.1763254201761601	0.08018872282563133
0.2645133443447762	-0.5087106150707974	-0.2838221585836325
0.4689692629757233	-0.7018503782302431	-0.460251879400587
-0.0034042927179015656	-0.2787102162197566	0.9573385543837444
0.3964441198844779	0.055743058378882146	0.6617963069224807
-0.05825519972700906	-0.1869062631751361	0.488077833829589
-0.6092446918198042	-0.38312347245880973	0.6387510449771987
-0.4445315679584795	-0.27046545444062264	0.3524431484007089
0.7116770096624847	-0.2379282505596075	0.5103075967886053
-0.21897424221168965	-0.09479507947077224	0.28817413584088086
-0.35266748931488523	-0.616793203925311	-0.6998932191259779
-0.17156767950103124	0.25574255536042917	-0.2317828215294624
0.10897168536615671	-0.3743727005188905	0.21225132379972692
-0.2517776064438285	-0.32150886494208836	-0.24553105883568244
-0.6045993835836297	-0.5375252892685451	-0.5573452476427937
-0.34363585115463224	-0.3052681215913503	-0.18201630340426325
0.7428307075729252	-0.14462079457584726	0.029616710666269083
-0.6529161470548651	-0.6048110043945784	-0.4136954021745477
0.5905045986847833	0.14341480890025968	0.03742687684722868
-0.8593666950132737	-0.4484770552278322	-0.004919755804729402
-0.24598769183168406	0.13225017215619198	0.03848727307456058
-0.3786011406816252	-0.26404737731847927	0.028748427016210002
0.5888597359929708	-0.4706353489119317	0.24797058558349547
0.26851871895126345	-0.14525414962962913	0.06977218872450339
0.27761179259292756	-0.14143084485368568	0.04631812400142053
0.6466099477469127	-0.4655339362204657	0.27303976141017716
0.6002731740619353	0.7840700738942756	-0.13659851514903518
0.12300501640535032	0.4261884229354956	-0.10830444160861924
0.5770602374990889	0.704293276461572	-0.15353139455657233
-0.4809891784025056	-0.6805160356019783	-0.5219710246874183
-0.3286108719587841	-0.4149032628255051	-0.25495976084989863
0.7300185665595028	-0.11433062714869006	0.01488453985746056
-0.5070350113687462	-0.666306351912663	-0.524938784088449
-0.9575659857053268	0.08624176948090234	-0.18744035102342133
0.4086401682222152	-0.7812889065409532	0.2622380854295911
-0.14936792036075403	0.13056433123252942	0.011162148939727667
0.3623888600077812	0.07261617247413761	0.07366344320251553
0.5563866390618099	-0.3796817805620839	-0.6370921771452573
-0.47131288352534445	-0.01971689667769939	-0.06619580810702763
-0.949619624287961	-0.05155269354187231	0.2076413524353976
-0.47158639877661307	-0.1057783358679548	0.07197952833072048
0.03548738949481157	-0.3403024523541648	0.1742443053132177
-0.9642793010976416	-0.030644594482103077	0.17687232585253188
-0.05471793474861051	0.3159152313631813	-0.6195629641398169
0.6856649423007755	-0.10817404382651845	-0.7176772180720558
0.6728390173469094	-0.11741419789710662	-0.5875663206624515
0.5970672807447043	-0.09342517228664775	-0.5533686892141366
-0.037197351207774024	0.27618911919926037	-0.10908313196163168
-0.16471825579886626	-0.10874261617672065	-0.0798972808317966
0.5730976326248499	-0.5628892622300837	-0.5147555535361554
0.2900449022298589	0.21792725824270198	-0.021752415400896688
0.6264790839165914	-0.13546247967937425	-0.581799322320476
0.29984774112992135	-0.3750365809291402	-0.31945263394969986
0.5646736530515218	-0.5531195511964991	-0.5445038232075009
-0.010355365101543156	-0.20963383350210685	-0.974013315344358
0.5744885972162087	-0.025729875144693045	-0.34521342148372464
-0.0070048324195704	-0.17968885203203433	-0.6688594319814541
-0.01715942288525409	0.20435834867302077	-0.0799639365964813
-0.27961317293626853	-0.42881035294261455	-0.5553648979622032
-0.038086533644448306	-0.26769887073665644	-0.5202017134360835
0.05496589369613447	-0.0007745401863438916	-0.5296913393517151
-0.7730563912431879	0.6047501806109851	0.17288327617110952
-0.5547907510968416	0.42370212601428414	0.12870270633983033
-0.046972313269094894	0.396266656551553	0.04498547479210184
0.966057328567287	0.172060595244141	-0.17955794843338868
0.23505455371470613	0.15990563733182478	-0.08641991814963056
0.3027155404148083	0.004507780157850805	-0.24800020192571434
0.41073685115726294	0.08552706812022487	-0.9041716174905637
0.21895089031738013	0.030323166126204736	-0.6165334844187025
0.4597119572020261	0.07993201395932062	-0.26837306699162633
-0.11157414065764312	0.13810814024764462	0.11660814772844202
-0.5437508612255039	-0.45303802307453933	-0.6865070775094649
-0.2905434671826196	-0.28195948456469855	-0.2950468041934375
-0.10983155176715752	-0.43070636308137566	-0.5333277588102711
-0.26835124663633547	0.25610856886203803	-0.17484204105970744
-0.33854348322176925	-0.4471184337618589	-0.5698052297733771
-0.5075475729962355	-0.4525066052581083	-0.7118313626997181
-0.9515819750781329	-0.2154325976841247	-0.13885745984658507
-0.9605389679868629	-0.16822933719631908	-0.16196747303267856
7.92844346778922e-05	0.28737687523982725	0.3024338065779893
0.15467120923939698	0.4548755653389577	-0.3001684941268833
-0.3541383336789961	-0.178444405436659	-0.07861908619855813
0.466548794810256	0.8733220961552673	0.13310640952951291
0.04907020791397093	0.06162976952529116	0.4482085070536196
0.41560651196086074	0.7230033209995547	0.18107265798504976
0.4349831667680274	0.628645543341236	0.1716934719476794
0.4583108861232137	0.7466991364896023	0.18485588869468503
0.6503569674170554	-0.1470623880287087	-0.5587548712983026
0.296051576865325	-0.045734492003091536	-0.15205582834776404
0.8260062411812507	0.560132814635686	-0.020766993355293625
0.5484945058781198	0.3385726806087052	0.05550881836549724
0.0261322007088738	0.0357088988739476	-0.3654034175686232
0.6635746663455104	0.347612295583611	0.06689756722679492
-0.3091013429725867	-0.8938346967572861	-0.09520991478505693
0.15671509893241034	-0.5768144747603599	-0.41224585695060945
0.6865643423931066	-0.17796089914100097	0.01796503149883185
-0.07760718707490605	0.27421728431192605	0.10432480699174475
-0.2572328573225272	-0.7095374219548368	-0.06288581527961357
-0.9798548610306079	-0.16639177439873096	-0.08539881970582544
-0.3058678020917662	-0.37893567055186583	-0.4511545866748741
-0.40837973229263813	-0.2292193232934485	-0.06301020874139787
-0.8022908945785489	-0.484170176136981	0.25849470379955336
-0.8689993275950215	0.17530055472690273	0.37374585849807135
0.2844160910864461	-0.35430380420874685	0.11717760991440489
0.003280740692220237	-0.1677724686518046	-0.23107294899487202
-0.036857039348647494	0.13909014203898923	0.9870356911511952
0.5582710457699143	0.062483310542660105	0.5224173428254654
-0.041419705295678226	0.10075046605742125	0.6181213277448546
-0.16443248805836627	-0.08438355693024355	0.37098405818405733
-0.20537037180772633	0.163766958288441	0.4923645710198034
-0.6802610327987588	-0.43181931936763607	0.535024154623571
0.0665807930951685	0.1895259213663412	-0.13007356363065087
-0.11339370193346214	-0.2362194818729606	0.49784736816649927
-0.15970930183642357	-0.0608742743372643	0.3326141632902927
-0.4840656542542209	-0.3309136383521948	0.3163452081535304
-0.5440937004511566	0.596627706325472	-0.48492949526959156
-0.17728019151037153	0.41241011939793454	-0.18794758374210882
-0.40532099415548933	0.40143973707672814	-0.3310046546334703
-0.06344438588672231	0.23255327127110148	0.14348563744742449
0.6820973564012495	0.12216158823541931	-0.4160412535694124
-0.916014256621144	0.17981471575522556	-0.2645979353203611
-0.3643484138222086	0.36679099330947296	-0.2584451214825163
-0.936144762468771	-0.27822930478194674	-0.06079424750195635
0.5434310724899252	-0.14486548704639673	0.18297242063787933
-0.3658699868341463	-0.9039039958281838	-0.2020902664857129
-0.3436816728359264	-0.42255463422183975	-0.46987185539461485
-0.8533887311569381	-0.07707951998457883	-0.37725952080262964
-0.3026215792650334	-0.6180519215358391	-0.10688683951650732
-0.29681287291064323	-0.8646634509881637	0.39524855481874377
-0.23927260467801692	-0.6610703012158511	0.26645239433240486
0.3880762474224747	0.13963028360177565	-0.12368495637772194
0.3696898619452563	-0.3484658609193471	0.8247374588610761
-0.048513227093962004	-0.9022663507707771	-0.3449396888159659
0.23091523984282772	-0.25307840614920274	0.5452063337104712
0.32191817101477593	-0.19615702974704863	0.6434928991838724
0.19567950953520272	0.4894426219010189	0.14092550367065906
-0.41414646413088513	-0.5558183307536794	-0.7007542403645652
-0.2642050960870393	-0.2724868650134981	-0.21509946577525474
0.7007049628569614	0.07706377463739593	-0.39315885007302226
-0.3930498730396551	-0.531251359636199	-0.7311748492884452
0.697992532780347	0.057569068530407476	0.09241013874846861
-0.18122668894067623	-0.3893377000589687	0.8990488432168666
-0.1427357190323792	-0.2881010633102834	0.473657181476508
0.6887618800768048	-0.2323285976497392	0.5027206015289241
0.992661737038311	0.02831952656072169	0.08786369942754466
0.49834244949962064	-0.0810129876138346	-0.03125383903626415
-0.17854300674890541	-0.9193743669260366	-0.34466622172378525
-0.30829895542830005	-0.45210161422318	-0.5408096617525514
0.2073926774519614	-0.40443142565066903	0.1425720866495407
-0.1583555359407177	-0.6070554707089595	-0.21596144799964898
0.4305468841460186	-0.059255693774403775	-0.09393983936892356
0.38730085625120053	0.9079099404658655	0.14958087357337904
0.43286552486923174	0.42628869101890227	0.16272523143555756
-0.6059338392791139	-0.7200455083517429	0.2681173942724124
-0.6891485654343076	-0.6325260536056331	0.2513980929542865
-0.37697794647145033	-0.5661560576905791	0.05693349541825613
0.4031592608192433	0.016384970002465325	-0.03471299430190579
-0.4595401411602802	-0.5749812622422655	0.16850802876619628
-0.1972576529356395	-0.554445051392432	-0.8063302883160592
-0.18818885482245568	-0.9177545244132944	0.09647583868592426
-0.315364796803196	0.3981709398668361	-0.21415430522358314
0.30848938029594986	-0.30202993613073104	0.11461106793920746
-0.12670230420744083	-0.34375496649144016	-0.44392566208445605
0.7108325590928786	-0.22505000282191528	-0.6642049783369564
0.6796606859040146	-0.20070227303299754	-0.5833247280083413
0.3377312130440438	-0.16967667895705607	-0.3856576840993807
-0.44442018179152154	0.3608950765566227	-0.803738104792942
-0.449438058331868	0.33535601105566243	-0.7785465677462614
-0.416408422649394	0.36408714047127616	-0.8166462531490033
-0.1864340698628294	-0.2504982347522393	-0.9465169407864659
-0.11819271650793628	-0.1818501939344688	-0.6325929704774491
0.12121859590813559	-0.31581942604843544	0.24122753774922162
0.31375160481883113	0.12292644574144	-0.1831152228326022
-0.20122840447172752	-0.2833010227403054	-0.7369806420513013
0.4600913786965822	0.003396084420794844	-0.7324786174093524
0.44335621534247044	0.8760879508279819	0.18247082081763144
0.4652632404326702	0.4308163084593108	0.16886248294419795
0.0026692796934277706	0.2768114810160535	0.07853320999321284
0.3313826838704579	-0.03416393854748197	0.9379579651936615
0.15168147228928058	0.04533175484882793	0.5870870955597883
0.1989085390239069	0.5742205832773756	-0.23720883431509324
0.604193435342761	-0.31543787726684863	0.16989825379843831
0.5891494487975928	0.3853942586233289	-0.13862822534311864
0.233774644773875	-0.036708092478101764	0.6094831033811373
-0.5544130351134444	0.4303123958705738	0.6771551426134707
-0.3475602872090174	0.2721827732920948	0.46843392349246055
0.33669359796672604	-0.1481687729771409	0.27512230120490677
0.9358663115134045	0.1596224569680784	0.08465175128652676
-0.5233847700843712	-0.0032115700478647373	0.8038206145711947
-0.18601337059108256	-0.3517298546176043	0.6092959479173194
-0.44935615612897534	0.48920895724311003	0.02534347826506028
-0.40599331194554705	0.023912951861289288	0.5246159305876655
0.6697285254656659	-0.013045622827847464	0.32703685814259414
0.3857866524312214	0.08003019274751365	0.9154714814507667
0.3456594019702432	0.06587031400537652	0.9111880300124809
0.19587135400960046	0.1454572997673001	0.3418163494224007
0.11642667765995526	-0.038912957259164146	0.5071276199658301
0.3155961267277694	0.07336493651799567	0.6075893670438717
-0.14075299188230628	0.2853960361125287	0.286774543450611
-0.15746072217417814	-0.3331368742229288	0.9276824203329618
-0.124561134837554	-0.22292487704426142	0.47727384676658113
0.3195010743376743	0.5280994202974154	0.15281434108961922
-0.7857700401309631	0.02834874752576031	0.6124078871007883
0.3466174699463397	-0.12711851682466113	-0.030549533343745265
-0.5580592535891349	-0.017837538248956886	0.42816390344438504
0.4740342318197258	-0.15128590726186375	-0.7886284252512895
0.32320034768985256	0.19579049356289271	-0.041937899653817064
0.5202502899819103	-0.13177406347612763	-0.6841128185439911
0.276333362836261	-0.1392965760192246	-0.5812196520793257
-0.21184915263858511	0.20650739212072822	0.9521296708801539
0.6725154466356486	0.20788606301868895	0.04197940333632946
-0.13743646515886873	0.12172813772744871	0.9025087187522411
-0.12797660721112042	0.13600637244194214	0.5752453481079418
0.547729158459699	0.819654971432486	0.16356710778554528
0.36215351766834697	0.19605682788542436	-0.062220541000330504
0.4582770221503538	0.6809445836214464	0.14039574063590057
0.49157286508934833	0.6202627925830464	0.13940433796722423
0.5305411633208907	0.665861473062195	0.12663613832238227
-0.6209607237089891	-0.6980661434543289	-0.24243760870776906
-0.4393210420372482	-0.557442230756524	-0.34789844723206015
0.32321239618100095	-0.06317573405047629	-0.14252218539533434
-0.49099434306106	-0.5756865704907422	-0.16032737228155758
0.5975627643051113	0.08805144127220547	-0.6448869157156373
0.9126675792798364	0.29009787236826556	0.012339791456269802
-0.5925546828525744	-0.7094411825075059	0.3141893013723979
0.6344702697601524	0.1471474223960696	-0.03209986970624188
0.693372509246957	-0.13364536571342317	0.246420841857475
-0.3813259873471686	-0.5070518685896189	0.1452889586153475
-0.49988963588554286	0.7833331505858063	0.3519016357076066
0.3476400349261669	0.26065643566832913	0.2921475170010545
0.1574118467265946	-0.21037908579847303	0.16803700937891028
-0.336510654461589	0.5437392477311628	0.2516807228236361
0.13972755671513776	0.5672719257949437	0.08445585689454367
0.31157896828450915	-0.3800060502467843	-0.8557575455491364
0.1506995014147465	-0.32310354303708855	-0.6471781837634006
0.1904657747720815	-0.3040551958930295	-0.5984807071165076
0.2755041505048875	-0.3651294447237993	-0.8561893354730575
0.25755378968312204	0.022263682282773284	-0.40237988764543364
0.5260485261880983	-0.24216655295134037	0.21637116692432337
-0.7119081465719062	-0.11759995103518084	-0.6265932370381152
-0.5980355721305155	-0.6879437425417236	-0.3423698198808697
0.30612356436731647	0.4181807694224194	-0.5712323878348975
0.42558941455956106	0.19074759954245268	-0.7746137075607819
-0.3363230912616352	-0.1702670680240292	-0.19107393015375465
0.5381489852031058	0.22497516064706063	-0.6952542806948604
-0.2374598484592162	-0.5878420719677158	-0.7707461391735874
-0.16063651853230476	0.2801314039877722	-0.17298688234901474
-0.1600212630368077	0.07965986490074015	-0.9422575786727686
0.5850756977925406	0.15659783796492682	-0.11518447945985236
-0.12572144657259024	0.05769924709404134	-0.6707189677965203
-0.156133443713092	0.08415553983995619	-0.9499763400241882
0.4072373424205636	-0.30684578675155394	0.16153012356223767
-0.19202933191910795	-0.647664634180756	-0.7328400831163224
-0.30086952829089	-0.4258202291390151	-0.5077874743199785
0.45082389509116305	-0.16096148448918138	0.0930937936904319
-0.15355980412766995	-0.3964664060002687	-0.32529489018077296
-0.8986011898777957	-0.304028050495437	-0.2700421583569752
-0.9131407104204841	-0.26705225789847153	-0.2547343187454398
-0.425466882809811	-0.2817851909301628	-0.1062662438933862
-0.1314678942687085	0.20123434880566585	-0.11304999554835449
0.804123130521884	0.5035087550603938	0.3075963873565866
0.6712994542268862	0.508036597511266	0.2343086792358496
-0.8601059965742769	0.29636623879649565	-0.3200238788660368
0.20483464453164596	0.08143209208872398	0.4006743396415672
-0.2659416168161745	-0.40073447462991213	-0.3879541736285775
0.31243178557422924	0.10768633568969307	-0.2254011616600981
-0.6313767683817942	0.2006920862261091	-0.23058318028741384
0.8291321672297799	0.544658765256911	0.10896994503393122
0.6640471144716754	0.3658522749420583	0.0777652146549414
0.5060827169948394	-0.20546695122771796	-0.14345824862115256
0.6516652697400903	0.37325240508922614	0.09356636144717295
-0.9176234160019094	-0.3014652284512256	-0.18273620996126153
0.6926108324007392	-0.046123767795555735	0.22455961288510276
0.0029274325620904243	0.26828116047089723	0.00471174624531275
-0.9186892864682251	-0.3143877874150603	-0.1924188460096692
-0.43641453936008995	-0.2640539849616388	-0.056504917124073524
0.5657507706271973	0.603831382951114	0.4158395672039295
-0.7382962988492718	-0.3833023423110513	-0.508395929123755
-0.37729609285093074	-0.2681406931402837	-0.16715285657829276
-0.6898208210743421	0.5321961446420554	-0.48517698787682517
0.6109146099059238	-0.4203594543185089	0.3358527670124829
-0.4863499281940612	0.34311632648996704	-0.34028673984996916
-0.11149614552488547	0.06989237146517101	0.9887150829855986
0.028964668618059096	0.4244041323422102	0.12169949951977573
-0.08648434681912767	0.0655626345743112	0.5806169222198254
0.6379556310551273	-0.21694074635396618	0.4948972414598555
-0.14222041968165905	-0.4628441797610828	-0.8726859526236944
0.6607143603896731	-0.0013313702853957378	-0.4073293123765728
-0.1403462429703096	-0.2674892737124605	-0.3806619246036461
-0.016252017876499818	0.5262979664734952	-0.8085844632790656
-0.019895149079148217	0.3462528032058489	-0.5464171619229795
0.5346732915364669	-0.3740246313929317	0.21863757312603993
0.031029500553164887	0.4808912947812565	-0.7377458184101172
-0.04426466387470855	0.6765136567688461	0.003415889432134353
0.6374615299085422	0.7569262019917352	0.13967274296370683
-0.8930511075674659	-0.40298357898018783	-0.1387682837832967
0.1086573211646648	-0.4909971281456053	-0.8140342058881991
-0.4452400933249386	-0.25708600941127985	-0.06616429990694875
0.14974492130083153	-0.010971294500474835	-0.3354590729778636
-0.881268022091368	-0.345765364355794	-0.28155202335008883
-0.4504691000368807	-0.24276572580210032	-0.08220805353028675
-0.7769101725975296	-0.5267666540337694	-0.24071611413616475
-0.6856568707179187	-0.661552718534082	0.08926847094491919
-0.3344053959079627	-0.43948733879970825	-0.4557408216944955
0.4318565000566495	0.28508459715504636	-0.8501084922794093
0.5105992363686127	0.23626998235681967	-0.6441824921060398
-0.03358388819444626	0.22818596215534578	-0.21045789260824932
0.25393249479194385	0.17819166807834275	-0.5789505923052879
0.37104120648124667	0.3143689208402744	-0.7409759708346312
-0.8700921000733818	0.37916460372331445	0.15716751755336503
-0.17107571862646645	0.5602905147664912	0.032546682103038974
-0.8660680806587246	0.41736405789919984	0.15285078063063406
0.7433880631685242	0.13598494040768166	0.1256144913910462
0.34710718813173946	0.5052833452433515	-0.5228776002404525
-0.6235965246207016	0.2648762233961549	0.12135598010293193
-0.8348318751274548	-0.48535336987730865	-0.14025340626524369
0.4619382608541823	-0.19711983599972055	0.2502639391664028
0.5628987472243892	-0.6893594275862462	-0.3603274450938395
-0.4279873894771342	-0.3385807907829705	-0.06933746344555809
-0.8500120985896218	-0.4972065962080425	-0.10216819794297437
-0.40854583536653516	-0.7178242559972838	0.4776595607586195
-0.31370678051035666	-0.5352340332460487	0.30533631706163894
0.23233200107837013	-0.37114789691985073	0.8961824745805842
0.16575755707394033	-0.2708281697953065	0.592655050558979
0.3030279592908588	-0.39650527609000286	0.4438560947839325
0.5715842553625947	0.0725562400542749	0.4699190144881456
-0.4173729982488948	-0.8758496483466953	0.03311623935723227
-0.3676435883893653	-0.896296107883285	0.07472208943213238
0.5305951048352473	-0.25497407618285844	-0.7169726898176665
0.34482006903110235	-0.20411664612640212	-0.5038713343155818
-0.38178997283793487	-0.11698951155662758	-0.18747884972894063
0.5134188570734884	0.02273748487308461	-0.85579468358246
0.2285297281018884	-0.03407444789240279	-0.5555147689798254
0.5155260541120739	0.030273723909649084	-0.7356795839238143
0.11662070402913519	0.14232380967509356	-0.002206308841712952
0.9157105892612263	0.3465599484932845	0.18933093708618173
0.5176879502167366	0.36831387225624285	0.07144214415072167
-0.4764887675329799	-0.42455519652137075	-0.7405164709637279
0.4604623679932518	-0.0925096060703949	0.08221089252796578
-0.257835831402436	-0.15675378979622237	-0.17786219846294554
0.6847824681674427	0.16822922840238747	-0.019806325559945447
0.7607481308583213	0.6440923501331549	0.06229811737764308
0.15814912087306068	0.26053702475944507	-0.040259829201581145
0.7389146119686426	0.605784292476762	0.04620677725257489
-0.43627332903979826	0.1793506926476023	0.42785325051594353
-0.6138280178608322	0.40451445784399914	0.6272745278670541
-0.9006730400308148	0.4254139386859471	0.04910308165948892
0.4322250350951764	-0.21556105109396873	0.24244427942938074
-0.5635864169438446	0.21660332785616074	0.0261363485475693
-0.884167024172336	0.405174121584555	0.03588709936499587
-0.6242839875519073	0.7772021524431899	0.004763631972677616
0.31671928225106627	-0.17850152186575377	0.2510156010822861
-0.4513182400943197	0.51431214038638	-0.03652889550093069
-0.4758093272660902	-0.45018374439169817	0.11736751159120686
-0.6013995716833862	-0.6766261605628864	0.34094567048977525
0.7154867752540693	-0.22526360024227196	0.48215118942840063
0.6399728033639539	0.18392393029430099	-0.04404239960068126
-0.4210210648351259	-0.4709551716268194	0.19314327419675897
0.7400880210352442	-0.12676783334166677	0.1427079266758229
0.10893624117889687	-0.5750076393800272	0.8085603257072169
0.04771767091645924	-0.371010065626997	0.4658229869035939
-0.36708543447673875	-0.3000926006454971	-0.18048361770590687
0.7126543838843781	-0.21355830801777878	0.4614998485886805
-0.25863423224174015	-0.5037809805216172	0.8215668677228074
-0.19113430416982194	-0.2617102337673829	0.3737870432641946
0.052693101049791885	0.08566379364653684	0.298632074762092
0.5629465089851305	-0.048365095674013814	-0.8214088025314472
0.5891139176156263	0.030570017263747955	-0.47912154917353006
0.3992115302269538	0.21574687919339117	-0.3157497571658875
0.33248874196719	-0.052957967849141196	-0.5643606538829727
-0.43912515624441817	-0.3315339420426934	0.83283918704641
-0.4951189476481166	-0.2559856769170204	0.7581235331395936
-0.3344000773289586	-0.23619839037737334	0.44651438416328354
-0.2871230797572777	-0.030696782207562143	0.9556431667906062
-0.17204906408658233	-0.06257155881006111	0.510165736726973
-0.07356407224406805	-0.0622890318918324	0.641605047710758
0.20095169896500534	-0.32736155540817297	0.30093076011101944
-0.7015843448503141	-0.4882412988989524	-0.4911158290160823
-0.22850435372172923	0.37615754181321376	-0.3100473918141951
-0.392757044236521	-0.32511216004231036	-0.21195697317809048
0.4238188982502124	0.8957600885206636	0.11854940590965707
0.46532053827486175	0.38940963517293475	0.10041235600166412
-0.9378854595999152	0.3299369461397081	0.08061114119763856
-0.6729666791135516	0.21660338453900693	0.09162499009939526
0.00047873348013290334	0.35421111729228777	-0.005322307769577324
-0.9294807552191794	0.3091686471971076	0.06556596504796627
0.7353505971017406	-0.10879451882261133	-0.6670765278918209
0.21720092766801194	0.14198862078072114	0.24369171277519397
0.6944142237905208	-0.1025483124859722	-0.5863983460179818
0.40575013894278916	-0.08798934719732457	-0.4161870791099332
-0.3453621216952271	0.7663995586856592	-0.5293293931003956
-0.20670941798345366	0.7038606358422649	0.00507608848921386
0.19055308514382396	-0.2860674395398154	0.19711703743604375
-0.23479818124052218	0.5039369233739424	-0.3660151821158052
-0.17197733546246236	0.5793516166766789	-0.4221100033583612
0.6498808523427329	0.7463919056965498	0.13796611986911939
0.1720294412472056	0.31141302628828943	-0.438650448427057
0.600461868359789	0.44330641183932507	0.09689270878985742
0.5905305356325755	0.14218277286398875	-0.006546417039054845
0.5110353298883898	-0.01286588811943682	-0.8567050408129578
0.5283271390175505	0.00549139070195151	-0.7203880572350403
0.26405871467675146	-0.01693192796148092	-0.577802658061421
0.6189943004190771	0.7735613654816471	0.12510489614083634
0.4422825024967313	0.6134689550716813	0.17339635468099707
0.5620242073626424	0.6792851439182771	0.15050957531425843
-0.5836598419709379	0.48218554886566156	0.6279723450946514
-0.4001997203074496	0.3144212243843803	0.41935126399083783
-0.8965309811062037	-0.38118144317527347	0.12320776210211756
-0.8990843502370144	-0.3674748868333748	0.15401335541035124
-0.47247998578372513	-0.24195993842269076	0.00043990130303350023
-0.9067886971601877	-0.3716248625258549	-0.01516703940164587
-0.8987597144917686	-0.4011230402937781	-0.0005117402974147823
-0.5013989600437923	0.3606299926110382	-0.7448468115840144
-0.7710732495714924	0.08356038058566087	-0.5712537853290406
-0.9310872620474797	-0.19510989631356712	0.18971467914039586
-0.925455295360032	-0.31059548358626843	0.07897044470515047
-0.8769484274377444	-0.33953539967234275	0.2364096313548988
-0.4089150033465612	-0.25760819868942997	-0.06709779718247606
-0.6458035952797959	0.4642959998986055	0.5586642372737186
-0.674717878481382	0.4360551571440617	0.5334293346247392
0.6601127451999712	-0.001171544410669094	0.3028846003489282
0.6690569195893464	0.22000004345821156	-0.03305588341467197
0.7094849492826741	-0.2366740387323755	0.5035216915577565
0.5708584641506351	-0.15877545459465744	0.38719328976274636
0.7943685735773217	0.1427134656397589	0.584335672609856
0.47773122613906244	0.4520952512018	-0.4305493405036893
-0.27428427620298357	0.19985472184177647	-0.49710371758267663
-0.02600739905366955	0.3748147904628628	-0.8776514060279347
0.08609573774718775	0.35274254488882184	-0.24658144177493344
0.7241828715315834	0.061518381811958935	-0.0706811895301745
-0.02871762652683219	0.35665463622758503	-0.6565989422965925
-0.23584575734455174	-0.6977490993175299	-0.6739067142681351
-0.17658576490832983	-0.42395353159737476	-0.2704236175924102
0.6019647699246072	0.18251905668442173	-0.013753141760700747
0.20112262332662056	0.04547160956552622	-0.07187398486039595
0.499372545487327	0.33124285064401127	-0.048093480440935164
0.2565912158405128	0.43475504673320114	-0.20681076162478054
-0.9578432972988219	-0.1353870683492283	-0.19409990288433626
-0.4011564569919669	-0.20363031458959704	-0.05897603453804175
0.325086846671791	-0.398053789078029	0.17469030273777278
0.43762942905082036	0.464816268274613	-0.4893230300956257
-0.8233825208017491	-0.017531041126466973	0.5586954027845253
0.07607285411573496	-0.3929038216945914	0.25857134539211346
-0.5732035699363294	-0.021931512874983766	0.3654417914637149
0.04838428614756713	0.28194117721787504	0.407058055767045
0.5543449172122104	0.16818733905866873	-0.6252695133703192
0.48497064007103213	0.3963933009608312	-0.25999099933307684
0.22665108479938806	0.09261140054222343	-0.5352445291670596
-0.40204539604528455	-0.5023124931343119	-0.7441367800966171
-0.23192856409466991	-0.27485160425490524	-0.29120184523855897
0.7546484409277868	-0.003716068293758208	0.04302655936539829
0.8970127961494773	0.4304520017482442	-0.07609750341896174
0.6090077409230821	0.39659405373550605	0.044066320861340505
-0.4639167549206596	-0.6714959234436074	0.5716361128635401
-0.3206248533321167	-0.4608022194022944	0.30073232724691523
0.7005234495503814	-0.03227695692882939	0.310352544649062
0.679994434317709	-0.0025135187262683104	-0.6125831815345063
-0.45601331718110244	0.8466235061099999	-0.2610173475101041
-0.31499889575867096	0.5589421866412617	-0.1754651786526644
-0.16536066621765982	0.4366761397630618	-0.12246644783180326
0.7209014336611712	0.11982429417288502	0.1574675446079332
0.4495045799168934	-0.16972938489165473	0.279460217972204
-0.4441632377354995	-0.35002412118719217	0.06792710517716315
-0.30466178425342666	0.13833622345325494	0.9359790013386436
0.6798634464634729	-0.48176546920776336	0.30061402341313836
-0.2288867882882997	0.0976231829814019	0.636296977555714
-0.07945493677003028	0.4176050406087197	0.039638646917946
-0.9601216794519032	0.18101908084420334	-0.07299280757605119
0.5201889352999794	-0.7049754893118195	-0.25715672749315166
-0.4953652188521112	-0.051702354857914995	-0.0689979526348655
0.5078123832109391	0.049855131275176996	-0.02932769181240643
0.37910454647582664	-0.5013085984571429	-0.23122327206399043
-0.08079774189067365	-0.6645340158219333	0.6935493436244945
0.5412923124779371	-0.5755155441290635	-0.3731032188898582
-0.23266459267729683	0.3864520668940804	-0.8666178225341368
-0.16107678882671728	0.20844682836219	-0.5505791414397984
-0.19470994651831053	0.4097982243520447	-0.8438629222099374
-0.43700119783125146	-0.7966737261490795	-0.4037930551590738
0.4395002663831363	0.20330580200446632	-0.10213691090335932
-0.3386498890618351	-0.44739310403495464	-0.5388110051349282
-0.32559944691938025	-0.6021785555558926	-0.25516436743184195
0.24658831755592153	-0.04070825897672905	-0.22506738860047812
-0.520944079990421	0.5682725580302778	-0.6300168049948769
-0.47790246802246633	0.28572331256953243	-0.8026712028501805
-0.37567802632987396	0.3537699312216982	-0.4520286630783739
0.24042357927483096	-0.18276378171202903	0.12112519267652032
0.6169490344921245	0.7596872978427726	0.20167120986314885
0.05018985988545469	-0.7845793542193399	-0.6098891310913708
0.030024297962997826	-0.5318546493707171	-0.37797059974940694
-0.3020121099964543	-0.46266646169030384	-0.5218766886583718
0.08897153639117825	-0.7104830552412705	-0.5574721598731225
-0.9256951228388198	-0.32530011118409546	-0.12098053132721386
0.7449195326572998	-0.22509360812129697	-0.0008269164375830003
0.07465323414361692	-0.4915563167384957	0.8650536250620525
0.03363094252636461	-0.31323341975157026	0.42730731351794327
-0.06586067425116576	0.12415152706560274	0.01792606993740157
0.23921815809647534	-0.016602965487011328	0.42980850284896066
0.9029570147108525	0.40524945828149644	0.1304440569138828
0.4882128083304372	0.8306675243946284	0.26475425115765155
0.688564386585586	0.4446072334971509	0.11508944351309824
0.38425680232791326	0.25943665784484216	-0.048710338091477776
-0.24790237391413555	0.5825279261736488	0.7645049235489443
-0.17447748058074733	0.41615223143998814	0.5137500428080272
0.08992119902240284	0.4276851544944264	0.23024042150177443
0.1822946369092268	0.28151905272701355	0.33001351375418475
0.6470845504674346	-0.39903962404476495	-0.5386777224394578
0.5912755517797061	0.766297065677702	0.2467701764145705
0.3586187868107435	0.12651174508512344	0.03144143276993934
0.55551505398037	0.3671073033946943	0.18464263958588545
0.9124642111653463	0.2592143472484142	0.024931431286309674
0.6389126317441547	0.7245600276621941	0.2530979750392307
0.08827746599407263	-0.29517028123270483	0.45008119738690666
-0.1005223232631217	-0.785623729989209	0.5099053524839952
-0.07367375864645487	0.2472871724725997	0.04954399370222595
-0.08620119048163757	-0.6003502727219644	0.32991277267671765
0.6687298695635334	0.06372212178567326	-0.6162890858487086
0.726992753176197	-0.01544932898261323	0.2336645820531293
0.26315403661719916	0.07143471046651323	0.0021246409049552996
-0.0485147245953457	-0.9882347896725582	0.09382237472691689
0.516041066493071	-0.5073802913282269	0.25700124887568504
-0.016849997790451578	-0.22036696271830247	0.6431781891122959
-0.05577067502093061	-0.6873648342452355	0.06653245840096357
0.3950095521436886	-0.060990061700129175	-0.08684600057177135
0.8126017783510472	0.4274276576895748	0.3887383248946111
-0.6280896487791274	0.44783530077739625	0.6129995706874182
-0.6311422022582633	0.4520172812019194	0.6176562802688388
-0.633286242378576	0.49272040680671286	0.5691340320794458
-0.41361382807270164	0.32348018161526343	0.43030136041281375
-0.7234102115340535	0.4221137092183865	0.4770355950198137
-0.6664549912704215	0.6169786230618465	0.4093910985047521
0.4820397098192863	0.11479588346624992	0.023814309017101423
-0.4485653681426636	0.41121296015625003	0.26835629176416054
0.7184219590427305	-0.1823425081787842	-0.6688006600878853
0.3851630123304796	-0.1696098360091989	-0.4190580821476244
0.34540104530805166	0.20444818266686593	-0.059188416207605565
0.6630473865358155	-0.30718255908785747	-0.5073694329476434
0.36428998224013165	-0.31926110405841546	-0.33404827913111257
0.1452268591639622	-0.2910927797965956	0.942970983430597
0.14549859210247948	-0.28891912352178345	0.9423503324807714
0.1270226916022811	-0.21199148287344624	0.5866880389128228
-0.8060045386359774	-0.5479581293669985	-0.07286538164986309
-0.49443571375993733	-0.3739344941135935	-0.057417124183765135
0.8007915153734537	0.5265051238464373	0.28063346751948365
0.4203353480030024	0.20107047876057432	0.05209159081688168
0.6663438714638824	0.3662731240645835	0.17578650519216488
0.7953829718868098	-0.31135522644869107	-0.39513013224625443
-0.6159749943524634	0.27872610201877024	0.09139950240487002
-0.7254216651407667	-0.2701646906135118	0.629578461557447
-0.4818028807844034	-0.21684064093383115	0.3643061416379374
0.08323046308319172	-0.4234997608456186	0.25577494025061426
0.1334372333901123	0.18593939246373678	-0.8982737189076712
-0.731558014773318	-0.4791801267573615	0.3935375253327399
-0.8346024253273657	-0.509825434651848	-0.06419429554376802
-0.7401845696518193	-0.6087841707018679	0.008835890368796142
-0.43484150813023953	-0.2840097810882517	-0.10692816044833887
-0.7428709449820441	-0.5215835895333569	0.3381014074854308
-0.7617519850049425	-0.59058394230448	-0.08652497272222077
-0.6811848701225076	-0.4910844426451606	0.5380453201465554
-0.4407583623323679	-0.34337770748878926	0.273787389232632
-0.7185095209176731	-0.486966383196197	0.40309334768024435
0.3978096891404117	0.2758225012083399	0.6187160856363816
-0.03646295222774481	-0.9476476635763629	-0.1963549454815758
-0.06953306748132768	-0.6466420295565386	-0.11930789652526387
-0.07591423965054026	-0.9512249154930741	-0.19129243605527935
-0.057978650112180924	-0.7194174619176616	-0.24154273295340928
0.2986211952924941	0.19667815147553608	0.045885368737101764
-0.816065928804994	-0.2646935995648973	0.45370315235707903
-0.8238289570270707	-0.2304235221616523	0.4751382298871586
-0.494345057385455	-0.22451827810472472	0.2051440280775471
0.6166530326107762	-0.3176711868966541	-0.5471899879346352
0.7784795768837784	0.3302503443197827	-0.527987202588079
-0.19569716941746743	0.4450894659310848	-0.8264711839970964
-0.22166486626636295	0.4784265162637768	-0.7732507576903538
-0.1332886361840033	0.246925035575587	-0.5349333142704652
-0.21449028173454734	0.3669096963851366	-0.2291225911076228
0.6991434125375068	0.05258839901199122	0.014438722042855968
-0.8157560483631793	-0.3234340093314067	-0.4459130588903664
0.11277688946479004	0.15611223533150267	0.13364307133278136
-0.5821025149198154	-0.41538126939642256	-0.6731346778046325
0.6597198249420588	-0.2012139555327809	-0.19516643358522298
-0.3420513038378735	-0.27367642359602096	-0.26267111028668
-0.48084026113882394	-0.5827471066857569	-0.6390038029582351
-0.2662310048678563	-0.3287354500930518	-0.26561880968513707
-0.16318266949892513	-0.7116707018248949	0.0710193066027704
0.6278007112739578	0.1919381993887906	0.29284616660374985
0.8417264490655161	0.4420347271662306	0.30072819331574574
0.5906809849627948	0.4211679753241635	0.2146757483012299
-0.14769047232128046	-0.8757650846258205	-0.44676781179758945
-0.11919971364564656	-0.5791696850243905	-0.2490503909829211
-0.12233979455127833	-0.8345490281782574	-0.44229878605450207
-0.5805588233649746	-0.6416220183810635	-0.4964973512572001
-0.34267092462178733	-0.3798361243148241	-0.19359801303602578
-0.09712613920018862	-0.41952054830237184	-0.44479799236387074
-0.3460345200857356	-0.5133055805175475	-0.5488362127786204
-0.76930340304156	0.39596622254663993	-0.43577152996335355
-0.4786871713442358	0.7427838783437423	-0.45745799536137144
-0.33100098868908473	0.48653456775557447	-0.3250268285185382
0.7634161504047091	0.052511847264870105	0.10143401980852638
0.7106616558464621	0.5814839281559095	0.3903083477638628
0.6771748427034102	0.5255378651860918	0.367964966924211
0.8816134567357383	0.3604614195580513	-0.2945511898431724
0.3939141724713622	0.2356097106230186	-0.1191875721063569
0.7955304442134279	0.5561285975697998	0.23379610039395493
0.7537282415389225	0.5010030555073303	0.21541156031233738
0.15620198764411505	-0.27060196030375855	-0.5128069306848069
0.3291036878812697	-0.377229902814124	-0.8551678248173223
0.5154906433225405	-0.19820993032238834	-0.6436707530535416
-0.3249299101003569	-0.918100114060173	0.21057762643912017
-0.010137674532668258	0.23074890672061044	-0.09739275228562894
-0.2418745240435073	-0.5952455071975765	0.08787119706062696
-0.9504766465369333	-0.24849902796676226	0.0277130954571256
-0.3807473661365406	-0.2504672901720347	-0.011342577141284088
-0.8507826135244091	-0.3010590652343196	0.3208713138426393
0.2373038822741034	0.23707166161339752	-0.005782261844810118
0.07607795354435885	-0.0465970078235637	-0.6310419067579771
-0.5850070465433093	-0.46783612108491124	0.65923183497025
-0.35984054477126853	-0.30537299176397276	0.2776120796176688
-0.964732979904173	-0.15472918891993095	0.0038038898308519527
0.7565002311852439	-0.19223745200072573	-0.620983061488095
0.3905816372542088	-0.18377157324560686	-0.39968427959589886
0.3476925316364906	0.035706391755156525	-0.07868497701167301
0.17246710839524473	0.09113557224128638	0.9757468218897037
0.1206771781860664	0.06684218979502016	0.6414939520536291
0.3038079945471325	0.12403587129097352	0.3049663926141574
0.6911862459220866	0.18632816373224073	0.015407051591722155
0.6345635671427801	-0.035398360807889405	-0.6603813288589007
-0.4776778368754636	0.3654835068855954	-0.7801150343502298
-0.3731112943536171	0.23523871716803849	-0.5391675201857339
0.48502829011211157	0.8716282377424668	0.04427861721727985
0.5175431002196834	0.6058927349933948	-0.003148283346867385
0.40506138128460545	0.6928842007919027	0.10368052506846469
-0.0295312280256018	-0.3353779846465424	-0.9379428918039396
-0.05465171500448371	-0.20650128333823942	-0.5294876116958319
0.7203708136835067	0.5484488062996281	0.25807176372474494
-0.49947691325124943	0.7884427155831204	0.20902578035482078
-0.24606789315715744	-0.05161656027464611	-0.10809566778960276
-0.8256651095710481	0.48711567703014524	-0.2737350498014981
-0.5748299673167024	0.3255156318829293	-0.1977956581520753
0.2693366207776074	-0.9530133722274723	-0.012081591905507586
0.18259306682633467	-0.6913813442646669	-0.01797819563593341
0.1797698017761153	-0.7165002858609465	-0.07491683436579508
-0.11147617935066105	0.33236065833985423	0.9240267566842553
0.07320696201234399	0.33178017054256215	0.716460509765976
-0.17374725311959469	-0.34047021692365714	-0.3186842152012095
-0.06995971463148058	0.2395778460266304	0.6508807333137745
-0.3636730814707947	0.47361508340947805	-0.7968529673990974
-0.241761575742555	0.26149533551123477	-0.4883147988640237
0.7872830434809195	0.48084572193517033	-0.37939811771396875
-0.11188680345916177	-0.8295927348163926	-0.541089776056711
-0.09420680269263774	-0.5419813372542511	-0.22974675670280903
-0.5271252087174876	-0.1087717857699439	0.8411895098513964
0.09484917642979565	-0.29195067609278214	0.2973353156136365
-0.3432974521368109	-0.06963524278053757	0.4922849548251571
-0.6726400386149896	-0.3193180265599258	-0.6634838030769871
0.11649377703367204	0.3291506062819144	-0.17079464136868255
-0.3203434798023881	-0.23567979391826352	-0.18259239866851487
-0.6333900648045493	-0.35825228249829316	-0.6609175595613908
0.8603676348584933	0.38088918553197504	0.3315135195054907
0.875628005455693	0.42214454971788284	-0.22424277480516105
-0.04210415865253303	0.5436634660254125	-0.24823376001217437
0.4083171455953036	-0.10580450439322536	0.2232253630023672
0.2938701299939331	0.3481068044981024	-0.2850431892190042
-0.3049052948572327	-0.4163230351707686	0.8538783761857343
-0.2160905915706885	-0.27921675635254606	0.3646846753344785
-0.5676796206679429	0.8197576326610563	-0.01037351625460095
-0.4514844431093194	0.7669851401444785	-0.01003189739509517
-0.36624968619948456	0.5187478837073214	-0.014719132832498445
-0.4724112938306709	-0.3594025710007117	0.18290787388043478
-0.846787136105694	0.40765514304915695	-0.33092580279124933
0.43459725749429406	0.5035494408925614	-0.38484268693847323
-0.6220022430935324	0.2641376852736402	-0.23405569348233865
-0.8086114627855586	0.5344709446107763	-0.2364389884825137
-0.9872593096868116	0.14359910450469274	0.04647084366044855
-0.5616841167458494	0.024476574168799094	0.012319713043446593
-0.008797206358277954	0.3697869033661516	-0.08800390118137245
-0.9742251980547836	0.13549214040636923	0.06067514211702987
0.8987412420196736	0.3387099561959533	-0.2682146921868095
0.46149309732995886	-0.006166525266929839	-0.20299235760860312
0.6215198485310657	0.15781459819317523	-0.5013811774080734
0.07504004623306443	0.12421226382622073	-0.671705051676334
-0.06873444816252061	-0.4833495132715556	-0.866144882986715
-0.0637033004659881	-0.2564013352673081	-0.37074480679041666
0.5753536333354026	0.3127428315448143	-0.3620245430170177
0.3637501563158663	0.8821662386154866	0.2914776668999095
-0.43335896660900153	-0.5402635800714494	0.7181688368282532
0.291948931402489	0.06985942037851453	0.364030159397217
-0.30342299345341855	-0.40649906289533344	0.3987265219084745
0.7371198360679744	0.011622001844590892	-0.36466768243094205
-0.26498219997290007	-0.3159150072743671	-0.27847500648086776
-0.31587200378722047	-0.1895056126325358	-0.924520379484564
-0.2764116849489249	-0.2448566605222989	-0.7234246805302442
0.3540313987780876	0.002228169364865781	-0.2274750833809089
-0.19510922858480295	-0.12688042711707287	-0.5687389190528345
0.2482457362872783	0.21361650471922153	-0.23033120919264138
0.9031301244754513	0.2513547681038183	0.17647563700554827
-0.44735362288355995	-0.4071303518738882	0.17633998153171757
-0.8717734465142309	-0.21141810260180113	0.43847237734967054
-0.5043576581868238	-0.17376440453940978	0.2303076287559593
-0.8658564878587157	-0.18945918570999623	0.404103964544911
-0.21501677613211118	-0.5657008117740696	0.7937220155138647
0.2472792215342761	-0.16862820394040257	0.35790240362834536
-0.16851637667211902	-0.39802122781089516	0.4198403388605884
0.5289518669211102	0.8420631027450592	0.09614610316044682
0.539207818110112	0.39702770974787677	0.029548953715237178
-0.9506955044384577	-0.020994315437116377	-0.25318412915222227
-0.3862495414797318	-0.10258006605700604	-0.09746613389330369
0.18487373716781696	0.325968194821794	-0.09739264798360314
0.694614717288993	-0.4993757206655949	0.2916898089204662
0.7540398389498737	-0.4939952394574842	-0.41797565706368583
0.7034233339295654	-0.4052494206575552	-0.3102668534936333
0.3966873470302119	-0.32599049375106093	-0.2345865555935496
0.6339548850476401	-0.1676082686831562	-0.2500297265660108
0.3904290891026466	-0.3771475942022391	-0.31007925335428044
0.6747120563291366	-0.4858435388038208	0.2835637280717174
0.03693178718076262	-0.16482514211267132	0.9820060606209172
0.4959729924240129	0.1780593680593758	0.5284863219823568
0.008955545170338254	-0.07900812704322586	0.5763977530206964
0.7161265887110868	0.1889010317239007	-0.02886713311496321
-0.7310959589536472	0.13027454207578693	-0.6627043146308944
0.4615350806336322	0.08617532609879938	-0.07759075612853025
-0.2561649978318746	-0.2697099365891243	-0.579394175271809
-0.9740242931910568	0.08878752811393235	-0.04751147712585204
-0.5025171437985038	0.05278422541324361	-0.423914033054161
0.4429757070498386	0.8179562300672841	0.36406838716671036
0.8564787636930485	0.5023325625336545	0.1012649881361916
0.7919356770053121	0.47260034231216846	0.08945690473728464
0.8106579956497314	0.45614997113699446	0.08792195142406037
0.46602733670926094	0.14122694807841937	0.007221439683373172
0.3387750067938597	0.16459713813272062	-0.08520612640688104
-0.41791788211820124	-0.3310387769203467	0.011629664851628342
-0.7987072093064721	-0.1584847830042608	0.5211563047897907
-0.5336779080283647	-0.15400917428724917	0.34618887204628607
-0.3248632592522018	-0.2776898630801623	-0.22789533724290517
-0.4298162811494338	-0.28120470312986473	0.055914461189528815
-0.23422758404029265	0.07550927932322334	0.9654063158512871
-0.19517318340552917	0.036308520156234626	0.6038617964392613
0.7286189341584696	0.6084901551749498	0.3091262285933084
0.6954768991718472	0.547789330789201	0.3014695569767788
0.4939678167192111	-0.34687061937411895	-0.2932641675690963
0.7314084781754371	-0.28068450709938586	-0.4053700180726732
0.818170068466289	0.009614067273041139	-0.5706368877182219
0.46609895536856166	-0.04324342889847972	-0.4058359778623324
0.7482094187504027	-0.013008757703581649	-0.5209513129969099
0.8028187473209843	0.007401419121784744	-0.542048205675539
0.8030911463920122	0.00763142739548131	-0.542322411851004
0.6588099168231144	-0.042464275907114025	-0.7477874287941999
0.3063387494516834	-0.05117122866175829	-0.4867404742338257
-0.20348763773466616	-0.463905742916311	0.8601678379045553
-0.13091772912180547	-0.2912973739560833	0.333223970217298
0.9016665272080013	0.3031982826398167	-0.10607285991541608
-0.5721449531532162	-0.6021902326108035	0.5521874467232842
-0.3490679563704857	-0.3911796325046078	0.24064574858706034
-0.853765288327596	-0.065931580006489	-0.39301119021914865
0.7241630276890041	-0.030241006153955197	0.16717892890163016
-0.3647745608972111	-0.21150402896382023	-0.12907822484899142
0.6673655673631809	0.7237571331271884	0.16934496188608894
0.6575323047819919	0.6742942458953372	0.15111678632544367
0.6268856046602769	-0.44264571728454605	0.26681191357273043
0.158782603695554	-0.8883520024868239	0.4198408128104004
0.46478166506673807	0.08595822687667962	-0.07309346529718029
0.09158862978458088	-0.6182226314424574	0.24506323272555408
-0.45395716536366415	-0.2709613183362615	-0.001971578609758509
0.6823316159834774	-0.1366992130368027	-0.5391456809153018
0.5125425768321992	-0.5368875199047165	0.6633829320815295
0.3495242104704477	-0.3977148506154854	0.45689999847805407
0.5991840086430096	0.18687652194518467	-0.007305820206675372
-0.3959200779500732	0.2758893321654136	0.35670929574039173
0.9022929107946789	0.21126402481745643	0.36863826004950545
-0.6832379771014601	0.11108025241896771	0.2870212520702121
-0.7443778126592695	0.6351427306068245	-0.1904120393078825
-0.7406242275165167	0.6133538013877892	-0.16671530612318794
-0.592299260645493	-0.2581184121249956	0.7351334134240038
-0.3776994887917087	-0.23680640884839896	0.3557311548304722
-0.8008158652004226	-0.1435684612207531	-0.5392423416467104
0.3377517555194665	-0.22268466934432993	0.3228908752212826
0.7320478334597059	0.6710169429455168	0.10970816186281022
0.7102253045872432	0.6207779781385162	0.1025873471732278
0.412748131015493	0.14799554129309608	-0.029824448197679248
0.11288750471273593	0.40969638034933076	-0.03283413436499491
-0.4133314772450034	0.25732378684374546	0.4086060211733107
-0.5335147841565002	0.19666128864362062	-0.30427927991302345
0.7148859512379904	-0.01615104490437632	0.15145228109010278
0.05090939918651225	0.3618253182127048	0.9227503646785679
0.03148487971258833	0.24636929165211172	0.6214261547546079
-0.6718131634304737	-0.5468155976647198	0.49098056038208215
-0.48116618220523566	-0.40198821237947	0.31646155615867755
0.4382941853107107	0.03273058323209469	-0.030579023949080658
-0.8100645313859673	-0.015471560775814516	-0.5423492358353907
-0.4936575136952245	-0.04740512104466331	-0.3379787799315832
0.06064980742666025	0.23402463230445675	-0.1225351350222053
0.9212924594972259	0.16257958862692357	0.34449838758823037
0.33178498193088346	0.1066370735469983	0.054674236918265
-0.38283341168904106	-0.2088002612609856	-0.16605161533462856
-0.7678759867014013	-0.15219024956666846	-0.5903771128229961
-0.2023936206605136	-0.5211710851999477	0.8267536750369511
-0.10559061405615787	-0.30571948496124196	0.46886380690322305
-0.9700602379029324	-0.18741199608040313	-0.002917971171109708
-0.43132075164568695	-0.18915618121916725	0.018986649013568987
-0.9628427337737735	-0.22476561027447461	0.0018805186310194646
-0.8305949964470779	-0.3461953002404185	-0.4037378715100134
0.2046684789494298	-0.1642592393902845	0.06710530401192981
0.6306288868785193	0.120221039834978	-0.10366889364878581
-0.061142797608948245	-0.4237155267031687	0.9006405571541066
0.7416188684527729	0.2034825604826219	0.6329739652855769
-0.2316928220803726	-0.8921103328359661	0.37938704595966016
0.43100045404314635	0.07866728724117873	0.027912185422214814
-0.19943425628141667	-0.6040063056469376	0.22319357579731022
0.689920891314645	0.0879432912594192	0.16591352325323158
0.24678007624799142	-0.909411768333725	-0.32189649137387355
0.09681790169798841	-0.5917089847781224	-0.18700748708101328
-0.8884910785433744	-0.4039829950335881	-0.165408436462802
-0.3583151626502523	-0.2785194044161539	-0.010892147570580475
-0.5998819335150541	-0.24158508400151038	0.7588958734792647
-0.45966950034458753	-0.19087949509854	0.5508440528037237
0.6715100183372769	0.696658757101096	0.24595293626555645
0.6612343645996794	0.6429123040645598	0.23530437108956426
0.9181742906509087	0.1742360847726393	-0.34665229996085173
0.8312773624428244	0.42842756221481726	-0.3475864943390937
-0.40966225957597024	-0.26981790724317295	-0.0634025129906258
0.6289493118296602	-0.45265929841650476	0.2590602349759609
-0.6408482138633484	0.7532110916404031	-0.11657445115167858
-0.19007887482549551	-0.9544329305306193	-0.21650368547944956
-0.06643636353561916	-0.9414218171134422	0.31728417525683333
-0.07662385957782925	-0.6966257523421044	0.19609971706465473
0.20989285546327519	-0.5515310962174724	0.1847112225983034
0.7609760687081877	0.5076244763576524	0.3984530640055145
0.7124511579559163	0.45911344142202143	0.37790977286562777
0.015581286917427642	0.36927788065264233	-0.8267318491207439
0.018217085277802168	0.3607390641851704	-0.8280458471898463
-0.05827313832906224	0.20290985214193985	-0.5742404709369076
0.8882179473811479	0.4483137530763479	0.07730524756168973
0.7372269560892071	0.34813491597363155	0.06820210190948892
0.6790340791835123	0.3247868582446691	0.05576031109169253
0.9325046833674446	0.3336357256774837	0.12379941009075145
0.552547167660644	0.8006281251443054	0.228485654861217
0.06905243649801052	0.2903580814789718	0.04645298241890898
-0.39112245449670296	-0.8652404013597541	0.3068853171094259
-0.27201680169129105	-0.6427605939384831	0.17726118618535486
0.6672715010208525	0.13891082660995488	0.004211930293687336
-0.7682354115152066	0.15053202964299342	0.5430989846166143
0.7062393577164964	0.06367299337022689	0.27086797043669875
-0.5213516490603598	0.056365517831367916	0.37496007192562847
-0.9705728950645368	-0.030809769918727158	-0.10757571237683272
-0.3380982628805947	0.14756222384622622	-0.5393236929827689
-0.47038742786740967	0.27788221580786077	-0.8186944278365778
0.6482018904771527	-0.2717265891066233	-0.7074327276025021
0.30088410901640733	-0.21702961048927494	-0.4372346503810084
0.6035657789143409	-0.49000164890805054	-0.6240752447839661
0.3382969310338443	-0.37536823606382075	-0.4134761538332987
0.3773338988562887	-0.35458069921489016	0.8528538803481245
0.17313159579498202	0.22005542407561485	0.2542415541838729
0.2729921524304221	-0.2631031605372077	0.5601152294924274
0.3120663724577125	-0.4364816999361187	-0.4544282976750403
0.6444919314761601	-0.2601072650958093	-0.46142393522228864
0.34570344683844995	-0.414008029116297	-0.3590065822566422
-0.4953107932594762	-0.4635953916061549	0.7293737418203814
-0.33047225471580527	-0.3006763373122812	0.32896372375489996
-0.8946484360459434	0.3060962869669754	-0.13503447388785414
-0.4334276295490439	0.04717699820858732	-0.05903616895887097
0.21897788384447808	0.6024925115319602	-0.7622980442074069
0.21961423507503094	0.5774483631091495	-0.7380137048864506
0.12100776707192037	0.3725709011269625	-0.518034243013813
-0.07679462799789591	-0.6648144770142017	0.7076205531220845
-0.07751819175408543	-0.48279333685849113	0.41737411639316263
-0.4364769812076432	-0.13103512134920167	-0.030705428514876933
-0.9755172270926907	-0.024509135951871385	-0.13317165128377123
0.6179104034357984	0.7069203094463261	0.3397950860439662
-0.15005734955553746	0.20943256854805906	-0.5429520505189727
0.7757282883428404	0.005730685645106856	0.03147093961063147
0.5619551469377146	0.7797280335550391	0.27321650318144247
0.6889556715341976	0.46310043727061134	0.16271921542560575
-0.04737372923231083	-0.030525970690468734	0.9934823348058271
-0.043625341865261985	-0.0019776909689383027	0.5728884599242009
0.024802576772971787	-0.09031221044341506	0.9388849303355197
0.6629447289848109	0.17632225284856465	0.3993331060615458
0.4859444911698612	0.8004023057143207	0.3473398464719076
0.07346605977486552	-0.16535866247101141	0.9807916295385949
0.02271147470666187	-0.11777391732418213	0.5841601936557403
0.6716844578467546	-0.48873354655081336	0.2974182232280856
0.697070441421563	-0.27127007428304795	-0.5145860687313706
0.5257045356688382	0.791994039718346	0.30638566705528264
0.4662288179975177	0.6288420702810388	0.22841180942974268
0.14520104339605927	0.4011662765707725	-0.5264799928377392
0.29102862608886665	0.36548267040192467	-0.3840037481995412
-0.034698226410013897	0.5497624013492171	-0.831196792541724
0.729680554284297	-0.42020701556266343	0.2267131435722191
-0.01605401926170898	0.3435366323746502	-0.5469543554344483
-0.9401232296556007	-0.0032773515303200196	-0.26388456719288056
0.05265504639702975	0.3663019492227428	-0.18424285365309506
0.6842281643399114	-0.03591029455786057	0.17552691778399443
-0.3505646769922833	-0.1523429319245077	-0.09128023851953634
0.05312203964070523	0.5170614150552445	-0.4351207033499906
-0.3935988894338264	-0.19946808767303062	-0.09356406477919177
0.17475609345252033	-0.8567002138759582	-0.4737427544499348
0.39557974704472904	-0.18199378826371973	-0.14401588736305587
0.6863855289424706	0.05245184268290938	0.33797095721277715
0.10674655238032107	-0.6077605631423154	-0.3142123855429871
0.8863196931144653	0.43087977003734496	-0.1562626890349754
-0.21635796045509773	0.4361059847708626	-0.8709317016126882
0.7300428522281665	0.02017699691174219	-0.005788344999127846
-0.14849895144204356	0.2806837931018076	-0.5774852031231851
0.358528512852736	0.9229409515793137	0.13208878361053458
0.6418852153432028	0.736543647570218	0.20827658649858344
0.4730666292645363	0.26538518987271376	0.28179010844426083
0.2237173453297916	0.004847647687866264	0.319893961128906
-0.14331812441750566	-0.43176418070462	0.8887099141958039
-0.4309096599390922	-0.26470640477048685	-0.07640405245127829
-0.9312234215215146	-0.2300976174037294	-0.24236806354129922
0.5246108437812653	0.8087815067410308	0.2650513718606696
-0.3779622132910758	-0.6662461408820239	-0.6217761660141126
-0.2857074325731063	-0.38280308472271835	-0.22749993856569195
-0.4301502718024324	-0.6383103144582932	-0.6153376876484217
-0.08071402567601292	-0.4766783712407847	0.8732595016579267
-0.681674820524008	0.7174678693852112	0.11261124259843648
-0.44964640396495986	0.45092339443755	0.07022657232170226
0.8974196729528356	0.3902526543274816	-0.19229690428178856
0.4090794332976586	0.10834274456405833	-0.048581447660315594
-0.07229106646963684	0.7508284400465454	-0.6477530268885359
-0.0816355681527796	0.4756211844132326	-0.42563218577315753
0.4905645959254919	0.8361217112133328	0.24324418070529036
0.12530402363521645	0.4752458605943094	0.0192514657965706
0.041543607317606514	0.30084890419935983	-0.19136190283202392
-0.43086784042986465	-0.26240687605758284	0.051067808572769456
0.63943942069659	0.21558448141025557	0.0890532606410597
0.023816298372421378	0.5095322282422785	0.09088872461836342
0.9458514415809891	0.03570638512675948	-0.3125071153192718
-0.9397695186816389	-0.19295669155728504	-0.24104727931817163
-0.8933612747192038	0.06159300761569829	0.351348548964172
-0.37955702184333745	-0.38416923145478615	-0.47476333558492934
0.26143294002954987	0.2035479885727527	-0.11701878380771767
-0.40047193196471886	-0.2692023702045637	-0.09802892098523218
0.7310495243271012	-0.03582180719110324	0.037781636592923905
0.5929565893204426	0.6834700365197462	0.4205369210713791
0.25163942074858	0.1666911322849898	0.31657760719498323
-0.5815146737298961	0.4746321537032752	-0.11962195107323284
0.16580052258273356	0.34893457005282874	-0.3290705152522009
-0.5456690230413793	-0.18230530886102922	0.7704931828039016
-0.35103430042136813	-0.1301542869997293	0.44454152407612435
0.7070066794705764	0.4683667956943158	-0.0498401881290063
0.7371252121693979	-0.20893219818399913	-0.3373710037878657
0.38744649404386544	-0.4474562808341992	-0.22981769801249102
-0.7719279950636381	-0.2682646211061359	-0.5452703132298734
-0.3948979994135192	-0.2211502675700715	-0.24166763812226993
-0.772986479156479	-0.2686104394791462	-0.5464450247598546
-0.40372202702488386	-0.33984726888672095	-0.8464037936355999
-0.26709998823257797	-0.24856908690788143	-0.47643510295566555
-0.05829862189700281	-0.7736342933538339	-0.6243698133101863
-0.0840166539249594	-0.5131188443073278	-0.3316891816857292
0.3992321243258873	-0.07271828877629394	-0.16947658097956247
0.7382555931716335	0.5069298472664941	-0.437290844824005
0.22404777793118624	0.23527422957719465	-0.245601421537133
0.059852110854669245	-0.3527312945403452	-0.5682653187385627
0.3366209141987451	0.36158622763682985	-0.6198969291650019
0.07119526467529635	-0.5353396197410728	-0.8074167895117174
0.7107923775374223	-0.05130945152518382	-0.4104757820447782
-0.46581039740107194	-0.6064624667062531	-0.622093971230786
-0.29225697919260657	-0.3589475434419358	-0.15716356773643284
-0.6097086215224309	0.6721536078253871	-0.41264846162010316
-0.42206379863260596	0.4490301760394909	-0.299934245242344
-0.2566151656523636	0.6797033876541592	-0.6804362123512998
-0.19089056852723651	0.41842282563970445	-0.4383829622808292
0.7131386347162745	-0.011917673341711097	0.03166872468905318
-0.0640015468863839	0.5872112865377651	-0.6249991780447837
-0.4605161092444751	0.36846845714958165	-0.7937137066859691
-0.36603761815613683	0.22115431252047565	-0.5587036611904252
0.1859327395846075	0.6000304277061187	-0.47222175896050395
0.643948037359515	0.7006815672947803	0.054535100677414516
-0.10094417059925595	-0.5849179526443826	0.8007665072182243
-0.0666233175192169	-0.40327248691723555	0.4325180858508596
0.3695576753759611	-0.22219245912188373	0.13167243935373302
-0.3072260762686991	-0.3621829591391731	-0.18736115652605076
0.3720164252297206	-0.46791208504720205	-0.2622213970687924
0.7389430277111915	-0.17153938997368548	-0.33842835204441496
-0.6764678199367723	0.39352574287294034	-0.619369983458407
-0.5219223281613588	-0.13101148507162688	-0.7966547407560256
-0.45057955296318836	0.23005730942513092	-0.46498526344415125
-0.337533507496001	-0.05747742350132543	0.9361810448628028
-0.21505285109410674	-0.05272158157859259	0.5508653953437654
-0.35635423115763504	-0.2126397821404185	-0.18313063870084603
0.6962623748035836	0.03783145291732103	0.09322436550776014
0.3696442036957002	0.05594205492903388	-0.1683772856027636
0.3327156054463014	0.9164755666793803	0.2122088301071034
0.6877793267574959	0.2028444135678281	0.03828856591192358
0.42773572074448984	0.8686025966409698	0.24527304856075946
0.08946158877602434	0.47529730188988406	-0.004669327978684198
0.6250386031513852	-0.04539825023342697	-0.7772420419020297
0.32284924379338015	-0.07525342868571007	-0.4966861397339934
0.3138801687770763	0.25635651282496097	-0.011764991997644896
0.38717755535252574	-0.617699767304556	0.31528299219147765
-0.6142052324392564	-0.7774213787199917	0.12092421662042484
-0.4221231029788783	-0.5634077896975853	0.0831654438257673
0.6933872527734772	-0.05891374179653539	-0.6052343933476946
-0.3421079089889695	0.8987780977171287	0.260294449160735
-0.24505151514614848	0.6152855022705099	0.1869112120474378
0.7476381047784457	0.16612107003060747	-0.33980062294449326
0.11290753358123799	-0.9125604012120911	0.23383099844513974
-0.281012449332538	-0.649524765872745	0.031189438028799314
-0.9444622397388077	-0.12070110023049525	-0.24499152971713903
-0.4415693326206827	-0.22546488325587044	-0.13238164185180776
-0.48770164516578707	-0.8527227001843573	0.15898048614311214
-0.36949573952445447	-0.6166826078485	0.10723116296829571
-0.828832018937665	0.1610822697538306	-0.5311130536082862
-0.3983563639800488	-0.014388484201246981	-0.21300942464669134
0.4895750829420141	0.8690804291452849	0.05940012888792647
0.10882543616619363	0.3693053708247242	-0.03639074726205834
0.7501379609380252	0.5926680041495642	0.28989696054742214
0.7318799265537442	0.5919548147551719	0.17710051592099157
0.5005397783523028	-0.23483612579390153	-0.2656763409374236
0.7761926077830962	-0.24872424702675514	-0.37981538606825554
0.8016493055997808	-0.16694562441640998	-0.22306816443140032
0.9560850516335588	0.2760995971733604	-0.07330308771861206
0.42354964771085113	0.2290894871898243	-0.04005690856919576
-0.6940303759408034	0.4266575870419418	-0.5736634475132553
-0.43593254232115375	0.23265509119268715	-0.34754065293899683
0.7984791993582696	-0.13810212994436222	-0.5818818194184793
0.42462414643276813	-0.1516633399435513	-0.3542602640254105
0.4192317504916303	-0.3369032065140004	0.07568945978109079
-0.3193309519334115	-0.32831779395020555	-0.3247622426706371
0.7672242809897953	0.6317951310686208	0.09885094466765491
0.7376739095412873	0.5772722532166656	0.09248841769806893
-0.3533374745459539	-0.8493514515388978	-0.29099904919669256
0.7055587627468771	-0.1577803777067512	0.12138847986628666
-0.2704435565222057	-0.6590605503913656	-0.19175025643618054
0.15681262700772922	-0.22197226892105693	0.9595197524032028
0.511354857706796	0.12748993617217166	0.5101254211731815
0.0921941557386355	-0.15252059452462305	0.5669035943246884
0.8702395918222726	0.33369485467206805	-0.35424544946762054
-0.695010497569837	-0.13192322662593434	0.6723276734069598
0.48956247500958644	0.853129553133466	0.1739907651900452
0.5080265565116192	0.7416221763871654	0.03990485894359243
0.4163036849922044	0.6704648091669053	0.10492891729103782
0.7134552306873242	-0.23780856149680318	0.5113583938682804
-0.5776871986508837	0.7691310434664805	-0.26251581659016476
-0.3894472833284284	0.5228103487529077	-0.1679581863424507
0.7073670155261128	0.7037962160984345	-0.010263611548511345
0.6842991707480442	0.6583194111829673	-0.010497223871132699
-0.046955937196741196	-0.47811271508782244	0.4696293450643687
0.7038908997179482	-0.6964057161084181	-0.06153522603131832
0.41200827466711626	-0.49036744693762246	-0.012722115120080313
0.577885877144711	-0.6122451865416493	-0.22203321663924097
-0.020080753341368662	-0.6833374804473357	-0.7260988755278686
0.7386185062930926	-0.034898228506761844	-0.3571268225732382
-0.03299669251671139	-0.4447717274438461	-0.3726493697229667
-0.969581228207092	-0.010106718834396452	0.13233405547931879
-0.5024028700477995	-0.08026507936739234	0.0703651022254408
0.40153428461015933	-0.7117816235004067	-0.48771251993070663
0.6782125807818782	0.7124704711203477	-0.1628982318587812
-0.3585011959812145	0.17992557338681153	-0.59524519755479
0.9446674408480434	0.1801894295070853	-0.2649088772516952
-0.5228445196171405	-0.48623088566812683	-0.0015426998498247494
0.6998723994343664	0.16770150159671257	-0.2499270638188955
0.2854422944877069	-0.5900092679591233	0.1659422098637874
0.9245943721699561	0.3744554181175108	0.025178309001071132
-0.2860885036793273	-0.6843253733702186	0.6672760083645564
-0.21066934535782256	-0.5001355808194086	0.42324953877221155
0.8522139442855685	-0.40537804375446396	0.3199542371541777
0.6151530917716211	0.7838337635641102	-0.06988459513546107
0.526762399581384	0.4480398037065347	-0.16096302453430625
0.5930673556748062	0.20877007156379482	-0.6373000957486923
0.4345648788406472	0.8491147184475427	0.2957374071426702
-0.419815314490846	-0.18231406320972188	-0.07442616157639056
0.6578734222144567	0.7478084628780124	0.06951094629550097
0.634284160824968	0.6392302193516304	-0.4265804877884558
0.9037809511185961	0.2650215753457688	-0.32704913470385544
0.06510802147840243	-0.5230853704378027	-0.38751921308054604
0.7466519461516952	-0.08825567250899681	-0.3054668249593634
-0.5229608923974841	0.04044218943065866	-0.8446499917720312
0.3050221207200288	0.09691395664212696	-0.2952059861978816
0.44339118889540025	-0.17031095375787006	0.06686529557910638
-0.4531071989321146	0.8251317065434555	0.19921380821374302
0.524950118888276	0.8405561235648199	0.12810925593620662
-0.8804619625222987	-0.46562212705232486	0.057651070970075644
-0.8790736790692358	-0.4430538780144199	0.07185941446660757
-0.4448377847732208	-0.3065934910335038	0.018250739614554576
0.2918385496140972	-0.35393601038318734	0.8862872154200808
0.19726149963477183	-0.24243078863748013	0.5794200696699071
-0.5369042196396294	0.7605863149202662	-0.3551298956533678
-0.35771817871182804	0.4698780273016152	-0.2443165106386316
-0.5323971152388426	0.6058917628191413	0.586146390778435
-0.3593646412227392	0.4024386522572839	0.4123292801610839
0.6821178097331924	0.04833698447753287	0.33071099774972623
0.33582166664575963	0.19391884303696968	0.016097480173864226
-0.1112325291324677	-0.6151162801412531	-0.254995528833552
0.7202903085624035	-0.06834547002878191	-0.6876251863314636
0.37651904140893205	-0.07023850416635355	-0.4357091000657442
0.6579990597108433	0.7440187089870842	-0.09367308377527815
0.6708564198227103	-0.4852712918299266	0.2821037467423904
0.9434883072431326	0.24382368942525373	-0.21329055667385902
0.7195831217447045	0.6699574943813837	0.17603530623934294
0.6605058967328468	0.4869807732195904	0.0908250444140384
-0.14411772756591706	-0.11715536389269587	-0.9759179549500395
-0.12243049379769849	-0.09617711353286093	-0.6876125331032986
0.7867717294874197	-0.06315578195835089	0.007287383251971394
-0.9227879851270864	-0.3407140675321255	-0.09550462162051818
-0.4379056400081527	-0.24894039617462146	-0.059804963583159024
0.44388857761305395	0.8584738709793448	0.25337296543580373
0.2648125564920843	-0.013971213905835271	0.3381598914554398
0.5233653953902817	0.8123099397546757	0.2552464104402158
0.49841223242007276	0.35555078530816653	0.107338790543936
-0.17388902561626401	-0.23606651305373932	0.02757047110062365
-0.45636083976204733	0.8632906067349778	0.20382021536731162
0.6545907566768289	0.08167144459036349	0.28795570478874777
-0.4543110256315824	0.8503179147789481	0.20528459858580736
-0.281753387696065	0.5550278892485796	0.145807348702813
0.35718130915894014	-0.6811223953903727	-0.5690611931828087
0.19867828466457332	-0.47399478026761516	-0.30781171360444504
0.5351349723610606	0.3806020338662865	0.12072779297627363
-0.685359234155758	-0.5931378662251413	-0.38551189845101547
-0.42607765215929244	-0.3888898884829559	-0.17935227549306695
-0.7910779780642473	-0.427707767186148	-0.3934659263989696
-0.7894105018823355	0.606554332830046	-0.030062975041013854
-0.577459232611771	0.43104697126957364	-0.02073210927369516
0.23664063888494158	-0.4585945389549945	0.8526683531248698
0.7477329270694498	0.0074518492883272345	-0.2368729730693137
0.16799247778745305	-0.34837068990397724	0.5978444777485901
-0.48125509039891995	-0.4232334233606412	-0.02967397040573159
0.9517520113401937	0.28168678243427114	0.10550563510432102
0.6232126513022073	0.15913518162546764	-0.029747181341338805
-0.5289025439142554	-0.551477784976749	0.06084940553835044
0.8098531398032686	0.5748607776613569	0.10402089871218878
-0.852721772575555	-0.48294478647702477	0.1849865917754237
0.08945642975177405	-0.9331646402760481	0.08951968679161047
-0.5219751423831608	-0.37336986370885383	0.11287165161748616
-0.4445633245640527	-0.32763982523219676	-0.031638316425754806
0.9254781501348671	0.21714800970105416	0.08242593754990322
-0.48458824702941095	-0.11898700430053	0.8626754602131921
0.6569779354768791	0.20351406232822916	0.06995809295952185
0.8007102796771057	0.5206232082623845	-0.2872463170754271
-0.32879711612198415	-0.669754699614645	-0.6457288062440633
-0.21665598418841372	-0.3006673009752013	-0.15446479960843046
0.2518192749340822	0.2238098010557823	-0.07182035120568617
-0.2293846966825127	-0.7829887530731805	-0.5755670531603471
-0.1678420214551422	-0.4320873794725716	-0.2804446870755669
-0.5944082839728586	0.21166852344273834	0.7701884840017523
0.07932613972031832	0.019639503823424987	0.5588107653790613
-0.3967056197420671	0.1373240194721302	0.5254497377023452
0.035745313511003664	-0.3748885076997563	-0.5003278432875449
0.3128432601520472	-0.06295728741985224	-0.31474625041077614
0.7298239543144518	0.039816762632098046	-0.17875273367335612
0.7675230829599846	-0.021267203641958107	-0.10837132383559875
0.7405243722306087	0.06934107396430667	-0.20317233180743333
-0.4946973409679477	-0.29331717926762374	-0.8148233611887918
-0.9359680843288671	0.2187876908541577	0.18590988667232888
-0.5941565725263275	0.11412975109582825	0.14487979809633417
0.27200201726223805	0.3061782964891866	-0.24781595258675074
0.9233898281431062	0.306948355157005	-0.22061391087240204
0.25826624688969224	-0.5811369233532004	0.3041329275931486
0.7156634846227085	0.08764996393153951	0.1381613773012872
0.7344927044280719	0.6722333862776644	-0.07345559500042817
0.6184616150877359	0.3973385242816205	0.006230619812458222
0.45551499391562933	0.18914357001488938	-0.08219921116742374
0.6670717583999721	-0.11566982934619363	-0.6079612755558785
0.6334106529397213	0.2012949685105545	-0.017491341120511514
0.14903945722819792	-0.5367401170655314	0.8278366471103495
-0.09550365712043792	0.6022656100913327	-0.07964552118737556
0.06267243988416313	-0.3783857459514663	0.49666378788707527
-0.3517868585033539	-0.6099935397442621	0.7067116853808433
-0.26867180860828077	-0.3990203283983474	0.26625482812179446
0.09147052192431371	-0.7162363620980905	0.6866774279191769
0.0495874786268964	-0.512669809556598	0.4387577010884724
-0.24984093148944247	-0.41465932551334167	0.873109812139244
-0.16203440801150026	-0.289780528934954	0.36499514084858303
0.25461200010154805	0.016652705325724142	-0.959697636203633
0.1430146859101295	0.002925289366475517	-0.6568495420448303
0.3647532848590713	0.2937820022826456	-0.05050793380264935
-0.3127630584505495	-0.38662734221627465	-0.21161277896262853
0.6771545807142837	-0.12699752483293994	0.11818688355321985
0.050912157240845315	0.42072816876095787	-0.6988432073375362
-0.26128475011571506	0.21093944973052892	-0.5138202642889818
0.3341322972620173	0.5064668707272301	-0.4511969334672947
0.749442767893758	0.6319710844919503	0.19128611371673362
0.3694550353477862	-0.44669893435030267	-0.20712578400810494
0.7147957966834878	-0.28075108315202635	-0.3011614363779139
-0.5706363382331737	0.025008372511285796	-0.42390234639647695
0.2479640704490875	0.46587458461002074	-0.5898368471269902
-0.37885817068266725	-0.3717752015347223	-0.5357147063028894
-0.3858371026473356	-0.24840480762372366	-0.20715395619311072
-0.7578125633442042	0.6073640451690712	0.22557345888434896
-0.547570689086118	0.43219851212090604	0.16456873521871263
0.9878746099532727	0.002684736403449318	-0.1290268966903389
-0.476716175190347	-0.5720342748744378	-0.21596519161808259
0.6941488571871609	-0.17156853465848182	0.06307458557628123
0.5052819404767517	0.836015667750201	0.20826628227316946
-0.4232092852831399	-0.25472505616925295	-0.13120270842026233
0.025227219658421236	-0.5948170530643708	0.37473097778265485
-0.9397435986409131	0.143499083902069	0.1986551413974485
-0.6357256542573946	0.05313235396384461	0.13334557649096587
0.9541921515364284	-0.12468300086504124	-0.25746816045037546
-0.5028479860578292	-0.17709142645805717	0.19666525052423467
-0.23041798092647967	-0.7825580430233424	0.5729729945110589
0.25350180932635535	0.05759972694357417	0.2909891699366669
-0.1831664945085235	-0.5607649910650526	0.330635440808838
-0.08555673711295551	-0.6840805969957447	-0.12094991832882705
0.6911669096541346	0.6985141632715601	0.18034869977003887
0.929787737242817	0.18266373587373624	0.010281619826872406
0.845489492689819	-0.12221805923153438	-0.5132768522323035
0.45425034356010663	-0.14543738819463148	-0.2991850729076641
0.7961575381095347	-0.10492998631964347	-0.46057419907671376
0.4553054644100937	0.8661042402801057	0.2020840965846277
0.38713341426536485	0.7157042070647625	0.13652351962131662
-0.16695194892539392	0.2753554724059655	-0.4894694121768425
0.8261905765003345	0.5053217355766044	-0.23941404472787958
-0.19972060933745397	-0.6312047380932181	0.746246786240673
-0.1543343641470056	-0.4015345084548782	0.38771590705889514
-0.804488213165	0.47916789068906535	0.33610720920570747
-0.5572124335342494	0.29779626132634796	0.2378889664692735
0.7390649053751783	0.5802813897857649	-0.021363610477687305
-0.40207984421783743	-0.091672333735181	-0.5591815196128551
0.5984858236748275	0.295017724715615	-0.3970251376968416
0.7008267543653519	0.06098673997898816	-0.7073626223350311
0.4090846401346099	-0.00897196138755885	-0.49402344665634923
-0.27119466566329903	-0.2831388886576087	0.9159677247843308
0.8761756061029297	0.45549323123739094	-0.14540249221592075
0.7225143738977347	0.013340330637204502	0.17285471782862566
0.9261728593963033	0.21457587471308992	-0.05243325049967153
0.5054418861517442	0.8509901165447721	0.13437712340959743
0.9102835168633463	0.29936145264498193	-0.27828980588266256
0.3535916401215456	0.1343051830536565	-0.18375931411994223
-0.3779037351278383	-0.2534665617834664	-0.8860976784122313
-0.25065601964316275	-0.1599453389317557	-0.5567720778424236
-0.46373549833611294	-0.8394886741208234	-0.020776634408351927
0.3364869267757389	0.059403821813450546	0.9353230752619526
-0.4031267486271396	-0.1896823326930329	-0.027234813346582624
-0.891719238760148	0.32042308957238363	-0.3140072285414665
-0.8814701378671552	0.29962077432150014	-0.3052546601269053
0.7311837405970508	0.029612762494551005	0.18837168489227274
-0.5037435521401212	0.07784966864487772	-0.18853365127686608
0.9171243218216018	0.3848956621947032	0.08776335941416978
-0.9706990537398505	0.14727989471075306	-0.05954438902102772
-0.3984416151616044	-0.1466047590336536	-0.03943473403770108
-0.0014914218175982202	0.04654533735470736	0.9950320665735405
0.008008044315283066	0.03750072651615027	0.6531768391676803
-0.504958182864533	-0.23823171870325843	-0.0766058858383453
0.6562938781932193	0.20521725418318193	0.007983636684358315
-0.4537023267781912	0.2605996869451533	0.32643054115014414
0.7078965948484145	0.6995277720343535	0.07141906427202392
0.6844412866293342	0.6461986372408465	0.061752875613994965
-0.45528608539233506	-0.28959175799102677	0.03699206620244412
0.5499784635211761	0.8302149092823952	0.07890336231408457
0.6731605379958996	0.5497898528305241	-0.08733018159542971
0.7666804422324018	0.637938561917619	-0.00557778590751114
-0.20013878489509432	-0.1166890613420758	0.9702042650885762
-0.12467079436750764	-0.06114526137350051	0.5164526961336737
0.49805163059461577	0.8598178969038365	-0.08742368863511137
-0.05780535789051864	-0.6383915331240966	-0.1691838170062847
0.6411272839015196	0.67885467346674	0.3528269445872407
-0.09235650239271402	0.9181091011351264	-0.3720050490095216
-0.06315047694952756	0.6349263970472091	-0.2628177197537719
0.67755141654607	0.19526757251670088	-0.3979093870499484
0.8272713524177956	-0.012129747627750896	-0.5585991405037215
0.45590680881720563	-0.04852612809201913	-0.3878474468381042
0.916533291538657	0.241434783430218	0.07310604191624769
0.68692375453606	0.7088737961288402	0.1550280472379633
0.6821652222626189	0.6672541716529091	0.1336138174474305
-0.4100893277852188	-0.2789305109405255	0.11883705267977415
-0.2068108783173057	-0.857232111903786	0.4662965999863894
-0.18721527959345813	-0.6030757046997394	0.29343433715476663
0.5460483755823148	0.6682747320075058	-0.4978061441790915
0.7011193261233154	0.70582592614927	-0.079327076037089
0.673545195308746	0.6452513978359776	-0.08621730519459728
0.8750603463171224	0.23453105555933737	-0.41559482681309284
-0.1152038625491791	-0.5571525976647531	0.8204947812256312
-0.09876595866501882	-0.3762061633453369	0.3999371953679596
0.02214666821551347	-0.6622116795131365	0.04146554980140221
0.42216975857471206	0.8381341389894471	0.3365073673194525
0.7053247324844338	0.34252424358887784	0.17697126605200947
0.37281007064430327	0.6471014995807904	0.22062050807755307
0.4962273413203781	0.5479890001127582	0.28612218917762505
-0.5549510296243942	-0.8214597417981941	0.06140521608247057
-0.41438448029775343	-0.6027587665168798	0.012285380802552258
0.6602105444572764	0.11734969704540915	-0.10071841191827309
-0.6798737196868601	0.01920134891796013	0.270376042772087
0.5535533161973152	-0.7478019737008539	-0.26049667263859283
0.30029575060005703	0.12446692628620956	-0.4981280539648404
-0.40746446320739294	0.037441538279134545	-0.14316197663932392
-0.3084543206899022	-0.6702208597215772	-0.6730799322470891
-0.20898833913421136	-0.3527151090662121	-0.2919551813405263
-0.47119391758879775	-0.27889454854585316	0.833613149685945
-0.32514524703946623	-0.20029105818508883	0.41583135574475033
-0.4707473007838416	-0.21127943649367553	0.004035591051474937
0.6684725383168493	-0.13623436978821857	-0.39450263139408787
-0.398066280297925	-0.6328263295502314	-0.026434022011259762
0.08055233936880543	-0.7363110808523677	0.16215196441923843
0.7607459743825062	-0.05437860626394194	-0.2576509668580539
0.5132110756532026	0.054568362809780245	-0.023925287760310155
0.7034328142298181	0.055362303609294145	-0.330099871220557
-0.35956952443082013	-0.1996672419230601	-0.0007645768284067093
0.3563232368902222	-0.4716545217193899	-0.16405624331791374
-0.4445182950817519	-0.11354773395938794	-0.04727722480677453
-0.5468902040220218	0.022063305457311576	0.036014619212034124
0.9117675957612856	0.4048789700054706	-0.011212301764196077
0.6520433057539959	0.2257809168875829	-0.032106983864711974
-0.6386866557199326	-0.6695105847153716	0.3741509943994909
0.39059117767368784	0.10949062772259249	0.10275342305538344
-0.4290249566956583	-0.48964688807982454	0.21376969071250873
0.9023156297822345	0.23999071620248208	0.18483166090792882
0.9506859212572438	0.24271107622337632	-0.1812866391540461
-0.09092541905834053	-0.3520344752984487	0.9281793999267766
-0.09081612339445601	-0.2553618639093717	0.4748487899301438
0.9894586246015263	0.12902051155551916	-0.0018147634972052727
0.5454826566913267	0.8168675424932228	0.18314624647962796
0.5191255389961043	0.46791272779423526	0.022809007092903656
-0.6507160475117468	0.5150434581738246	-0.5507280058570132
-0.446358575942547	0.34216606310596054	-0.4042077107211095
-0.38916822842860604	0.2515904905134381	-0.43403000635511896
0.24244526925307117	0.6068563143248955	-0.392552954107097
-0.22450248743238022	-0.0942954231975869	0.9685392720060326
-0.10875701329085344	-0.026405653823767947	0.5566249958628269
0.5967541414296448	0.1134624444406798	-0.7888716862320275
0.33810582411226664	0.07307226952260182	-0.5296654281358019
0.4675409646509158	0.19756812231244508	-0.37906682912330614
-0.890134451606206	-0.4095618105319737	0.09895036235166309
-0.456091791879861	-0.28283842703730444	-0.027775961385446985
-0.531787041634476	-0.35226106052415623	0.006483239505347749
-0.4845369901370021	0.8545785357553665	-0.16744456547435912
-0.3438104201760103	0.5908208964396442	-0.11384245521394579
-0.35972938072833766	-0.551272307142485	0.748740935182376
-0.2586531651034252	-0.3625407758214165	0.3663905499283391
0.5339010187733978	0.7316557767579615	-0.4146582867760725
0.3796064647090825	0.8915103646783511	0.23790246825286124
0.9682000923226589	0.24197730729848552	-0.013348674086507202
0.13015960011444705	-0.3397225325930623	0.9288756289743713
0.0531256277692902	-0.21410449286506952	0.5278945478555537
0.042040192256587804	-0.9079314292311038	0.4075829257764221
-0.011571326822751825	-0.6346263480476013	0.2582552134385794
0.8034079542569625	0.565307354429765	-0.16908421899041481
0.5917773351442395	0.7819130240028649	0.19284762773975767
-0.14251980143874055	-0.593309660917166	-0.7884685912461254
-0.08416259792098718	-0.3136617939073848	-0.37973557769612687
-0.5249687876138852	-0.014729679485287814	-0.05556772530145036
0.9154694913615568	0.3598337094521236	-0.16890265534426932
0.7725858615300274	0.45228204018712526	-0.43905090034565886
-0.47389589256923725	-0.34261770169053857	-0.12497973947263256
0.7094286613260142	0.5692428692492189	-0.40816480064384614
-0.611921145026701	0.24965326453667497	0.03725596724831395
0.6734841113201648	-0.17076153171319608	-0.7168527920073596
0.2838210996658418	-0.15508272208748475	-0.42180031999554235
0.9088709743619223	0.35006690603998875	0.2161723845773788
0.8891349018143049	0.4514535814368841	-0.04011567405231168
0.9762957735829716	0.15631120525465875	0.12866494490588687
0.9237618434472382	0.30741884352872584	0.2180072221551756
0.2877014386050247	-0.516555255107708	-0.3221387710333345
0.7058732777465412	-0.14266690752595376	-0.36890635446241254
0.7638812304772528	-0.012682530632566094	0.20830898580371401
-0.5406800088552679	0.07820154347263629	0.0243261472511991
-0.5259538516391818	0.8220545209317334	-0.20443236939794204
-0.3362143120851175	0.5667671998312827	-0.14814933643745554
0.707854448059602	0.5959144755592288	-0.3688185618040783
-0.7815897181894331	0.06866372281903652	0.6173040428612252
-0.5031045295403441	0.012475583373279083	0.37822364270027237
0.8512481839998113	0.427397449982096	-0.29629856697986345
0.7306636069824379	-0.34062747500701	-0.5855768858976889
0.37986203308654526	-0.2446832226614288	-0.3800051585537569
0.9906939778700171	0.10467819717366135	0.04727600193638373
-0.6990683764138983	-0.16084021305959773	0.6925544470373397
0.52834446521061	0.1016443746650582	0.039573987889811896
-0.48767842366299563	-0.13621781849147363	0.4067175862271645
0.20402859660404643	-0.4960520148058827	-0.3865577374181965
0.7082496342651845	-0.11968060178698586	-0.6943862547826669
0.3590011348773849	-0.12079499992463703	-0.449488843141652
0.9905185974890027	0.07693985730856295	0.09014588721052252
0.8853582954445796	0.30164384964324287	0.34297057564328653
-0.47857390283206636	-0.8020650318643131	0.34459824408178297
-0.3572079165920985	-0.596714174438533	0.22939519903795652
0.7040208075284755	0.1351942315032043	-0.04868239488671706
0.8014722552919786	0.48408404626799506	-0.3429999593168672
0.5555536801887249	0.816991685315867	-0.14036148075514698
-0.3283132974137334	0.6013513928892557	0.15707575896309456
0.887685524366685	0.35377030523783853	-0.07860934506764379
0.7758676819994762	0.14933162919134524	0.6075491604310419
0.3253948096836893	-0.2846485621044272	-0.4370639322049433
-0.04240413151660054	-0.8688722222732557	0.4865623704197524
-0.08752201977967387	-0.6210606047137252	0.2812159246899726
0.3310243921833427	-0.03961582130212768	0.3202830941850585
0.9738121277255279	0.10695827788792062	-0.18682360964168263
0.6267619711375034	0.6707057621621524	0.3928418108685472
0.6922482718617827	0.5195675792241216	-0.4923749600174278
0.9807744979773975	0.12879179362431345	-0.12832892370823965
0.8402595469742931	0.5356583052809024	0.05727301322835398
0.3244129594084006	0.9426136355538298	0.036141655465410094
0.9867799348056804	0.0790336518290257	-0.12382761112556795
0.5469393576228699	-0.65873377791777	-0.23385433337913725
0.9889250288111758	0.1200290426719115	-0.05072012440674749
-0.6381302024484322	-0.20651275937296468	0.33015814940588756
0.9503301833081159	0.2758384216840712	0.12673597057602665
-0.4084928980723255	-0.29530089261403214	-0.17682065115038373
0.8734137853345006	0.4643830517374845	0.13414953240150512
0.9445454711598309	0.263613358870188	-0.18188612302186866
0.8043560791682185	0.42559470526000415	-0.40909364620760086
-0.50080538260014	0.10258393207184542	0.8551196829367267
-0.31003525021992545	0.028562481385728086	0.5119846084789754
0.922361475719214	0.37334150819340645	0.070730619532116
0.6816075971242929	0.631758797244596	0.36507610214111635
0.95950153792135	0.14708193418886595	-0.2290200298988668
0.31337989923153287	-0.5297770140692114	-0.16853229665809114
-0.42591578578807693	-0.14560631015934666	-0.0016987122986040462
0.9219298806812487	0.14287658476054332	0.15095673282536134
0.8570561756451496	0.09424466780580464	0.4992508987615627
0.8228865535130873	0.12086098459575988	0.5474824422961382
0.7226589331652762	-0.03183551544587409	-0.6877062551137885
0.34518502087836783	-0.05857985675881482	-0.4217468096770497
0.573980367848437	0.8164997636043393	-0.03972781940465089
0.9042971909815991	0.31960412569832636	-0.03197795190647825
0.9141435093345237	0.23923952498494738	-0.07304476226326158
0.9605037483194737	0.2642873417694987	0.05377066903845718
0.5351731597067046	0.30193423994186813	-0.7794825474884537
0.695266838364958	0.64973004985166	0.3031462009080547
0.982229300706223	0.1541656589216243	-0.07502620133004884
0.8519341777276722	0.5119235440931483	-0.08871413026413126
0.8966988119278351	0.327452334834363	0.28928548487641886
0.9024006359668779	0.42470482718627267	-0.031520019457760874
0.5357423976585887	0.12047101644079453	-0.8283499683424344
0.7209671570047808	0.27944737736529723	0.6296426629661426
